18705
33006
24584
50152
48763
33239
65376
13015
96177
96293
70886
23352
36115
51311
16015
64304
34860
50606
52482
27186
38042
20161
35255
78658
3428
40610
56717
23215
93888
86478
75062
41547
5481
90513
45305
65765
25501
35050
87630
72857
13312
81746
27798
38332
63153
27424
62447
12371
46848
62451
36683
40715
75166
7740
1899
22201
90075
3371
86854
84338
50668
23364
56349
25388
11424
1461
52144
58788
42981
94461
61506
88647
43461
31245
68579
26769
89681
70425
49985
33868
86050
36601
32318
58422
2159
94477
90567
85356
82123
51909
24332
67119
45935
7144
24005
36164
86107
73185
53848
67379
48402
92659
88176
11798
67474
35677
95507
33061
46293
56768
38050
20874
13276
29189
68934
33933
3579
8630
7472
79975
25411
962
19697
15790
55388
38210
33551
34609
67998
88267
17127
19267
16390
57685
87242
73764
29241
28290
94713
37524
73637
21118
21196
47631
32323
70382
88645
59320
4041
53291
78379
95533
82976
95522
68882
36560
90983
14016
95695
59246
15579
85083
54134
87326
4985
52554
63726
77300
73546
69838
59854
37297
76726
72358
62487
59872
76334
85708
75572
47123
85240
74944
86835
98914
16664
74773
18641
54441
39719
56463
41634
94249
82989
5019
14204
98103
42530
67445
21523
12783
70811
56498
73487
70892
45347
71330
94672
89554
46616
50759
246
95252
61049
23569
54698
97975
74614
50649
90792
99462
75590
7462
97911
88423
93980
50262
80382
25708
91802
43380
22574
1341
85448
8932
29226
35289
9680
36312
73600
3453
92982
17315
70630
50357
89352
68013
31602
63225
53813
90020
21959
55192
86976
38049
72097
89158
41493
73599
1971
76826
91093
58184
99721
96189
18749
37159
41697
83356
5906
67214
40369
96072
27400
83770
76612
10514
89140
15165
342
69094
31940
8393
61149
61127
40291
43500
18629
63878
2892
63902
68145
74163
24578
44909
83232
17874
37739
70497
36390
96706
89460
90203
5755
59457
85899
93305
89995
59448
25917
13963
78745
25857
38841
77205
16993
95939
58154
71390
25420
31144
27113
57993
28162
22861
54064
11731
68747
30423
68332
79055
33708
14883
24570
49726
63612
83452
11531
54701
37885
64976
52765
97568
68362
81958
11810
45474
27366
72560
16758
16682
51489
47744
37570
97182
87968
51891
83240
41631
87702
12819
82950
64211
10550
9375
36138
59454
25839
27534
65599
84645
84982
27292
10383
68395
60575
39415
76902
3001
34326
72963
18909
3212
62813
4902
76925
66790
76399
17008
74903
53968
17529
89669
29887
27173
19890
86423
92563
6403
17816
70875
84174
68530
28693
50272
96044
15418
48619
49462
72423
2918
612
86218
64638
60320
72783
34225
82375
14947
69599
57720
39810
16424
92007
94885
72100
53683
76415
66570
4932
34061
66244
29872
33592
64673
86114
49316
39215
89292
64984
33171
40346
60936
91874
97618
11925
1529
72127
82960
87970
28435
9705
63977
80626
94044
54775
23380
6597
96010
31782
21622
29050
88460
88788
87285
13523
86272
45183
12077
82904
39237
69690
39500
41030
55732
99545
10190
98942
53653
14755
43212
48993
61611
58164
78269
55903
98156
7147
97822
6858
50215
12314
38337
11854
75240
22160
14980
78967
35456
79616
61217
8564
37414
16150
84635
74062
56293
17131
23643
70477
22561
95492
88800
31435
25032
52637
26562
18907
83629
29878
50908
52548
41291
75915
71741
11477
81592
75505
59238
67380
74444
87527
72173
83765
53786
4356
10180
5816
13478
38131
3625
43032
20252
64975
80447
23044
42068
19268
2962
55146
12059
42406
18033
20793
53710
91449
31291
88182
70987
11734
91086
2082
88794
94450
23804
53741
23785
64541
83664
53645
68553
84805
52719
23770
57931
87776
61695
32546
69639
9506
75607
27373
18552
1945
82029
32382
27007
46300
28477
16994
66363
87931
77542
74721
81215
88481
80180
20052
47971
93207
87645
51924
25625
21769
49165
70969
58435
81638
14283
3140
97881
87723
80585
33935
7607
70826
46996
36162
561
67610
89723
26895
94996
79261
50604
13107
20626
63353
67676
19699
72692
28462
49663
65273
77371
24699
38052
59443
45072
16516
77849
97789
59944
43238
96726
70386
69589
30578
18213
6035
57613
4448
47153
53369
90189
81670
34332
62892
43582
19406
67729
10982
90206
17602
63212
28321
95234
38856
30093
83991
25460
72217
26087
71806
79458
93129
50588
53254
79079
45695
83911
1802
40671
98747
55232
33183
8
51652
4820
5209
91055
79605
75487
92859
24927
11142
35025
61080
11495
31270
71090
63032
81108
1303
51870
20912
17146
69030
50824
29653
3041
70190
65350
69666
93881
59248
43146
17807
53660
86058
99491
70200
49830
78961
93641
84964
75213
68995
41928
42646
15881
43211
10301
40075
56736
65275
2340
66890
84103
62609
42536
62522
89536
43780
68642
56980
63843
39540
14440
64598
28344
1641
12027
97865
37335
54233
19087
49718
79923
23989
10053
77218
37316
69335
84421
70220
90368
74904
51487
27095
39171
40685
7736
1318
86301
39836
97406
38794
92258
61926
22781
19867
25704
71199
23870
45299
37019
1261
9502
96855
37361
19871
48219
15838
15246
1599
2981
31654
16830
46150
65825
84464
79693
62328
20463
73279
62274
59316
81273
53302
94201
37203
811
67580
92031
65066
32992
43824
91254
64282
85010
69927
86506
55460
85051
11695
65219
34101
49581
45535
84351
35978
75486
81208
84432
69737
89133
69207
19589
11286
18501
14582
5701
95101
60287
30759
37982
11982
33334
39062
14266
24378
63455
63151
96561
76290
11468
2234
6866
37153
1501
67517
49706
13460
24285
45256
75918
88737
8481
3908
44971
60298
58947
14577
45408
1636
20591
63529
40643
80392
90264
8152
32335
57218
20962
88960
40447
33984
47808
400
9321
95044
24206
69253
92139
21906
5426
73327
94014
79216
39851
36192
86501
64583
7673
93915
60254
94277
39774
33342
93251
42859
93457
34232
72571
78136
35724
19552
39543
22107
34876
49105
92211
25424
13650
65164
71087
88666
34425
55414
21421
68483
54005
2303
15036
49127
36792
42007
54535
80356
78116
1256
65356
68478
6433
59401
1212
86191
15040
90839
15526
4567
77744
38767
3429
30124
44420
43980
77810
56826
4354
60393
65325
94928
19273
45054
12718
96274
38472
88439
70456
29957
13200
3310
37802
20372
34935
1101
34387
95701
55281
38521
69718
24574
60240
25378
23078
10305
56237
243
41075
12510
86670
82867
37345
66396
13387
13265
77788
45851
80722
49949
74436
10252
93598
50511
77681
30957
85702
21058
74641
57748
35998
52714
51507
68175
43620
34123
47415
31918
35532
31423
95218
43191
72487
53086
86573
67670
44395
60888
49765
57307
35841
77824
16754
21279
44051
43932
15715
89071
70136
97060
13527
4244
19806
37509
10400
78118
71840
47966
66671
99333
57682
33429
14184
70253
64609
67983
78621
38525
29764
95953
74581
23198
48878
87465
69655
33914
90670
60119
63803
89029
86365
99677
49406
26131
17783
10338
6878
19690
87894
38573
5607
20679
12782
17846
27910
77508
27016
68692
45280
69652
38850
58591
48157
38512
99472
32076
13918
35611
66986
3490
73820
34157
60217
57475
42136
75394
65840
84075
60739
68337
59025
66423
17352
27072
44583
94783
57457
40376
43699
91795
97391
65899
74505
10263
9281
87391
34978
95703
71496
29302
32440
24008
52399
5528
8827
49636
15831
80227
6522
25090
51455
94407
7326
98722
36615
19650
35874
52256
5064
41763
29525
5932
77214
30340
69658
19859
56699
52263
32041
71878
15435
30886
7048
853
21613
98686
8527
49433
70792
54782
75722
79463
54814
6326
60772
10744
98657
8081
46772
65942
41178
33400
78478
83345
89078
55690
17
97832
759
76697
17319
46254
66600
9794
79210
88717
81602
94453
46591
83021
150
55141
55070
11487
24653
52584
50462
45892
6537
83352
14844
35660
83680
89928
58351
96319
60735
16915
42833
15162
52776
31467
63974
14836
53128
92652
63194
89137
52685
36902
80734
96155
94548
84588
1433
13785
21895
26722
24189
78639
55449
88663
2335
97660
38014
63826
6514
94629
30856
90361
93844
28885
37559
22394
94527
30540
42130
18766
51655
29899
63707
80659
96126
14373
11688
18645
72702
38083
37021
72134
48086
96369
93739
68916
87185
34102
8523
53746
49310
92062
45528
4428
11676
83214
98407
76316
38986
60022
28467
90865
48255
96900
78336
23314
42535
73574
26737
52640
19884
15637
75745
34441
16440
90669
28207
92816
94499
73687
33
21531
40714
92885
3100
57799
8233
35649
52459
24921
81311
30479
5917
34141
66033
93280
32558
29007
92918
10840
49339
24649
67933
83583
19029
48172
29557
22619
13259
20070
88396
1704
29739
88327
42281
82612
1328
68398
67780
89817
14305
96681
58684
75840
67771
3668
20395
68738
16256
65125
81962
73655
58932
3063
37287
79734
39557
34263
71890
41650
11544
42554
96822
9330
35535
53857
80361
42828
2081
74269
67572
93688
49777
59452
98316
13027
90738
51892
94389
41571
45233
70690
41716
52721
74948
26536
1231
69214
48447
92312
20006
49156
20027
39435
41573
32616
48715
35243
55842
34764
25514
60878
38834
91512
66153
21801
9904
38749
55032
49158
17205
52983
35657
46473
77524
23300
31746
14182
26364
49743
60799
86081
44582
27682
85451
52051
92060
42355
73893
74546
21047
12453
61678
81696
79046
47115
60415
25125
53624
15477
89030
97305
7941
9402
79454
77072
60502
25221
85442
13396
80487
10622
49883
29748
80190
57017
31168
41727
55287
56578
24136
44466
71008
32376
84944
81111
20213
70242
83809
43097
12840
13354
68170
25827
76784
80798
46535
61218
10704
88104
84611
23728
73508
39560
47185
87060
88020
65379
97043
35185
52212
78583
63736
27707
51754
12332
31201
93791
66910
80756
29919
86196
2952
33016
60865
45651
98703
66462
11359
80183
5172
95808
12194
58129
57555
87086
61492
46917
67438
6024
41639
43048
6162
30066
60717
47312
71088
61446
84097
55729
54164
57904
87052
9714
79937
67677
6176
42976
47199
88118
87376
78076
4844
28866
1139
4632
76951
51296
98575
26619
70192
93851
87169
7021
79653
20019
13423
16666
10672
56658
21425
48007
84646
80314
5621
82962
57066
2863
99006
2095
38670
20524
19611
64064
28369
39402
70247
95589
15703
89111
36297
84115
87656
56027
73348
60763
79960
39811
46241
22978
59690
89287
31796
78748
50922
66426
81822
23616
49311
47976
39166
64331
25405
83587
82010
77642
87334
43874
21752
72445
792
94760
49087
93792
83782
42922
2149
38493
46678
89483
59548
48303
95344
62161
27700
95405
47238
50713
77550
45443
33449
92774
92669
469
45485
34782
46907
93263
46147
82447
64287
5290
84000
68986
23925
14745
76121
22843
71623
64335
12212
97315
61936
47584
82658
88451
13539
42457
63794
25637
80616
41891
70907
82809
46606
9461
53301
39060
73414
32652
41301
3129
52382
48
98982
18106
26083
2809
39580
69919
72835
30285
37079
17080
69808
77156
69013
96005
36816
32566
25082
81809
6227
47453
72901
94391
12665
90814
18277
59067
27436
64009
76274
19430
24636
74590
50198
14603
14657
93113
78874
30694
1013
49577
82814
94849
61993
72645
11624
1801
66113
93913
65623
90240
81791
8854
79218
47747
21683
20366
40973
10507
65334
86385
742
75403
44891
2489
53550
7831
48666
22223
32040
93406
9104
13892
91501
59713
80004
21007
3377
3126
50033
88874
96468
82259
46511
59595
72236
33832
71031
86514
15187
6092
2917
24377
22116
24567
22294
96100
31054
27183
11022
10027
83018
23440
23480
33781
12416
75064
39154
94660
92801
26417
26121
87325
25028
10787
9163
37378
82416
5016
82081
11077
26797
48373
14161
36605
70705
13111
96462
14001
50371
99116
13095
81629
44363
81249
40963
47429
60674
7806
30527
15821
90031
38032
48438
20195
88747
91174
44314
24597
40656
15798
28374
1489
5889
82149
79814
72920
67950
48129
75699
12129
52592
55361
21929
72773
38667
20186
72841
87721
81084
66532
87415
74883
63429
66356
24889
90963
32803
80704
91187
9200
40399
57868
82396
58413
55680
36611
25889
80931
54770
58279
98760
54550
22690
44184
65178
70331
54796
80682
6311
54964
77764
93487
40768
23019
13629
67339
78616
18324
66909
55096
14721
82316
62690
73539
15198
40645
69133
30855
16716
75759
77078
18303
70635
7890
45634
24973
68917
47811
53512
16090
34070
58866
36263
47056
12876
39160
66939
44491
61517
85578
73174
76777
17183
96938
9623
11342
49372
13779
19367
22449
54232
23368
44239
74139
66742
55782
97492
37928
66885
40877
94967
93577
58071
31686
12963
75251
63244
45835
14088
38806
25986
78740
41188
64276
43078
4432
9407
80634
63896
21806
74715
95476
72474
87014
19957
82957
38238
97022
21551
4556
94516
38302
6874
52864
78759
63016
65303
15670
21625
41319
11285
10392
20678
28322
59913
51940
32058
4333
59021
86014
91118
12861
3392
67440
46778
41347
31950
18711
26433
20387
95965
98628
48572
71847
38606
26564
96745
6120
4862
66030
66673
94308
74233
57216
85726
24655
56866
36439
30477
83509
70653
43251
93626
1170
71998
3432
58468
11508
99528
68252
13267
96666
36132
42214
17499
90310
28762
61308
7846
99574
1243
29049
98284
38113
688
7344
9885
18965
12566
81845
30494
47647
77918
54391
21250
12422
27455
18873
30023
24533
72118
383
2098
43256
95786
57882
25070
70833
23631
7573
81034
57024
74587
86138
71150
39578
50267
46220
14718
87418
18193
38941
2270
84093
84042
69235
94680
48338
61754
74319
28448
44655
40452
61010
39523
6938
22349
75324
18090
47304
18290
64213
39236
50242
14273
81183
9594
66764
80038
75283
14935
71598
19093
71804
57275
38418
14372
55045
26126
20364
68315
97793
22511
15453
7336
18518
38726
42362
35711
97048
80935
36808
54622
94881
83014
56039
83892
59531
3850
36937
19315
53609
85348
63013
35659
67173
33656
15387
10892
19187
39777
98017
52668
26799
15553
37126
70289
25506
14424
41245
54820
9327
12856
4059
77878
26948
87519
83590
34460
27022
3688
67389
95135
86732
32816
88930
34790
70080
48367
93468
77669
94700
31589
93991
40012
21357
35715
46670
48970
21177
43754
29380
64960
98312
28608
27705
4170
55453
73157
1368
36664
96538
16388
88513
86638
41250
25077
41771
86592
90760
19250
61742
38545
51312
57058
7967
96677
82830
17030
47315
72922
3643
8307
26279
84950
40747
51569
52011
54903
8198
41130
3086
22614
29280
31849
45538
65981
32636
95607
14535
59312
96836
5413
85921
5303
19747
4900
20654
86287
89824
23157
73340
7606
57404
56886
94171
80053
10148
2029
14153
98672
60510
4216
9683
2849
62851
83369
9116
77988
79794
20315
60364
65518
80902
56248
70094
27561
27514
35035
58188
14739
45624
5807
69314
94770
39472
93514
64759
14061
81806
59624
1708
40366
56988
13052
10973
31169
87728
47116
25760
94730
13125
32797
89680
34468
36127
95033
35934
14598
35680
54452
47767
24760
11378
53846
39768
74316
6321
8061
72733
95486
9909
37090
51703
95315
25004
41305
80213
20685
3087
13181
38677
90737
23327
46949
53486
40312
32661
73731
81238
58462
64549
89708
61823
59220
30416
5744
41647
70353
69379
53468
50517
40789
23239
44084
86550
49261
39275
68662
79958
31508
22773
64963
34359
81326
32855
53970
12443
38434
36485
89822
79928
87719
74328
16285
14280
68878
19028
10207
94403
85324
24012
4248
38075
56567
69183
83759
11636
21002
74418
77402
72341
68775
30194
27299
68465
36289
33155
78834
60134
49378
96421
96216
37647
38290
48070
79336
5276
78250
50315
43340
19902
8354
84203
8726
45406
40952
16711
92731
59314
12886
88885
26082
62760
44431
17683
93698
35413
75339
1933
50818
37594
88770
87484
56552
66428
47880
99791
11740
89740
948
79149
81586
64842
52444
22444
65909
40651
88828
12999
4707
70954
5122
97111
84475
39622
16284
39298
38671
4516
22460
91126
30351
4009
37315
71033
70880
88895
84376
26712
51556
53045
24475
96826
47041
43261
23996
56179
98050
67110
44934
53416
50401
91949
46906
12603
24918
19466
45697
28340
52546
45829
84259
35828
36955
84477
74105
40526
20570
67515
77999
43218
32667
64616
5173
84794
1715
70435
27934
24607
42159
92360
64846
82392
60185
49452
14093
42685
11746
36302
38461
32521
58516
73013
70536
77741
99820
42906
60129
72945
33154
8142
71144
32958
63872
88872
24163
67254
17851
2976
65944
90532
44727
55746
22846
77271
11358
31394
75508
24905
44636
97895
42576
619
80889
37540
83353
17438
83245
69546
47636
52545
45434
2074
48678
56606
26020
47992
47905
50635
47101
89859
46819
98152
92256
77838
8508
9175
47036
32513
90597
22476
50732
54949
38860
1484
90632
2733
99891
33407
88247
28196
16278
52649
79002
6995
36990
98221
91034
20005
34473
40350
38605
85489
73408
48728
54582
36571
60012
55741
19190
40245
68341
49891
70401
61789
589
45612
29837
95716
32348
68555
73145
26142
89548
54353
75493
51370
11173
41088
2372
83212
26720
69386
18845
74344
14042
25753
17705
7923
64193
59019
41429
6207
47809
1441
7005
52992
8230
12491
56550
25361
26584
8570
62889
52965
37811
21408
78325
52594
84092
72296
41824
1010
16249
37245
46285
57944
63964
80288
13162
21591
36828
92757
60052
49345
15444
88313
36767
50737
25332
54461
69432
35103
93360
10788
40713
89694
21572
3660
91196
14059
92138
40802
98184
65184
78726
70569
82890
54418
72485
61468
51854
42437
24063
41397
87629
87124
92873
30761
54456
41066
80359
43840
81376
34214
44577
41636
85430
2451
97770
60546
83862
62091
961
20164
39438
62395
43559
82967
95375
17196
13217
20537
67280
98854
89978
20257
97669
53023
17440
59887
32887
39766
67616
31043
7916
34530
24038
30065
61792
42278
13394
75606
41585
80247
62944
50452
61494
19359
42254
15581
48031
75781
42123
83308
47709
63294
60711
42190
65688
86430
68699
52540
6368
70103
75371
46005
63134
87223
76569
89888
26209
45198
94534
71799
64504
22686
49691
73052
36685
12581
22539
66297
89058
63385
23259
93075
74314
99381
51298
68923
66983
17823
28429
26669
7418
29704
12468
27546
11954
36602
82327
20773
30717
93753
68077
17939
48775
20029
338
18298
86362
87607
21758
15870
82564
44581
46484
84583
57482
4969
66129
39924
23309
83453
29057
54095
39714
47224
508
96545
22982
93370
13286
57348
26566
46055
28155
9125
12435
99839
95922
62012
45213
39282
49957
39027
90554
41106
58971
34407
71183
96467
32204
7301
43899
96113
41124
54800
27517
69143
5164
73410
13224
70761
12636
99389
57421
92830
99321
415
19999
9203
56151
66679
69716
67350
87132
97030
13308
36147
46715
93977
86712
8181
11172
32172
72469
7800
96432
79122
58570
26803
35260
19621
49500
12395
31794
97984
77303
59337
38009
12830
86314
14971
46993
42947
49269
11467
97218
30833
53643
39208
28042
25060
74000
51138
53400
9938
1549
51577
92078
89787
18992
3168
97088
45537
77783
37237
61881
17063
39180
12154
73649
95908
64858
90873
59383
89879
94754
74954
65314
30748
48492
36940
7279
1129
43484
31088
39430
11529
60560
98706
10232
4665
68928
91119
92523
97208
8996
40885
25792
41680
7041
45984
32260
25475
12624
42319
23349
58180
50112
59730
61538
66827
53123
42051
971
94105
69259
32047
82720
81611
79678
15053
24909
42869
9964
38725
74852
40141
78317
35341
10696
79795
77790
86661
60913
56769
21287
56657
27767
93357
48100
6030
40401
90695
69507
90978
17500
75711
40208
35771
74776
18378
57401
85147
62749
52913
2214
79990
34657
3119
43228
98791
28306
33895
50507
51273
60310
62486
46599
59642
15430
65799
99445
55405
70155
32455
59745
50580
96688
32300
5259
51883
50454
3705
19538
83921
5964
64635
46958
36320
8625
76315
17391
76351
22678
75443
68782
90538
65592
18792
37785
11497
24897
27026
90037
95137
71360
41174
97479
42974
38006
62666
81643
69247
52839
373
68466
36313
21160
29563
26484
66254
77201
72449
89256
11590
99801
4563
98277
83471
71040
36190
57612
79232
90810
24726
39960
29088
25330
77866
13309
79630
72800
46923
52107
79025
95340
18126
55767
72948
64027
90575
22099
57524
92174
97709
78653
95281
32224
34716
23934
75591
47599
66048
51957
55826
71044
36113
80837
30760
7368
53696
61778
71442
18038
48562
28607
73158
41643
75719
82338
69626
18171
51939
93734
66419
58746
70759
21633
98265
31204
92166
67251
59007
93341
5142
93794
80110
90380
48931
56480
25431
47262
41044
62144
79348
46271
75172
49746
35207
55948
65705
21909
60289
47609
90755
54778
71605
6689
11331
10807
13483
98933
59538
37072
84604
70902
62278
41406
51861
97708
93702
25655
46303
68671
68086
25109
47875
65439
67962
25601
71550
71930
90234
15577
88771
35141
44514
4576
75627
31698
50289
17743
18709
64409
94463
43977
47932
82990
15652
55976
62424
98372
63920
2445
75688
28105
19788
54428
91618
37726
39495
7537
97883
20849
72874
59193
43397
17732
52038
41990
76807
64357
27175
38973
18796
80061
17316
45243
54187
26469
88077
36652
27430
3992
36336
70139
83111
84183
32354
76229
77503
52582
21580
51158
65100
5249
79265
16626
16302
78227
17273
39181
60446
91150
6443
17118
27330
40154
95027
95242
59442
15641
72780
39895
53453
36650
77922
29657
75877
46101
85949
40904
40824
15456
70555
69082
22897
12191
80615
18745
84937
91331
69646
47465
16197
23093
56599
20739
21372
73390
57958
3717
63892
95193
50821
22633
6315
58640
81369
77425
7539
90147
3138
69602
21512
45117
17481
68790
95992
54973
32930
11100
93051
62613
66856
88739
35357
5031
22353
41629
53763
27712
75176
22734
22271
61554
39912
55667
92364
67867
81207
63855
34226
97795
64344
35995
96456
42430
58783
40581
38249
47489
69283
22896
5859
97696
16202
18554
79816
58827
72194
73602
33092
55997
82499
97961
10768
70240
46310
9792
85415
56951
21486
29959
66826
91861
66069
64178
34538
94954
71340
19059
34759
91167
11188
9285
47607
9629
14937
36340
58976
99994
70725
59053
13284
79568
40459
79481
6144
25030
32094
45986
97374
30730
62662
76125
68859
43993
47435
33795
29100
324
86629
37897
90831
5165
29777
94039
97804
98727
65281
26357
16518
39935
73553
24337
32301
25994
68288
80943
25593
56103
66547
4411
63092
38212
45689
32807
73668
94225
86658
13255
6845
26298
16247
7357
4019
92231
92241
30526
23129
6284
92509
87832
32987
52865
82014
28892
74884
12913
34652
49211
86823
92935
83945
66775
24650
94396
85760
3047
79489
89660
1707
46653
74265
86076
4890
13020
30877
8713
93303
49146
79882
31287
12597
27335
90890
77994
8070
70824
15840
25947
7367
62577
36212
83943
76263
33742
19174
96162
92628
36216
57439
82585
68442
1335
67018
18529
62434
76816
16862
57367
53290
85729
14890
20092
56798
50091
80274
87856
15894
4330
22429
52975
44829
79101
20931
72073
88740
78850
84810
42583
39630
78837
55722
3245
12548
60927
50539
88931
74191
3716
60902
87593
2769
21599
58905
67748
20072
21420
31262
38684
3890
73307
82251
29807
3122
95328
35601
78708
39016
77236
24885
5069
62692
41461
88107
19494
14170
21384
65877
34942
86826
42821
42239
6687
60864
29715
55644
23136
41334
25982
66480
95544
79193
14374
99990
65042
15764
23256
95504
26917
99282
62563
5252
19569
56422
13013
11593
11914
38798
60293
52356
8515
22175
35392
48528
27442
31275
41190
1497
82997
68963
18914
5059
5643
32457
88385
95041
26978
44426
194
18399
33278
43037
41452
60292
46614
79317
93217
16662
36581
39717
68108
7094
40086
6763
22800
80324
31427
76793
96921
20721
46107
49376
43217
3741
64751
73243
18373
79648
92906
11289
29081
28499
784
83998
84811
37262
38090
62762
63814
48847
69678
16327
47301
15267
99796
29016
99778
73894
57389
90438
93636
79691
91539
59264
63995
48954
31072
16081
81601
82816
77898
57548
94148
9226
79108
76636
98006
92860
86233
2533
16325
87446
20748
14798
6426
68472
47903
67663
3503
32901
8512
54556
8116
19496
95366
54354
36244
66535
28169
26592
5205
12528
14468
95372
89765
61924
5368
66540
53043
44036
41091
49634
64090
7652
594
53343
31789
22971
90600
83594
71399
49539
13232
31821
98391
1898
11249
20645
25377
18682
34076
99371
68201
25025
99450
4339
75327
21824
71227
16230
5546
39069
67718
27663
38179
74108
51038
12670
18553
85099
99754
54799
94511
42134
49205
16784
92829
29019
88353
33156
39480
67000
93726
65460
14650
98557
36258
61136
8326
72379
27391
66545
29382
73290
25761
63133
82800
25160
2945
14420
44468
67887
47241
36311
32951
76324
36809
18820
1606
11409
10234
14558
22075
95478
28881
1536
72419
33063
57031
19071
60539
72260
67584
50726
74567
55679
30960
79434
37522
66675
57957
94013
81225
6726
69484
46178
61977
952
68432
20702
71953
37651
26900
21417
18640
57007
59613
65930
29583
98164
21747
96872
20189
41951
46723
84255
29746
27086
26957
69853
57325
21352
40596
30864
14983
87699
5998
56642
63496
33180
92422
65536
27690
25604
44407
10961
15745
90630
60414
62271
64520
18864
91348
35524
17346
21579
57753
13837
39900
68241
25422
88706
77802
86053
76794
32472
35497
3103
25223
81927
3097
39844
71018
35480
50842
64586
66036
64183
12182
33253
26876
72029
97345
90138
79118
53727
52097
91110
75097
66584
87166
95906
30660
11351
93010
32118
75603
38770
77125
79477
46292
31916
13706
26473
88408
78732
36600
8767
85790
78633
47532
85232
40017
44355
17043
88215
11975
29180
91146
47764
42887
36639
22441
1281
61668
27646
83306
1286
57162
14294
61777
30225
35896
39431
2318
73789
80760
92030
1970
11089
79842
54237
49630
26435
8597
97825
49026
14707
23823
43790
38181
42825
48546
92528
91725
65268
10036
34476
18662
51452
45238
5506
88634
98973
52239
17214
74839
77104
49163
74892
13225
37424
70371
52035
92644
20288
76759
73071
3463
81834
38564
121
87673
98019
74866
63128
9915
39376
42230
83260
7516
9590
50210
37507
63869
94787
58322
92670
80991
73126
6108
6835
24667
74034
1382
19324
70881
95826
40315
51266
34581
30602
63100
7173
25201
63744
96182
7531
6596
87308
19140
6364
26486
72433
332
98711
55130
98435
1999
28454
46396
90256
55822
31864
71855
5789
26007
7925
53280
43873
92097
21567
76575
85483
996
4636
8879
40951
94655
20381
94841
78071
55097
77038
38827
12742
88801
97069
66607
26663
78830
7295
4051
63313
59322
99189
82586
82991
53163
99766
14626
21340
35824
22512
31592
5851
28323
1400
19869
63199
93277
6519
55852
35643
78598
21025
55915
34811
27667
23137
23258
52857
30081
61180
86461
18240
17281
56229
2362
52229
65630
54766
40562
53647
4650
59701
70368
56078
44616
67309
30736
89751
81847
71783
13438
72320
94854
5552
8990
16824
53703
55178
46495
20881
33008
11282
25635
42249
52376
57499
442
62579
15818
93604
31890
2768
42744
76598
51790
78032
44498
26063
24506
2042
95030
3182
93270
70209
23597
13522
49
64515
16283
39592
11345
52754
75923
61913
41117
1115
2539
42030
90925
73853
89948
43355
26628
5962
6199
18447
43732
92454
14849
74971
23493
49455
91655
79904
57133
43714
44506
60792
7378
35118
7512
28461
25165
31836
46306
46281
59456
25452
80666
59176
80708
62133
81911
83787
50389
85312
57995
69902
39805
27326
93563
86880
83919
47849
3077
93686
51017
66187
72747
7033
80089
62680
41014
91890
91770
71992
91140
24770
70305
271
39662
18804
32701
75556
16827
87739
21934
69933
49318
71645
68879
86164
24384
24110
11011
83026
66995
46215
99316
1863
96266
73127
241
92298
66670
3058
2485
17212
64692
5753
91935
35296
80624
75225
63405
70641
53884
56553
1703
37977
89836
71460
91915
83580
83017
28195
50320
66682
88189
61390
36798
51007
43517
27401
279
54768
51116
84252
20735
20876
5702
26944
78900
2838
12428
23301
81304
89849
40296
29263
5094
38595
64198
40740
99209
75697
61228
97739
54300
43337
3269
28932
75736
99329
85672
95526
62096
72935
3308
85739
53798
15769
35964
2250
30208
2862
80127
73441
85020
4095
65793
3529
34671
1386
41765
33483
64938
98084
23010
86161
63793
14383
214
86368
11090
5001
48176
28633
4274
88639
2640
44968
83398
51518
40265
61375
71620
84147
35932
18005
94565
3927
94913
78329
9455
51427
27873
1408
40494
62190
30646
73529
60002
64542
92405
87428
71321
40371
9236
86447
75553
6922
24867
36630
68152
91246
29733
43939
9993
76605
70733
39716
87911
71461
59924
30849
66409
42333
2514
19164
13492
89529
34291
70303
20572
30159
31184
12962
419
1445
39638
59409
74116
41817
49093
80470
6900
77622
34151
8947
12872
9780
65716
21556
11247
45536
14554
48094
55971
95810
64326
87900
48850
28182
23222
23617
81986
80459
20138
21170
27339
63161
16790
41255
14097
37568
99469
15759
7441
8853
23589
80315
74244
74348
50935
99056
47135
78144
70639
55594
9007
80277
9523
56780
13883
58877
48776
67032
14062
65737
65127
89742
29910
16166
5625
32203
20711
19927
52720
59890
22142
84969
57696
17958
28640
58202
8578
72543
71177
80671
33376
71111
8981
62685
67895
43320
75580
3860
22988
37268
59902
6565
45924
95453
41034
83179
42960
95121
21466
12925
4231
63560
20703
43402
40179
22275
22245
30470
32374
58176
67736
19142
55610
64496
39849
22337
83716
15105
85846
72254
85806
24328
98201
35809
7725
6205
77658
81502
39091
64850
73608
79215
61686
94708
7157
5911
46454
16064
12467
61220
56008
11455
32317
38346
26294
6571
71237
21547
49548
17317
39755
64681
51937
39892
24690
23831
54644
80501
73128
25798
43469
758
54052
65829
7741
55270
97092
53411
82701
82899
89598
47986
43764
54352
41582
16227
55236
38205
85935
65646
45506
39231
30786
60301
62172
44890
53415
35464
8601
25048
58968
85727
21679
82098
50798
27148
72823
72394
49978
68565
25217
97306
61418
58069
73325
90544
59810
75783
68685
24757
23047
25886
69443
79031
69421
1782
2880
83194
34853
26989
38215
10202
94337
24623
19411
63497
60232
7679
71477
30328
263
79402
44666
11900
51009
3205
16138
64242
90011
99626
68008
17637
17909
65400
42015
78177
92896
6998
42348
9155
63714
80718
40450
52206
22748
58139
65735
32417
1292
97232
13587
25174
23840
25899
92900
60366
3033
99416
43468
47027
59241
51356
18695
78072
29194
37006
64672
91222
13882
38252
29285
82628
6074
5036
63623
84182
86409
62624
54096
94183
92288
24403
49744
55292
63540
94036
40066
62776
76075
20242
50048
64785
12933
76283
84485
96063
73395
67193
91425
71655
65487
94402
87737
9547
60912
40254
97936
61282
83828
59877
48521
48765
75050
70077
92511
76202
97463
91840
6697
865
35258
32512
42770
88969
44106
36101
50298
45809
68896
42337
31052
27117
73857
25084
32482
81195
39410
15773
25002
50089
48952
23791
76866
1772
82389
71636
32368
56496
71766
94126
43199
16596
4005
748
42150
28549
89100
73530
21082
82985
69161
52549
90015
50610
52125
29713
57328
28001
69641
34735
66484
59350
60728
78428
3605
58124
48208
78891
66035
87666
11709
12122
36252
46520
92478
44300
9701
14723
73247
74088
48038
68873
803
68188
92091
75430
28728
48615
27566
63632
39365
89333
76073
82937
99874
67604
90050
83757
12206
98278
15483
67671
83501
8780
66598
43158
29018
12832
2646
10456
31207
64674
11163
82674
64587
84343
71466
77558
65083
17083
88572
95602
67575
11055
52908
71067
68568
34867
93015
96870
21957
9069
23890
35860
89538
9654
8310
82609
64765
33066
72101
35914
49069
76775
84626
68384
43549
73354
69659
42667
87414
86035
7911
16684
83724
57896
78190
24221
32703
67028
33254
25740
69018
58419
83063
75687
79617
41441
65946
53066
60378
88503
56841
60386
47064
44834
75006
78056
68676
81621
75668
11034
42456
15701
33696
91700
86839
73207
97264
33831
22379
42782
6591
45316
39287
61986
34661
50205
59414
10366
8396
73532
40619
29440
49409
13690
29078
66053
80240
41111
9099
5994
30708
63746
49230
96743
71554
17530
82639
91493
63697
10858
12363
38411
8162
59488
34801
30729
63025
59882
32215
80150
3974
77970
36542
59970
58600
90970
91358
92785
61063
38422
44397
93642
61354
96033
47252
41646
1857
61143
8718
58843
10176
39655
35662
49884
12296
37720
58128
63973
926
75939
37257
55017
86256
15533
65687
24685
3012
54015
53928
4190
7027
80022
37574
87544
36519
70495
68327
38286
72900
77823
59078
56483
8892
26573
19022
56949
68948
23115
98884
22466
9414
2621
89517
42557
4295
99753
17360
65293
7701
99232
24526
23383
16741
93429
21158
29182
56007
53020
95842
68769
95534
77212
27105
86066
77209
67394
23916
55422
80772
85176
62483
89428
90504
78265
64801
32829
97131
7605
61011
20360
50035
1709
51333
40394
65233
84643
52935
37809
79487
55957
4802
40736
58383
33858
88836
303
97918
13819
16467
55861
5132
44479
34042
48053
72925
67229
48700
75336
77618
12466
46065
19395
23461
61723
22011
96762
48406
55479
10979
46902
64980
29319
13183
8573
25675
35603
38233
51161
33920
95725
77950
20924
45003
14958
89105
48375
23120
26699
6601
97699
88531
44701
80994
47425
28724
4141
13710
65679
91507
45819
24771
56164
52879
51292
79338
83009
31111
68965
86612
67518
23858
5520
78990
11586
96737
39159
52654
5369
60714
9939
20631
84870
93035
89535
78355
99173
71703
63163
41122
59244
12823
99860
62199
91805
51299
75185
9492
69816
88709
73272
74969
30399
24749
75611
74826
41038
94080
62848
31174
74282
53521
11499
22519
71205
26785
66238
61415
61433
94442
68576
4670
59750
65126
80969
59837
1160
30471
17199
79527
86803
44835
65661
96067
14426
60504
18809
78347
1613
89374
33931
48368
13907
12803
35054
32757
55332
92912
53573
76591
86174
75797
95305
6777
77553
40155
84065
35082
30156
4321
62877
79277
28494
15576
44969
4823
37520
27197
28151
3353
89519
60385
88556
81472
17088
3004
12083
87240
19804
97419
1537
10803
23201
17209
91051
19474
5493
16553
67567
18692
46392
58303
23488
9716
3895
20736
87937
78124
73073
18737
33013
80228
39230
54082
99844
50911
10785
94071
72038
21612
7585
15822
50111
58822
3900
96730
57626
22029
21852
1675
5138
25353
83416
39019
48488
14928
74110
55316
19136
93655
35579
49542
84560
60089
77160
15333
80067
42380
14024
80667
32793
47514
53263
86653
44447
89739
32580
44984
31979
56585
89229
85018
49707
34094
78326
65262
35807
1574
8719
10126
17469
18920
15373
50563
10790
24309
2314
59262
45407
87095
78123
65916
92789
69876
31655
93885
63634
66439
41953
13657
20083
3107
23338
61015
46148
68287
92325
31783
9110
75232
34913
12320
19802
33235
18364
64569
87749
67033
82739
8978
4360
91155
69293
207
75432
87374
33553
6814
90950
24119
65931
98808
45438
95086
10739
19145
86373
8595
9605
7687
96818
98252
33456
5220
80093
46404
30108
79593
18016
94659
58077
47102
54524
85725
79304
1771
81736
74674
75988
50155
34704
72741
26040
77504
49507
45325
63419
76567
2350
71268
93122
18448
16694
76403
69619
43467
92135
7748
62744
15217
17878
6688
35630
99200
84791
36691
52595
61523
27762
10906
6561
60003
85373
92281
55504
66672
42785
56756
38772
4251
29255
23696
74844
85529
7315
31870
35877
16844
69992
33967
41065
93523
70399
52533
23056
60742
26686
97215
86462
87144
50685
20948
11112
12305
94860
61878
78359
1141
51684
35158
87449
41011
54793
28996
45504
1091
32286
96655
75145
69914
54874
53446
77660
44614
20618
40538
30537
8971
98664
47713
24519
8024
94815
25833
35106
85547
43884
90731
40423
23656
70519
9395
34236
36028
49900
76467
79844
91552
43194
46349
5913
65209
63965
59155
79755
68795
65547
65539
95474
89279
10832
62507
67634
65026
53893
25978
71821
92764
58234
64951
57813
87409
39134
26800
60523
95268
14112
55062
86241
45702
63502
19388
45881
70554
91251
47272
56521
69609
41863
49857
64600
96056
40964
38291
80016
65408
81877
39433
97687
92761
69728
30559
81218
61646
51123
25364
65711
42131
33590
87032
41395
33840
99305
24252
64816
36876
77401
47254
16685
51014
94079
79627
98869
61077
32709
94831
32091
729
598
30092
77683
20538
88790
24271
14831
59309
84724
60411
70374
44076
85576
21907
69176
49191
98563
76067
48378
93256
76801
36886
99134
88122
99508
3830
31910
73481
77861
99793
45687
79526
71795
75323
10605
2498
56730
7115
99993
22483
33471
17967
65855
9519
67578
57996
3114
92927
17491
85433
8273
73241
26067
41746
8189
33969
70644
74591
24608
38552
3076
39137
71813
35503
80037
13875
8109
71997
38864
40298
19123
970
11453
4078
11267
26285
35820
37881
22918
29349
93752
3571
4282
75733
44721
58547
17722
56878
31974
68557
99406
71805
7062
27864
90741
93936
22188
53324
78824
71404
1516
84905
73740
41324
37101
79778
83614
17429
65785
17055
761
75265
1007
36744
70118
49716
4425
90272
88377
47838
50433
65934
87704
12327
73464
32770
25407
20587
60866
17100
27678
10871
56795
93229
63425
41417
96647
44292
20148
56258
49482
91823
79725
79305
18010
98565
53988
1446
35376
61131
41357
6925
84111
70203
19277
67499
36909
56429
35751
12312
50134
99821
33241
62828
12767
97040
64462
97601
78714
10468
29576
46227
1794
10795
77738
35668
83526
5778
62403
5256
27693
87683
19574
48399
81107
1993
48977
24067
18342
17852
18911
55815
95948
31282
90564
72659
35866
5990
32274
78808
40876
30868
84918
68137
14398
22774
92600
10714
86700
80495
56503
33416
75690
39143
14444
98562
72754
73165
73964
86874
66130
23199
36563
7706
5152
40785
44024
14335
10594
63127
69436
42836
93578
68694
52111
53597
24730
59491
47623
18758
39679
62552
82870
38124
8525
73430
93519
78975
63816
75955
69359
56371
91781
63263
24275
3349
11111
68428
54458
18811
49868
81268
37204
55544
7480
58747
39283
36896
96256
62818
85920
59820
57836
79687
14469
9811
19726
81205
8803
58972
57026
9960
86425
21755
24353
5698
26089
88992
20647
44163
51157
39551
98590
34181
64455
25061
76032
44
59184
38474
85399
39814
52926
92614
1873
5511
20260
41205
33332
89433
27573
52784
14174
94393
25149
16414
94690
1891
17883
94091
15073
58256
54635
11481
69572
61406
51832
1479
51699
8619
45863
59514
96574
58472
26451
30440
84150
58308
56449
24767
93939
55050
11940
3958
15520
45874
66755
57202
81351
40038
23285
53934
52258
27889
81479
64422
58887
75887
98400
98083
1514
36139
44444
69844
54936
32932
24433
93442
40149
6798
30432
71275
68
81318
13646
19431
445
51884
10645
81013
10001
63066
13172
63119
60300
90372
71396
21166
97697
32009
18169
7139
63457
47993
97602
8020
80668
17513
37197
57381
12099
62847
9238
2027
42627
72822
40758
45365
3362
96425
33359
10436
22159
69912
48710
81799
19728
12381
19919
32541
70335
82481
448
54581
13747
30203
284
84965
11425
71497
3679
73110
97632
83162
49735
53011
66224
55705
59587
68656
76163
75522
87246
11689
49143
24906
34881
13760
51122
19875
41859
8884
25166
18463
45189
69100
64981
61867
53637
58834
65945
18929
58231
85319
98349
53610
34751
50830
20067
44005
37777
73872
47853
67657
81256
75079
75907
94973
16973
7904
13857
27263
16222
22627
92398
70204
7780
25679
44634
34781
97870
61424
81267
82661
1308
76012
55089
30882
12792
59290
40402
56478
65401
57207
14055
64950
36502
9043
83933
72426
2583
95789
62268
72538
38649
40988
60693
86576
73139
344
67192
44170
48929
5003
53963
6457
60651
18946
23413
84512
20419
2731
9138
52932
72152
36498
90145
56326
32252
53957
40032
34705
64782
99610
70576
57674
66711
2408
93008
87443
15519
88375
69930
31227
11998
86539
86907
72093
68547
22482
62378
50650
76485
2652
92615
90576
54091
13635
36488
87467
45004
89164
65433
84860
69023
50168
60508
50807
27496
85295
52499
58584
17983
39869
11735
49067
51737
49963
34595
33878
10236
24098
36300
41037
91429
68684
48135
52257
58797
19232
32411
55795
5361
7464
40488
66557
89808
9800
55004
94117
46393
18247
82982
36910
73811
40029
91503
1402
66143
37577
85813
95352
57909
97879
24167
69118
84522
29331
6027
21382
27846
61539
10273
59347
22475
88962
98609
8047
76942
3770
28750
4641
13701
86318
22316
17856
54395
87478
31936
24258
84717
10765
67376
92143
54260
12990
70032
90785
67658
17729
68500
67294
74571
58126
72992
66765
13372
71743
22807
2386
83467
71342
57003
98844
94331
68120
53402
65192
75701
15431
54040
62915
91979
96475
63082
65057
59908
15388
36067
82847
79017
7820
70448
59805
75925
96344
65985
50603
23248
33874
16076
78757
77505
82488
61829
76519
61983
3786
15303
80387
88117
12276
75320
71547
58410
42356
37843
27565
83581
2160
37712
39979
62688
35330
96500
62156
99257
46701
39939
26474
79066
8946
26254
97021
18571
96223
39681
69698
52091
79911
93518
59766
10350
22100
71531
30128
15244
10420
60097
50860
56184
90202
96018
88012
75055
37438
38390
16122
41691
47868
21518
90400
79413
16223
17000
26998
60064
57199
47249
44602
73805
30735
20750
91863
86740
45199
97296
3376
39369
10000
20203
82480
63462
15866
17736
36048
50939
19405
95011
33911
72759
73779
82897
46438
9913
56605
65788
24609
95827
35007
68114
91085
22576
84610
89501
55580
25321
81204
71968
28973
53287
99724
68521
71632
11058
11839
13512
74111
66241
28965
63088
98362
45838
7523
73617
66245
70754
57038
85741
24712
66096
41920
29828
43421
46823
90807
3693
26428
83077
418
58306
29706
47046
88573
16683
81350
52686
32086
81492
19144
75032
79339
69130
31850
61079
23778
51617
64458
36266
40373
14808
48821
19901
74993
53516
34632
34878
32394
71449
14301
95550
55807
70340
17889
33966
30272
66234
78970
24186
13508
92535
48963
88654
31830
93783
73875
88235
93413
61012
19032
85491
94152
69790
30695
52641
86404
15017
15648
93085
51736
95983
82567
30721
66346
40987
20959
64038
4906
1177
48259
57282
1803
92167
55802
53117
53236
14841
90056
53932
76744
31253
37851
47502
34590
62108
89426
87342
74432
25267
96595
49703
72045
39625
78285
23057
85945
87834
68912
67625
59483
42505
17979
69798
50416
75632
79346
92390
67413
71327
39141
23869
25256
672
1908
17252
88520
49561
53885
46388
899
98753
83875
8552
66561
55541
64614
73640
38074
12554
32409
34703
95277
19655
29719
74616
70638
53366
62750
10381
54659
8628
46274
1717
88082
19714
79947
42653
43022
62465
90023
88976
45352
37822
29429
41987
64669
19314
74384
78737
45084
3260
7398
5890
33030
36884
59473
66807
34680
23957
26375
20872
97257
20318
3638
20677
96389
81424
48738
19031
54141
45915
48329
64122
32256
13115
23167
21479
96899
12537
75401
78768
55588
89897
86392
34963
64416
7776
65852
329
64499
71222
59224
81275
96886
77398
5931
85876
28084
98367
45864
2745
29332
31723
84832
37990
49916
14504
71369
92157
7943
92477
82362
48774
56680
33830
78079
54175
32282
29484
35104
87986
29339
37970
43711
95846
1738
68334
20433
48363
79452
66647
61020
916
70005
21711
94782
34592
8963
46270
31905
466
61229
63702
42382
55703
79552
16113
5457
77355
65265
73756
74216
3993
10269
11027
18149
19811
23181
26280
61442
28221
62311
52891
59274
75141
46216
89065
82983
24707
24697
1127
54334
8309
63299
82242
62746
49720
43429
94210
64148
83948
84693
85500
84342
4977
24741
54156
2547
90352
34731
76117
62722
30242
42360
90184
63509
17959
42616
33378
77356
60241
41760
65291
16525
28652
17695
89461
80783
11368
5480
2442
62406
12950
11567
98358
69822
65513
74032
84685
47568
659
30688
59570
14288
37299
2636
16279
85503
86195
51271
6564
23103
94893
43591
30360
26902
13948
27257
43201
81012
73890
79972
71794
78817
81959
68187
63433
20133
66302
98090
57623
24253
20198
74030
60451
39330
3261
75361
26549
7385
92974
82764
67525
73733
77380
91607
34547
4309
68095
15051
27915
8921
54507
7613
79170
78203
66018
2839
42145
19946
74338
64990
1834
7065
25681
42261
69031
56557
51934
13951
16914
9068
20326
99756
98645
62231
3056
8131
23359
29053
2139
15420
84952
68090
97582
1558
97000
84378
67522
14992
93132
44166
97858
80917
15786
13921
69550
51667
32572
29122
47004
89405
59566
26649
89748
48115
68238
51426
46085
99196
21933
2431
80912
65792
82360
8684
56870
73961
66029
93504
33516
80052
51051
54299
39423
1811
85387
69586
11442
77953
12723
21875
59749
59429
46554
8249
65587
2639
47575
40606
98673
17004
28733
45401
43680
49996
79698
69104
31659
60372
64167
6452
94034
77663
51671
52353
11632
78936
7338
38655
41854
91343
26306
67912
9892
34408
22405
89178
79474
27917
26440
92181
32290
23253
61995
63986
47690
36926
42848
77223
88442
21087
47466
27232
70193
39941
83987
7815
8178
12256
91320
40487
425
83281
72667
90035
97438
24977
60521
14716
85597
24544
57706
70142
61210
57942
21888
93245
5992
51525
90707
2955
85352
83220
20706
77757
1064
47177
11539
20635
60591
16766
89145
47775
28538
48866
34222
69442
14736
67215
22538
42192
72298
62499
10920
10058
72932
59819
43995
4831
45529
71361
65367
43504
19189
59342
6494
61564
86215
73248
42268
13341
88569
8728
81933
73034
90981
94939
2060
88928
33042
31301
35991
11501
53460
70883
32168
64390
70084
93334
668
37077
72062
90622
28651
26650
70391
61296
48826
12562
65635
85439
45023
78972
5648
82245
77253
55384
82452
52751
5030
13983
31160
1788
61852
20331
92496
71579
20099
69544
8820
72455
92679
19322
20474
91092
25492
75289
97424
11738
92727
41365
22515
59761
69096
67432
7493
37826
36317
10210
88552
7187
51836
5045
81177
49702
80896
93169
64513
53900
13291
2044
142
90654
12697
13769
7586
82574
66335
58569
95467
50741
23262
41731
7036
11260
99401
96543
78893
17716
62159
52037
34545
24996
34301
49863
79283
51187
99893
86769
70848
28032
97076
85492
36424
37807
76774
29365
22671
6453
20426
93164
87299
47756
66751
96930
42717
21621
31533
58246
38803
89570
45517
43324
44179
63424
82257
35666
62819
44041
61372
88022
55632
63402
71671
37320
35924
46126
56150
64158
52328
54947
12341
62754
99011
95674
21842
90519
4642
12901
99167
81104
80345
7350
41887
12174
24784
57378
70689
50975
11821
3220
86792
76644
17614
22504
72843
24481
16220
30793
88434
31706
87589
5210
71535
64620
8617
19922
65559
29600
77023
90625
39388
68506
81220
83846
58717
50680
49439
98606
69730
92742
12289
73373
69275
3163
43686
89973
55721
40485
28397
73806
72140
37600
79866
43428
95149
68880
44704
5822
76278
88752
56767
83199
69557
34798
85131
84453
53808
10251
88720
53238
18184
45103
99256
81420
97354
79302
39422
43074
87367
4661
28864
15719
72066
58075
29404
94764
15255
80927
1568
72623
89364
52194
38219
61031
8075
39511
1630
86028
38025
36237
55166
98248
34279
2526
147
33723
86821
89450
43649
83262
59864
86232
54470
22080
47810
57356
80786
82125
80081
7299
1264
18028
15264
9421
76428
55602
91712
40515
1865
98971
36206
62553
22813
56513
63116
20058
82292
15432
87580
93298
33393
49489
58724
66197
13934
66040
1860
90527
88764
59521
75362
67558
32364
62426
5710
72139
61935
23752
39563
50657
9700
72700
82230
65750
36891
71829
42377
1827
82267
84258
32401
37899
1994
6431
11618
50390
39552
15629
60549
16361
18316
25483
89141
97051
24335
95482
30291
48220
67695
98603
90826
88746
58622
69736
50015
55892
30434
94765
79792
41211
50888
40602
2682
85914
98769
95468
98846
10930
7824
18657
34250
47235
87864
86166
58327
2903
3361
30462
86171
96240
57834
70380
30465
23687
26806
62908
90358
46104
6409
87217
48575
54734
80964
12709
75353
75638
98823
86036
24645
42532
15672
15635
59600
96949
39889
61161
88974
16441
29311
96315
34765
78345
58111
11668
31049
82305
49817
30396
26337
21524
65888
26621
70277
68331
24743
80087
12408
37823
40801
33046
83123
44664
5603
68533
68868
36511
64881
49029
82503
64723
84992
68021
886
29830
55899
3229
15953
66407
38647
43926
50137
37436
67793
69809
92129
95318
67779
41515
6158
6683
76004
49170
10888
38977
67099
87402
11400
44030
25430
25828
74279
86282
4483
2603
83786
34304
68675
58610
94227
29288
79168
37833
73778
75204
92822
8652
54451
86175
80678
93589
9728
77497
19491
66124
13856
18867
85202
17586
76430
57932
44198
12260
12947
72070
29548
87272
56321
57460
17450
15408
14495
73146
18723
67693
20206
74303
63650
4154
58624
19830
94883
59556
26397
73421
27713
266
68239
55575
40444
71643
37742
65564
25088
75596
56390
70352
42316
47495
98923
13612
27274
71728
41952
1508
86361
92835
96310
23699
6322
24042
198
20181
7478
71628
65119
65927
89000
50927
32928
58116
82164
53455
8391
20803
4181
63331
11370
71482
13252
64625
28362
1397
97004
57436
86112
54491
11069
53776
49280
88331
78305
92595
46863
29950
52065
31241
8999
14894
80338
2423
88427
40756
28832
41172
58302
68770
31180
88827
80563
38549
37161
21912
69384
37610
96996
56627
72050
74391
22966
23400
64214
80788
15193
66712
21223
6196
75186
49904
51872
63975
93342
83569
98589
20977
39117
21630
94292
88528
76416
75764
45464
48507
14653
32453
39793
95580
65116
53210
27596
60406
53517
23032
25706
658
75567
53695
5222
92137
65271
13378
91656
28803
96702
31639
73761
72451
75333
53910
28476
19365
23761
58349
45558
53436
7727
79742
8311
6664
29625
54920
89939
98879
1567
81364
44211
9053
1910
69543
90271
21041
35697
74738
79270
91099
34406
12600
59037
68335
5043
94398
71987
87353
81137
14676
90386
5419
19537
75142
9646
1168
65720
75564
1029
17187
14722
8698
46389
38697
44219
9838
69364
23096
62730
82940
36800
98110
40207
33130
47270
6031
53347
83826
30342
19235
61923
77569
39617
91488
18205
34153
93561
49639
32990
74363
39414
75937
72265
78508
85654
51863
80028
76409
38378
41407
98905
86420
75409
31768
28834
99771
71940
77719
66908
13599
3940
27542
83519
46340
18314
36954
35558
39623
36788
58203
7433
97625
4400
71761
60671
8122
83440
87956
82264
64370
35982
32698
60666
46617
68925
94180
6339
69874
49923
91436
18534
67362
84002
48648
58156
64983
93054
36335
14991
1890
91964
82443
6926
92219
17102
34008
64791
14045
56054
53194
29978
78207
52360
69488
60237
68372
14856
14874
56917
85518
36890
21269
79077
51463
45255
7811
773
63720
92112
3173
15184
41927
14160
31874
56875
56232
64779
15233
4616
37501
39981
87960
59039
1671
37201
4355
93957
44075
24651
85563
84445
35174
77129
18851
76325
68035
109
37676
98838
39954
1347
66830
69669
24257
50632
69991
42928
55055
63368
87053
23828
68519
69402
76874
74521
4162
71563
44023
2622
19008
77248
10072
89899
39506
60095
62217
76050
73170
87926
66645
91997
79433
89194
63581
85495
87289
35152
89407
16083
76092
34641
81299
37067
25146
86582
47445
48783
29571
41546
13973
30772
48227
55559
14962
51829
95444
81279
46073
85318
36829
41518
26918
60900
25784
30553
73315
97475
36126
84869
60915
72054
4179
424
16355
92283
21656
13421
66793
38629
38255
88819
49244
91202
64157
8880
54173
44331
21457
70667
39870
57649
83160
97298
38331
86887
54762
48873
48299
31725
20510
15630
7849
53438
7844
36949
19266
13463
63135
78201
52925
37191
15805
32555
25832
58807
72929
65078
12103
77310
81824
80818
7627
76934
7252
59365
25085
94304
93845
52369
40676
71597
43083
82306
60330
38663
67356
34777
85868
25124
52691
54004
90631
67002
78114
22313
32789
26112
63897
38946
55165
4042
73827
61578
74234
14763
72431
84923
95993
3017
84496
92570
49329
76054
77993
82670
41609
94114
68230
82825
89950
91553
83331
23938
79514
4893
14593
66028
57764
3279
70601
55010
37530
42191
4359
11690
65476
64417
91351
13451
49968
45477
87708
28773
76975
25660
22305
30930
84931
64994
19523
48315
77006
37686
77301
14281
13547
97135
97857
27562
14613
72634
21596
32699
81633
29430
81094
19951
29771
99230
16912
40028
81987
74206
92449
85869
19664
28332
94870
53733
65169
60071
27298
10147
65222
15913
13268
78741
14961
47641
41432
35756
18741
39184
1307
90146
10687
80399
85209
91439
51323
60445
61392
89363
84796
3064
13026
95694
37696
50836
98048
48797
78210
4342
27308
67441
23428
30295
96285
71967
45440
41795
79985
22108
30933
600
63184
17035
43563
53713
15864
9764
65884
43282
50579
69896
67043
1158
58646
86775
77045
94664
46771
25172
52480
66537
55828
1024
94406
75563
1854
32848
82250
72536
93243
18876
28527
5479
50064
94141
17677
83913
1966
90239
64637
6450
33842
24007
31460
8421
18706
67529
34186
38830
21817
40007
81303
76677
59083
61399
66078
253
13346
85843
37070
67244
87700
80846
11149
30385
69624
7863
16178
49466
34719
50745
5065
2998
46903
86625
76729
15068
50506
67238
29611
51552
670
33522
62341
77077
2163
36389
45858
53820
26886
23990
39170
63298
35552
1893
72531
28916
9958
33980
46417
45763
95705
50266
52869
83286
70260
17042
51490
16600
85216
60554
82458
76496
66961
95931
59502
8868
7236
27872
79843
97367
97250
9667
105
82054
7154
80320
20522
82334
56981
9322
17578
30987
56042
52515
48762
37662
3963
82495
75458
73289
64222
98118
50483
47738
97080
1976
95459
11588
81054
47682
29450
34629
31162
61883
22530
8722
81389
20969
9878
56311
37462
42329
91737
80132
224
1792
18613
90078
64521
54264
54888
63123
67684
18013
44893
90752
8522
9762
30260
30884
58051
30606
21054
40763
95470
79071
8163
1021
89485
30425
428
58329
18840
19748
91579
49971
38810
13838
81059
25325
97585
1165
39517
29254
74909
13234
16725
10449
92958
15607
35023
63192
54584
24412
78643
91453
23334
92990
68968
71273
49288
58058
17394
96994
18111
30678
75724
44761
16903
7193
88667
9030
46976
66569
36738
17986
80048
44584
96417
38989
69642
97840
5875
77518
52439
1582
59110
47858
18002
4925
71215
95524
36740
81316
20857
42233
57808
18080
13985
75786
3192
94616
46784
55098
44267
53077
22132
66734
33000
32502
62617
25035
33034
79081
26706
59940
64793
24547
25898
5244
18371
7044
5663
5555
653
33454
90642
38878
29459
78579
80895
74877
96854
15929
92676
60597
53845
94983
41496
35881
55524
16960
36530
96867
65936
3471
5724
53177
7246
45852
4358
12274
2278
26295
60615
53717
15932
40395
35493
79663
69154
77471
122
7974
87393
87833
48233
4243
5833
38678
66372
90639
95629
40666
5728
92838
44014
40202
8904
43190
96955
91924
85753
57122
5115
50314
95995
5589
11604
78522
67524
7554
5470
20466
55242
39485
39442
42996
14672
42175
76419
17369
76462
70607
48853
10602
22171
53352
84632
93916
95425
42765
60055
25975
92797
72701
50938
5637
41318
42511
89741
34523
86891
76702
81371
126
2327
61685
54810
46793
35329
96613
99402
15960
87135
45069
36487
61533
43489
95976
24514
91443
68468
91213
42207
47334
12043
25555
66463
96828
31134
72772
27680
16591
64954
90667
7277
12612
46081
61870
59045
18752
91405
99757
48300
26230
45480
72880
18609
67027
58712
7250
46795
53656
76157
17373
67015
35676
67862
13185
53244
37813
25852
42929
22767
84304
11883
29236
356
93611
38348
16370
86079
85252
34454
20398
88505
84294
32103
18208
52743
11976
49405
91859
31745
49441
57681
94778
52286
30164
4225
8826
93056
20438
69200
45245
89882
34939
92016
78303
41918
21014
44028
99413
56320
64428
45925
69637
81176
44258
98788
32134
82833
10944
57149
61991
34274
6918
34298
64394
57029
89819
55221
60933
7287
42700
51339
53634
44948
13573
72990
27217
75484
18853
44109
52505
14169
63561
26994
31086
21360
9031
20063
72297
79861
8539
97806
97722
46071
11822
61181
77394
10390
93397
3723
53565
54119
15920
69205
84407
35
22658
32198
94558
45496
19702
92434
26475
58597
32640
84112
76456
76109
6675
32717
57656
65148
22699
77720
36813
10527
7030
7786
89417
99136
10623
75756
65497
98241
68338
69515
58953
73328
51275
50006
36480
59540
10526
62104
52034
91585
82037
95343
34625
83968
51558
58336
23543
69243
79802
50171
17002
53284
92328
16947
94203
9114
98578
85173
52265
16961
25093
47166
3073
48168
18340
46463
31136
50347
37171
99526
1329
76322
86604
69065
37238
88143
62064
40703
60361
57793
13585
80981
69305
96281
56158
26988
26537
11168
88099
48434
93651
2424
38278
64677
10047
42078
42385
53692
66387
47831
18211
92114
93040
5434
8029
49659
85307
11755
71617
89821
10152
10443
74817
2540
63378
69257
97526
94772
83676
3928
55737
4404
92096
58781
18469
63846
90237
27101
35288
23022
56681
71065
20530
63579
87234
80311
21530
31931
95814
22725
33216
61460
66747
66880
99862
88416
72215
25370
31551
60697
84861
39860
3458
90337
22605
52629
90573
34073
6211
34092
94502
50278
4655
41984
32828
61183
23355
31361
23634
4312
82917
34970
48755
42545
61701
65924
19338
85913
64387
88001
66114
54638
24591
56596
60798
19155
19599
37819
64821
10013
12356
71556
86793
2189
78677
88454
16029
21577
88797
60849
50968
65571
84594
57778
45672
74366
83881
45548
82301
13220
5883
56430
46969
41568
11964
63768
68983
73066
61263
81197
9359
58619
99497
87844
95570
90424
11237
19332
43224
130
49928
88907
91687
41344
92332
38164
63303
30167
92171
79536
58320
54532
82016
6013
92556
73660
62827
42424
74395
20160
75418
8781
7347
39072
10811
13978
96864
13711
34122
41499
62912
7376
30959
49526
91353
69041
81563
51965
69387
36588
61241
67973
55021
58187
67439
89151
88229
27244
85174
63963
31283
12131
92955
61440
67213
73297
85145
73206
82221
26127
30259
22074
3178
59008
34268
37030
92028
21506
65537
5533
25924
97646
29048
24333
51773
77022
49565
59590
92290
74425
40522
67834
90262
25193
62897
9462
91207
8174
97050
72069
85700
32998
24168
50466
50185
27160
77263
37824
8908
97079
56040
56592
89722
17393
6112
41893
54475
94264
19527
96758
8855
98851
16498
91532
3600
18107
11317
45575
34796
13923
76715
64917
31452
89910
89604
66249
48228
6336
9277
30998
89514
44764
75779
89639
18031
52671
65530
79932
40168
51630
43573
937
11930
72363
34107
22817
19013
47406
49330
59085
46395
64223
12086
31772
67021
23417
32860
21306
95009
14797
31963
4386
66779
65666
35240
86683
57879
95430
71544
29820
12102
79712
81798
48721
17728
48271
51392
60466
40609
64703
3026
2429
98601
70050
53090
38997
63440
37567
31146
85539
97799
92119
90211
96947
25276
38635
19337
30816
24376
33982
48737
28398
73294
74602
95603
35590
80050
38403
87450
91487
77563
12245
83973
44844
21872
25038
22035
39756
54703
76098
98390
15119
7290
66845
10907
16641
6342
70864
58850
4544
53918
26300
49647
32654
49062
83423
89090
33301
36847
72250
27260
21693
52979
99593
52811
54702
39958
70024
43667
29607
96087
97352
74732
55953
85370
21449
10996
10091
72685
87396
92601
89853
33273
7896
6484
55708
81330
18130
69670
12645
56472
92005
30148
64771
1726
41186
14439
49810
87869
43831
52270
40505
56494
96976
96802
4786
84753
13300
79638
5110
36624
24957
34253
82947
30844
6569
25864
87156
18961
11696
33824
26391
47242
50929
20562
69522
77602
70334
69289
49459
36603
24076
86352
56672
29628
25015
48274
888
93092
92245
69995
83578
96966
58796
66260
57456
79371
41551
87020
96076
44396
4192
59964
30084
86594
55467
68371
29507
97214
33788
5447
30658
22002
23675
77264
93539
45092
78415
83200
54693
19939
2692
64346
19185
26618
6090
37553
1430
5805
34231
7077
8881
52717
86565
28433
80055
81749
25656
16606
39772
64044
52085
1853
757
93996
29105
11907
54546
69125
50607
69420
77716
78362
12556
98293
3640
52589
25252
59984
35091
6769
75647
25835
83477
53542
44717
36599
67374
48191
88173
30021
42915
16343
24274
39129
46734
59898
71167
14865
15758
22790
45631
90067
84778
55326
74089
44660
39286
9262
91472
94777
62166
35571
82557
37533
33300
52386
37955
23577
47565
62364
9100
84060
89076
68718
56354
6352
98484
34997
74165
70028
57219
95415
62996
3968
78092
16999
9580
46551
67415
6659
71372
29347
23034
9419
75274
61397
896
88148
78261
99507
61563
9139
66360
56466
71433
55275
51196
86963
20541
37058
99479
85662
46262
58696
19204
34009
84658
82151
61184
29871
34549
80750
28266
95951
43724
58004
92318
42701
27970
83668
29210
68083
52962
73597
37422
43953
1575
70283
7114
52224
11601
52235
86919
97867
22564
530
79696
76971
50057
33040
17649
91811
12660
41657
96700
71944
31491
27600
36928
45962
60224
7852
74228
99776
30268
48829
72483
91403
84721
53
73665
12608
46397
22265
18768
23879
13067
11007
38001
16919
97831
71383
45582
78542
73393
45617
53818
19284
49674
70914
4028
65655
89376
47997
23600
61340
54484
20936
45109
29538
32529
68897
17647
51998
87128
90407
12648
80206
70548
80103
23177
72871
49961
78492
17891
55200
59020
16091
56526
61205
43157
72636
97119
6247
30614
85219
40413
18006
34814
8865
17571
8519
28565
41423
44351
42778
71570
31016
31567
98841
55401
26069
72197
65391
75984
5074
32843
55250
62756
87910
94552
21463
10143
97107
38456
93338
19665
3939
6686
26784
71101
15283
89489
58529
60802
48871
91081
98447
74492
88175
41947
73768
46706
97301
88468
93384
25885
15380
95421
37542
3072
66152
72629
31332
90665
97498
4299
32868
40665
38958
1886
97887
63317
33448
74085
17560
86804
20031
14467
26854
87384
52528
6911
96946
44591
12370
84639
58147
73420
64565
6416
59863
7842
72429
85936
56548
28165
72196
92070
48079
90979
63971
99267
24849
28331
37477
96939
88472
94528
8027
59164
65604
57442
10833
7836
8433
15978
22501
56271
8799
23147
24445
80310
22708
63183
91593
91940
54002
41512
84960
46072
99082
13996
48549
94167
28034
92385
73642
90696
23196
23466
6472
57468
22344
15943
94608
26455
70710
16369
97197
33392
55153
67696
22916
4628
38769
27291
4065
15687
60228
58846
45857
13770
71263
54681
67142
66657
57291
61071
98506
10712
57465
61889
68577
53381
63327
52825
760
77700
31603
80763
99104
38620
99615
87471
87802
11454
8542
27370
36566
15795
64501
58151
86202
67351
65352
83234
75551
23452
36597
86838
6388
20746
47748
43420
56718
17564
28194
15097
94627
60678
56122
42397
63607
66835
58395
42425
3067
76719
28745
37510
99923
48843
73195
23379
27730
93900
92377
75629
55678
60208
68322
96728
36374
91815
78765
25579
89914
18351
77036
69559
9704
85860
74835
86665
91974
71712
43511
16776
76952
63358
48525
79845
95178
8143
76742
67347
34219
64018
87893
79704
83879
85884
41
36835
66680
97544
62963
48148
67500
81328
49673
43717
99886
4688
73572
14102
47906
38910
59843
15565
15356
28571
53709
99362
50851
51689
91237
49104
57087
11448
68408
82223
76545
52822
69657
21981
16243
48928
88073
81942
16352
18375
8429
13712
83299
8019
50572
37261
31233
73873
67223
80669
89862
53179
15419
98826
55341
34044
43797
75539
91870
2889
67152
10038
18339
15974
84879
97949
86034
16404
17276
64017
63035
1711
26687
11181
88160
5280
4817
45223
85471
99254
46499
61408
80044
72339
71141
9221
79765
79873
86822
74680
71825
88957
44900
54360
31714
85637
38555
47673
14692
49675
98507
91469
99152
38195
60740
37887
26062
46355
60092
78126
42975
81106
95724
95243
79757
35655
32107
63653
52558
10754
63819
35286
80631
82118
42548
68551
50273
59832
45093
81132
57647
71274
16519
57386
44218
78
56383
89804
94595
14801
62258
55174
17231
61332
10981
8738
44675
83598
3514
32914
52448
35154
71099
64120
82877
35222
78147
32578
65956
65651
64789
19914
13352
43496
29406
9976
82474
94578
67442
30437
99596
32571
28314
75090
89282
14624
38683
75848
23501
78592
58254
86556
26796
78083
33219
73312
42686
7910
47239
84683
52745
8622
21936
71521
9023
82913
16630
20009
71474
12334
53125
70588
32827
19247
65691
58082
49054
4326
8559
21448
75385
92701
7773
88095
65561
87795
82318
98056
53149
84695
66578
48542
28384
15912
57871
61896
27507
24612
79962
66429
15509
59277
21104
50286
80546
84172
96296
2326
86160
33626
77751
83802
10969
9703
30143
80291
94217
94678
13594
42202
10821
6142
33349
51781
51347
70825
8279
57619
44742
42311
24848
2749
83972
77098
24423
93189
12639
29137
76669
17155
24261
81201
21066
46483
67796
38828
70171
92805
7514
76773
46406
38043
63198
27128
60528
96731
93
99784
77114
70941
22905
91780
94791
65776
78170
82677
5251
83975
90081
74708
10834
76251
60661
87716
6940
35922
85103
89182
54259
54783
21144
5516
96123
97839
33262
64445
7988
37866
1503
35398
19584
95668
29987
13992
9171
31495
37883
15025
90119
5504
24665
42039
61999
36329
72965
29870
84640
63009
56302
93363
73693
72441
62881
67715
28925
29523
12342
74856
81781
68517
38531
4211
78648
81239
39961
92468
60761
90107
32304
24551
19824
60609
93616
61747
48735
54397
1624
31358
45087
17943
87357
63725
44781
94795
36277
79438
89230
36473
72827
98554
20422
92541
66701
20745
24405
29012
87820
69812
54706
25363
61000
75853
11584
53943
71015
55763
5652
88847
76249
89148
30997
32876
21538
46688
30781
79665
16447
57230
2269
20800
34740
30491
56565
4371
6559
92707
76787
60296
61362
42638
3541
74813
85893
69338
99642
26058
5571
4696
31695
41910
86509
38931
10926
13552
25993
59194
58237
22835
19916
9271
81584
98688
26777
13849
63646
32011
58836
70075
31385
90378
94494
62519
38066
48617
6434
41793
14492
93637
36803
94748
58215
28547
51739
7655
14929
8342
72808
46931
67310
2108
95346
28124
35360
12585
51208
45115
77901
35486
92282
7159
50967
42586
95118
71614
68320
17937
26317
54742
93222
68961
94707
76260
65028
58027
55035
30881
5362
15928
35685
22180
65961
72820
36878
23189
35203
57539
64769
57987
17478
30803
15282
47486
33264
73391
63246
64103
61235
64696
68206
91033
88567
80344
11526
2275
6534
29594
36969
177
30277
64998
85941
42942
10372
9512
56755
70901
53828
57954
74716
55227
86533
47755
13096
36980
13171
67577
26778
20878
10668
86122
61400
58699
89370
82120
28107
12981
75755
26252
93712
90235
24078
84858
38631
4691
37000
14674
26240
90652
60750
34262
95279
62868
34901
88424
56765
85861
23629
1864
1670
82005
54740
56653
56026
3833
88965
6989
87632
18439
8103
2302
71738
29103
19558
64173
53560
71224
8179
3090
15999
27754
76634
12683
39741
69761
67556
5975
12801
32902
86379
48809
18591
34168
13314
37550
38866
79969
88002
95106
63437
71690
94353
75696
50170
95389
28016
34246
8968
97572
23412
6128
13975
73548
87994
48188
87648
47877
3439
96716
29656
23723
68155
99482
70964
26551
45578
39624
38412
62113
73991
41690
46217
59006
57500
96846
61718
31903
71084
16772
68560
82228
60803
21387
64081
24972
10332
99265
77496
49327
4733
66568
73885
35037
25566
99286
32728
67566
85422
55290
71991
51496
98214
27949
7855
35217
68275
10178
88089
75623
60753
99955
78206
33166
3916
13391
24535
39449
68130
64088
98674
9978
80169
70405
7770
56406
97826
96833
59276
80690
72542
48105
56684
77557
39373
54464
38501
93335
10408
80637
71672
72374
36582
77723
1915
77149
71593
71357
31070
68714
2481
31631
84911
85656
18922
27840
98896
12961
31646
94415
93186
1083
88456
46896
52279
5960
68590
92870
16959
21096
19076
37115
16043
15306
38483
71421
25348
9695
88237
14741
67726
61751
73397
90833
45609
56853
29373
74142
51444
16761
77430
99201
51314
7895
73752
43535
61912
96503
65049
2644
55488
13461
58851
98956
59552
69310
75656
54139
7386
32621
73285
74737
58590
53306
59374
11231
29812
7637
83348
12854
93833
52317
97163
43727
77397
48134
26070
33208
99898
73654
90764
80333
76808
49656
76705
890
49816
3315
47974
24820
46077
94439
57661
90996
66504
17220
11066
37202
6554
14056
71392
82011
57341
54733
73401
73461
45271
29163
84838
2329
99934
86559
70692
55471
88850
15058
2578
47480
48705
54683
95860
39658
27739
11769
27820
20854
77417
21628
95412
98719
74727
20235
33122
22295
22798
35747
67951
26776
37934
22721
24096
24495
12681
19006
7989
97293
26010
31193
54422
59667
18816
97243
42867
59237
70066
77598
56839
9713
13668
35482
29907
74596
27965
89996
73350
89621
37313
20749
57335
11050
41719
23001
96898
17802
89235
85275
53365
43540
48663
13700
79589
66375
43387
79061
59147
30686
58332
86344
60755
43554
985
18487
75028
3199
31959
84133
16511
27684
22366
23642
9618
73347
164
52871
71578
58232
61998
19883
47175
7176
74972
10870
67054
10487
61626
32570
35145
39455
73717
8706
93747
93273
56907
30941
44692
82751
24278
26201
87171
98466
38152
22692
37884
11393
6192
45521
60033
95156
56137
29851
10492
455
2681
82044
32871
20766
28657
35865
4921
57014
26727
85968
52304
10491
63084
92120
92353
86897
63675
15157
59658
44585
29179
60251
73723
10020
71472
74538
99342
97154
61040
68177
72077
10378
42598
25824
8806
54691
73845
25179
80613
76712
95622
6912
94081
3877
83768
4825
27458
64970
60130
42807
58362
9130
55066
80684
29580
47311
85693
6975
97609
45804
37514
60969
40878
40902
60484
5329
38000
5099
52509
48294
59781
55909
20556
6258
34826
54754
60044
3816
69102
3683
21887
27371
27529
2659
65856
18854
60231
78823
77489
85121
80196
34905
25548
62846
13143
76960
33637
67897
45369
52803
50489
29129
88814
39797
19734
87973
33575
92691
48307
44518
28296
94404
41168
15841
74916
33217
24170
33998
13169
97749
6932
4878
85027
22583
73984
85643
25215
38572
37084
37356
28447
29512
42564
69733
82241
34020
69216
72593
23169
42542
45287
38871
91383
30815
95559
83946
88818
29227
17248
30590
62653
78412
17039
29608
93032
62652
90396
19631
31437
60805
2893
64942
46298
75964
69614
21843
74861
87720
17090
79510
909
32209
80201
37967
47836
89063
52140
49738
10850
82358
85541
26666
56490
65565
10724
20489
94585
66889
87370
44187
72411
76195
87964
57667
17374
49752
88570
5497
62943
94688
37348
84809
86109
80341
73216
52593
34287
4262
42047
7827
94430
86546
62967
73888
60357
55451
73915
72647
58853
50381
23481
71481
32174
16096
19560
1137
92559
55535
33628
19767
65151
50218
94385
10614
2932
89315
83956
27773
33498
64380
28167
47727
62660
71929
85396
81192
48423
52061
8316
82070
32936
78676
75888
55052
97746
98193
44405
88844
57411
66009
71626
21707
81519
31983
63280
70069
55681
93392
3393
51402
87138
21576
47018
75326
69898
3553
29395
46966
60191
40201
39675
3873
89818
96237
75298
82795
2492
32660
26239
28329
83354
4866
68682
91819
95619
33974
42804
17964
50285
85584
12192
8104
65817
56936
86126
18337
35448
77020
63215
32969
28233
6632
24111
91080
66628
6720
15029
36727
19439
43466
47461
77776
43839
9487
74880
52848
81297
64493
18419
46645
22022
1524
50963
4822
3996
104
70979
81935
38914
99298
94127
32013
64407
34320
60496
98176
4758
28134
6248
91587
68890
27140
48476
33644
34844
7949
94258
99578
73712
38682
12982
17894
23561
6589
38610
82736
66911
67114
96251
28619
54168
37256
2119
73613
79600
8939
65921
13474
93080
79587
8186
94224
89814
24302
83633
4062
14499
28222
36178
56377
85092
69451
76603
94908
92650
3400
19794
91096
35980
69714
85418
25905
13475
67200
54970
96486
53310
4703
84863
50921
8710
57714
32161
33184
51573
74681
97774
95431
84331
31434
33201
90585
51197
84123
70483
88502
51562
63291
26651
42220
20369
59740
23833
60067
96017
20120
85287
39781
57118
39984
57281
80636
75695
42574
17924
33176
81313
82148
99350
67705
50027
36557
58199
22112
34588
56067
58093
69060
78158
5872
86968
37796
54427
67457
85000
56510
29006
15989
82154
75354
72788
73919
93109
46562
36380
3669
74480
7362
55629
33326
92311
10553
11299
78425
48667
93979
57245
76338
10609
69141
89493
64806
59331
12676
89274
61992
15586
23007
70955
36729
52147
90394
30046
14951
89035
52251
75774
39854
61652
49301
45662
95190
63845
11830
53318
19051
53757
19331
28160
92671
10376
42213
4209
49554
11944
7254
77705
33031
16238
29918
20321
42105
9690
51107
5267
23998
60832
56061
69059
76518
44216
98073
16385
8964
40109
90083
27879
16464
69186
42069
96202
4298
19630
83469
84882
17474
66602
44887
403
59287
78880
35221
46386
79965
73609
41532
88703
2299
32579
84358
67150
2964
43509
75230
95012
67843
76797
26690
12392
70984
55754
5531
76070
69025
83432
17616
7381
29971
46062
45783
41173
48693
63671
64595
47859
54240
88938
92341
44071
37703
38514
10509
55429
26869
99890
50426
46604
62099
87996
8673
57316
45955
22573
92719
27187
36758
71586
98547
74846
48611
58396
79754
79650
42534
59845
97446
73631
81149
48154
90122
9948
8232
83579
90697
86763
19173
83323
85852
95222
5449
20788
40560
945
35764
32184
65570
15673
2584
24932
19745
97326
8929
65879
78304
12796
17253
20730
3355
5396
6325
28041
51344
77519
27068
16037
40328
17606
39364
23604
35377
26524
33820
81209
80043
59391
42334
47675
27669
90274
60862
140
99315
13984
85056
65647
78041
5712
10274
9952
2407
97205
50211
44126
59710
35634
18995
76167
85551
36323
84480
86017
43718
2198
36171
99761
36879
9362
96991
98139
75319
87094
29495
20098
19134
79290
13853
42816
90349
66012
60423
56345
58427
17260
81641
13579
97665
30104
40588
78042
6616
9349
26575
98361
87304
6115
48950
58862
72695
71416
98345
24428
17349
65699
78225
86226
10014
37220
99921
4188
32024
67997
94322
40020
11833
76882
13447
43784
64601
76420
17910
64008
656
61969
21863
80571
33147
51759
22750
43409
19781
59092
47029
24321
26617
38691
75712
20775
33197
17348
5714
37639
63366
24523
30134
27461
57806
11038
61732
11790
52780
49873
75902
62461
24998
54749
1875
77721
50973
5996
22547
55720
80793
3874
41055
95113
9265
87054
48961
64647
3489
52220
87508
54664
76366
96280
64680
43270
43186
33303
53897
47287
46451
80106
62512
87377
49204
89451
41238
59942
45499
57783
33157
83714
11085
31172
32057
17128
95205
22415
97649
86778
38829
94810
6495
72947
89707
83128
9481
73858
89094
71214
39080
72072
46464
44823
47616
1679
73747
38336
22560
24260
23031
52215
97613
38529
50086
25517
38325
61297
76630
60006
64054
57707
50296
67046
70573
73994
38541
11252
70816
77325
78665
69398
20342
95876
28500
14960
94845
17272
97848
66003
79850
59572
4634
64247
34996
6987
36780
57832
99346
87819
51469
9583
28739
85964
40225
8461
98231
92388
74511
2014
9451
94603
21483
35183
36273
36925
89074
2936
92063
76886
63097
22535
51529
79058
28070
47548
12143
74442
6656
36117
38809
35020
31076
61520
5424
88246
49140
69414
763
60937
56859
29202
82421
56743
85133
1428
74671
56000
80060
85778
66219
95034
76557
28674
63610
8124
56514
41101
70384
61465
65278
99659
81388
24809
24127
71106
11988
83115
14575
69404
5496
57394
16374
211
94752
6194
82399
48595
981
52431
68386
41683
66005
71933
20289
3404
25595
74013
42858
32702
10129
55256
29003
52236
61476
71780
58722
26992
97530
39885
60398
88265
19997
54454
48561
32975
22346
13443
57377
30948
73462
7153
7971
27301
47844
1598
45319
68586
55716
1237
98144
85016
56309
42330
77260
73738
34202
95890
52604
52973
13809
86817
80881
4676
93115
35570
61300
95578
79746
29133
38624
76657
62223
8172
8613
39852
14370
83924
95780
82676
19317
86731
43503
99650
46506
78386
86673
11486
42379
40628
22945
61200
90293
57744
88680
44346
57565
87096
20816
34520
81361
27997
21902
87671
88102
18634
20508
9740
47528
80674
47705
84333
95016
74136
92857
2853
97511
29494
81704
66875
75911
2344
81536
71719
69725
84359
37828
64946
53248
95585
20514
1635
93945
54215
3653
12042
54857
61337
16566
18625
68735
61516
6394
92852
81617
36562
36271
74214
74081
9120
83388
24101
47327
24804
15109
54827
15468
71443
79753
654
11120
94701
47904
79735
63667
28075
19436
28554
681
77493
60626
87858
10478
59118
43815
10971
25646
53454
44294
89244
22626
84487
88609
66181
2896
61731
56119
90948
78867
43165
24473
5505
80214
95661
19615
17141
25688
57977
39831
22814
88420
79281
92101
86374
38194
19301
34017
25752
54261
52069
32931
98958
93622
1365
20595
50693
60470
21026
91735
68967
86441
24459
93469
79045
95994
94669
50811
53448
52101
24610
30657
11869
50092
56488
76170
3602
70890
40564
59893
20414
70270
42801
66162
47375
69549
96097
21740
66405
47281
29353
61234
36291
84740
78313
75825
63431
82951
58321
47059
49410
66566
56685
34335
88453
3707
9584
19640
52777
42936
48902
52044
23583
47936
23655
57975
54606
65606
2524
18012
85455
32352
72658
64399
93949
51536
55365
2079
14072
10450
17095
71085
99616
3878
5865
46891
26931
23970
73721
54735
67564
46413
3742
2559
40611
70656
35713
94919
53104
17258
77899
84935
68779
80968
15661
50156
11419
92599
86747
83431
39223
78062
97207
1229
36830
14908
96974
38033
2724
18567
72226
83709
30544
66006
24920
8149
4063
97710
71928
45680
33663
20639
41570
70213
25697
63448
92322
98394
44570
43856
8177
45108
66188
16057
75433
12160
50003
92347
77894
57901
52915
83556
11253
7753
72508
75587
57212
14724
91386
40556
57106
50358
3283
62887
61490
77812
77015
42216
44663
19525
49356
58875
26714
66398
38105
62076
78128
1653
56089
33137
55380
22324
18350
89496
99016
85420
88096
54679
56663
81362
95157
79916
98858
87689
92453
90977
30335
96497
62334
43645
85265
30774
51633
22921
40793
50128
22059
97612
40755
78910
23979
88768
15513
18346
39544
80618
74519
29846
76550
57687
73797
96951
17221
73261
305
83241
61614
94281
30823
80949
77171
12056
30771
77466
3438
87646
45462
21697
27374
65300
80298
78247
13019
50043
33942
95733
97782
3575
21342
88560
17600
91617
78302
9427
10921
65839
90840
10750
49210
59042
89631
28197
60567
58752
79251
29553
57009
26290
6061
26934
46735
13433
89375
17503
58090
23939
660
52561
63915
22024
55769
42779
88418
4738
54417
77194
17456
20526
98684
22915
4252
91003
75133
31058
92941
91901
25804
72614
84270
61645
57880
75031
14949
85734
34240
45279
79192
17018
58982
69723
20199
99177
64073
7227
36525
30035
84516
37714
45574
93875
37578
1855
44895
7166
63427
41495
70538
9803
34693
11414
59050
93697
37127
24959
32824
53638
20889
4163
8614
75315
36711
54632
19114
95407
29372
39214
72114
37075
84187
54767
95809
2015
23626
57375
11596
34271
13683
98733
97308
85887
24518
22777
24548
6789
97875
96650
80950
20577
80926
3322
70376
68784
71777
67497
91152
27599
41270
42318
78574
10302
90724
3832
75994
4076
93023
54255
98473
35849
16408
70258
89500
64792
60648
74150
20536
18236
52418
97179
52557
39637
10416
5793
7407
72586
18018
75293
823
21786
30860
96904
65228
86524
35999
706
77280
57337
88010
18102
62718
51978
13211
82965
43438
64720
68933
43035
83488
42546
8544
46076
76466
85041
22568
89854
66088
53954
95525
72457
83392
60348
30529
1277
64257
8054
76090
81964
12893
16916
39425
16780
25096
99599
42384
30475
81606
6951
87594
14110
7542
49375
41520
84558
49699
65504
127
33524
18584
46374
31920
46070
82948
95930
696
13674
77391
12488
55474
97852
21605
56945
30848
57266
21068
34286
18491
18322
65386
15819
31868
42280
91698
90498
77903
50702
87174
5894
91432
11918
54671
33036
99877
31453
98059
4340
66192
6908
5732
6320
87444
97595
7349
49429
35641
67197
75038
62981
96632
21995
97713
27845
73014
99770
99407
76548
8268
71053
25464
3700
31614
49899
91676
42112
64341
27720
47770
74634
72774
12595
71278
96220
34536
18822
20856
20947
41249
6550
38853
53774
7828
36417
98793
62273
61976
90559
19009
76867
30582
18523
43985
91332
72193
79586
49201
69834
21508
30985
79385
35143
15054
1901
8836
93239
64118
55975
61046
40787
65340
96080
20561
62820
37113
56572
59534
78640
99628
5515
75005
3863
76061
48780
97775
56242
48429
12722
2499
71959
53408
9822
14901
78213
92730
62870
15167
70387
62731
76285
86145
63115
38251
29724
78694
65052
5154
60981
99664
92920
5123
10715
11141
6338
68942
31484
28020
60342
39536
90132
72738
73840
44172
22740
19369
61818
70927
13802
36815
18456
277
61251
82633
99711
12465
39690
50074
96159
73121
86794
72597
4535
67141
73173
95652
25310
50786
26247
35927
99478
39857
33768
13548
22431
40081
13195
89080
32271
5141
95684
90474
1151
89875
64685
39937
40684
55346
13982
89997
49392
15365
21634
42519
68765
38446
11617
92055
30391
20814
49481
70249
20944
36443
64218
54036
79688
98196
78901
98541
48391
54629
85086
43955
53607
25484
25417
59369
43633
79176
19838
58165
63832
6678
62468
79771
81284
37229
26604
1724
57306
57731
23714
94057
60974
24785
53962
78959
23414
5385
63555
49976
6741
22323
27049
25558
50096
37790
45607
84835
80687
66541
2963
5601
63695
93168
45323
18861
89800
64189
47377
26833
37791
5163
56129
65308
14481
34410
31991
50659
40934
23661
50274
52026
92374
98021
41035
16873
94138
99900
14379
44416
79599
25863
4121
81423
93449
59114
34055
40392
99252
27569
29886
37263
35880
72666
12344
15257
85462
87488
66027
99250
27492
63706
21330
93645
36268
81559
95075
41958
46769
41931
62041
18119
19468
21766
53392
88972
28783
6422
72081
97414
4841
90688
75820
81306
22769
29247
59306
53739
14213
67929
51289
30488
77428
82026
82546
60721
79893
68356
79512
55465
48916
96920
67888
91850
35234
53807
20400
13781
79417
28972
85165
34517
72057
37771
43304
22543
90369
94020
19549
62725
45640
6617
66726
71868
13528
81490
77809
54163
50443
51627
97210
95143
29825
19847
59703
70087
32021
75380
22656
5630
15596
48547
4092
99132
42698
30357
48932
77620
56671
6143
11030
57785
13994
5842
49142
96102
50118
69686
65259
95900
36714
21164
64773
80702
61760
94874
55387
38591
84008
8852
13739
14848
36831
27526
99501
90871
53111
79038
50877
3030
68825
59474
29696
7160
54305
28615
71858
33826
8685
60309
31430
87491
8256
39725
11511
84719
74582
95237
82603
58210
14421
70051
67923
20380
3265
50463
99718
89027
76645
31046
25911
44469
15649
42888
66441
62244
15228
50480
96579
11715
19832
97558
59161
35663
86615
59109
96105
83072
6826
88793
93799
69152
26654
72381
93073
72551
71982
75662
89913
87442
35365
4798
75864
81260
38679
90345
20625
55120
90398
93983
91747
95391
61064
47558
3202
65541
13716
94581
69777
56162
8927
27322
25692
34512
29709
605
57110
92979
36681
72527
84066
52190
22383
41390
62883
62229
46724
81005
84436
4255
80572
433
59541
20690
49796
96803
14271
615
93984
18810
5266
47815
78601
80396
90915
70313
32846
89010
16863
52496
10867
96866
78061
39121
38416
36856
84414
30564
30800
37027
7690
57429
73371
38073
167
54234
94674
71849
61974
45862
65195
32285
75663
74810
59321
54509
48486
56
67250
81787
23860
76432
75657
94380
81257
36026
49652
79812
35190
83441
69508
28199
75082
79476
40018
90236
91878
20940
86881
26904
25249
58549
203
59633
63785
73799
38966
64896
25751
68128
8504
97528
2541
28149
91966
16189
82233
15288
49351
10633
89940
8603
23353
62645
9955
63098
16218
51776
67416
50784
45810
69900
94199
61482
46016
60109
51290
67179
34533
91333
99917
50589
5948
16922
80823
28552
24676
72672
85625
69545
94115
45968
49135
82074
3815
48726
5688
62449
23460
61474
28161
76434
63510
75944
3161
60256
39443
30119
84448
88069
45205
12883
46120
15729
17767
2781
8678
75111
27659
80357
52712
48885
14167
67601
50613
50642
10733
20740
78971
1409
9356
20388
95382
68749
61898
45811
46613
71069
76592
67960
59708
38190
78927
35811
98051
29613
10780
21088
94636
21236
77952
78667
48481
16181
18762
98636
12062
68813
90491
61284
56109
13204
44501
98310
22258
80730
96501
71318
77141
12733
53308
20462
47148
51252
44063
72606
44119
85798
37093
33677
10485
20801
55440
95231
20612
62787
25521
59423
66874
41742
40230
48587
86815
74117
40794
96106
40267
90960
51457
53976
39105
60916
98364
22839
36689
38672
83118
9973
55695
2008
73676
94751
74750
44824
56059
186
61845
21471
38922
93549
71395
74084
92706
32945
24122
97866
84871
12452
44749
30633
59245
9313
41159
87574
32725
84262
16042
96711
23931
8318
52053
41267
10711
59498
75009
25823
81564
6740
18779
77695
7876
94533
6875
19300
68266
55566
76114
66333
84278
86319
93998
54812
81779
76337
47467
34637
54536
50909
78552
8483
98904
84722
37085
97384
21403
96040
10853
91368
24343
96060
85874
84125
58561
84228
50881
36632
54654
66089
86701
10261
32624
60085
97973
15804
67061
34968
99001
26643
31624
93156
84243
69752
48756
68410
84353
99415
22715
38965
78767
27053
43298
46214
47025
1077
79986
8275
72860
77259
70351
46631
42324
62317
72348
65831
86522
67396
64051
45160
26250
9814
94991
51967
93973
71716
93555
83500
51277
10413
19546
1871
60785
10945
23027
4131
53151
7413
17615
37047
59254
82167
86055
13116
24857
42024
54721
97992
36629
86243
79375
2241
25534
84990
4012
61619
18287
78466
65111
82038
8547
70263
81682
29789
7509
8584
24629
89268
98371
19228
1472
33069
74559
20761
48356
81598
92667
84430
99585
72784
37492
94554
70625
84117
13866
86780
8015
80473
4731
33799
62397
18919
88522
26479
3685
18814
33314
13510
77191
49926
41780
24617
28510
5410
36698
88194
95301
9795
60234
57315
99571
98121
63356
18460
81226
66076
20425
79523
94759
5551
93090
55651
52868
70271
35305
12746
90905
91635
42562
75950
15182
11129
42995
63604
97604
18434
31117
57368
14621
62538
10042
92923
5323
17173
95998
93348
84444
69996
91039
49820
31163
10555
33511
83337
26723
42892
8753
84702
53435
99106
64830
18688
2207
97969
42120
63778
28273
22439
70308
43507
25691
35652
23128
81554
51896
46770
94559
33470
77634
92502
21180
89757
50658
84574
40675
82596
98705
13412
21034
77292
72088
416
7969
38947
22177
67006
32315
86366
20455
7956
22930
70125
6727
72839
50547
4150
5855
29370
63064
21598
28827
31904
47397
1005
74878
36267
12431
7947
37117
92071
23124
75875
45147
20533
83338
85711
75676
77750
62316
66341
71265
53271
38406
51585
49950
76749
4114
65939
4805
88689
90268
77740
13942
29753
72177
31564
13446
63030
18151
90089
68031
68632
80787
61917
59567
10311
11685
19280
43094
28889
83575
81335
76360
76425
16490
19895
32494
64065
12328
55128
68840
50618
54185
72453
8267
28531
81567
25282
1322
47383
71074
28352
88186
95172
53493
27855
68328
14806
88324
62356
11800
48326
37859
20674
65414
39156
40712
2343
68686
68446
75586
51189
73228
95220
88868
73606
67144
57364
52237
37793
54931
30054
23685
61273
29496
86660
49061
3146
20035
9565
84741
82502
7840
92130
55691
42072
27765
77441
11860
21549
75826
83221
67894
93465
66184
18888
81759
90172
50176
94358
95980
1548
24724
46746
91749
19095
92984
80985
7519
14597
39763
70398
61016
94424
87266
23145
60211
67447
42916
84312
29378
30441
71897
66797
80416
53207
38537
41619
39525
40900
45424
13349
6418
38669
41870
39340
77166
13586
94808
95028
77235
81768
99388
94614
30725
82342
68602
34204
83795
78738
1362
76771
13282
75066
45382
67561
32763
52355
75528
28624
15952
73452
29039
64177
74130
12903
55191
20796
43737
32960
82776
85065
98101
83552
18069
86345
1696
9118
2523
96020
71345
71969
43791
69695
14026
50598
24632
21204
33526
89900
71949
51994
49040
16918
6370
40089
97802
20290
33204
5113
262
52198
77761
35036
94948
15240
84760
967
99414
91761
75661
15451
56728
88417
93201
66583
7713
42097
56380
3849
44309
68922
64726
23560
81992
55475
18458
14846
79249
31575
67246
90788
85924
62737
98499
34201
63717
87453
26984
69889
9287
41155
98259
64642
89038
46956
17706
56916
87862
14706
93231
96970
18622
18533
89220
40283
39942
45001
69444
3744
70133
83390
83052
30776
81993
92407
68373
20835
28360
61575
92053
17908
16944
62285
38010
24474
15976
87729
90944
26116
43433
39995
50961
79702
14484
80806
36415
47938
39920
27716
46082
80480
38991
29994
99619
87155
13382
61257
45654
16529
74720
87126
94801
91711
88631
95462
80670
43460
3526
45816
46415
67219
34792
28909
52054
30627
28503
65417
53888
7052
49420
63754
60748
49687
75063
15110
93741
57069
40210
454
67035
28026
25303
40981
5970
46547
55598
14165
22181
12287
98133
24247
18974
48742
28689
66831
45264
19011
71787
56880
82572
46513
53551
77069
73970
56664
13687
57533
95226
82823
65280
75309
39896
65027
56096
62713
62799
63624
39457
87286
8998
32976
37877
81095
52222
62125
84266
31881
86188
75807
39328
20354
17591
16901
87469
40289
54771
70571
86415
43693
93644
44784
26245
9624
79728
71793
21309
75660
54755
69804
66763
70701
94744
29468
35689
81157
82273
1299
82006
21224
74053
45839
28754
95040
59432
1647
84518
39654
75811
8760
79094
97307
60920
24886
54073
2658
11018
44541
69538
37495
20628
34090
32610
39528
1518
57554
28158
48085
88983
99078
25773
2398
74753
3545
5558
82907
53685
70457
7667
52861
53443
2261
59596
67160
60321
12527
7124
74054
5472
12134
99823
46662
79999
78138
99817
30644
59484
87292
91407
20015
23641
45311
19217
34319
25248
34723
14303
98430
3664
51422
3372
57002
48860
79262
74289
64310
36785
39815
77193
86599
73629
98042
62305
33406
14437
46009
34770
78011
37031
9326
25669
5029
26590
20476
6684
53217
12539
42750
26527
47801
27275
68931
68596
46642
52529
65451
25292
46078
88499
81447
87876
51018
65526
21849
20576
12462
39999
58541
35332
73143
91743
88880
53317
43912
37766
63177
64840
97706
23159
69002
75023
29556
20575
43982
98582
69820
50992
68364
9968
89665
14009
59218
69920
11864
7946
87110
56046
73774
60325
12720
54058
90509
79519
7083
5171
29585
38623
24176
30281
15659
14423
27451
76832
89943
79580
17133
29080
78966
74367
85269
44167
49834
31674
85358
78381
48881
38343
19978
67745
75408
32030
41844
51858
22230
46019
80074
73429
57768
49045
64996
48884
71903
39102
6241
99732
59481
88050
29651
53062
9217
76423
91971
89666
23704
29201
34209
4267
71962
46925
93997
12166
13577
79558
94295
55931
12862
79815
37693
62298
46752
54396
63711
76348
16332
82255
66331
21739
77813
73939
6784
10662
50351
20104
51698
73407
70846
53518
4159
82300
8488
18952
64070
77882
49451
64007
93775
379
81374
97516
35171
13654
41878
6663
14690
69916
79836
11226
54885
11408
51956
93547
4186
37942
7662
61256
89017
82336
36849
40753
46117
81412
92888
94763
41700
84390
92428
75206
6237
87539
73965
81912
34999
93818
70315
47022
10544
48559
66823
50972
57518
25003
80998
60624
72027
38745
3284
20724
52358
94161
73287
80593
21194
45403
55382
59747
39556
77273
70937
91540
8214
58683
26927
15546
80632
4246
23073
30746
3023
67178
24565
73276
90809
4126
77369
13386
99336
97129
38998
3181
70650
90603
16211
70655
7470
6109
89052
3274
92967
10682
90253
81609
94354
8016
71302
45941
58271
93477
66870
14823
78928
85198
45017
67149
85052
53171
19176
53964
54862
92412
91689
52759
87530
27336
96135
93155
17806
196
57857
86584
24282
99317
79395
21589
83207
34904
68414
5840
38362
23773
13638
19535
55620
76699
10731
39668
33132
19551
1727
73990
48757
2155
44092
28824
25806
87058
50647
67825
55014
1506
35490
71656
87152
61246
28897
54344
10187
89783
61323
64663
53984
49513
62439
48242
42178
13176
88997
67133
35419
64934
34812
57704
37271
12955
83190
8860
31761
30640
47947
68903
87953
85764
64392
9056
17754
20975
71429
86668
18109
8922
86579
4343
85481
38248
87271
74918
41273
56037
45358
17147
17822
90836
62098
50408
59985
64610
83237
17304
26731
42335
86320
63283
42622
41212
81454
20435
52544
93860
18506
66147
87118
69915
31906
21270
6140
47203
97388
3767
33423
4106
13368
83623
52277
73528
26454
25076
65671
70582
65283
38060
52126
94001
2685
37140
18100
33215
86917
12218
28749
89767
67005
43707
63067
8889
15300
89734
84073
62798
3615
9301
12912
93758
94974
8294
82262
2517
5749
31234
1427
83314
53616
86290
37377
26711
56661
51179
44669
23268
60270
17389
24242
68286
27056
16294
23826
39378
37895
8343
69049
4990
22735
33838
70654
69590
62134
46897
37737
8453
59961
1805
8484
23967
42851
52100
77932
96541
35913
66989
4845
15330
45841
81637
78070
73953
45940
228
77909
8127
14513
78063
45584
29965
52348
22667
44878
92589
42408
77150
41702
45240
58088
99713
31148
19275
93895
7243
86266
58650
79173
22755
59419
58072
10146
95636
58304
434
15152
70795
96408
60795
35878
84130
95754
51498
89583
3305
70323
33607
13374
27215
3102
97688
85163
48581
47899
44961
32917
14292
92370
46094
64936
14197
26022
35943
99518
3720
52885
96513
59415
64278
76876
14552
86628
5937
29000
3272
75427
75214
9351
29894
23518
45735
12617
68317
93232
29423
1035
81155
15552
61007
13969
25376
40264
42197
3710
80983
35743
34205
75823
22008
5418
69518
51722
5608
60482
40025
18525
77854
24747
23754
55649
56644
22809
91596
9647
87875
61932
94012
66840
47562
9538
16459
66365
10684
18813
4256
15855
2910
24292
123
92587
63430
3552
95250
62329
98885
33724
13756
13012
61719
66975
74112
54912
97555
95046
99658
92515
1719
76204
26506
87561
32378
28713
40742
46046
94969
6302
23127
70449
90606
86810
49843
74124
27133
93858
42204
23395
37989
75058
81097
28432
98255
20210
56787
60813
91280
35930
62469
44870
3761
89270
39872
44200
68824
5692
55981
30107
57005
80504
23232
2571
44129
58647
45392
55112
33477
76769
48412
82969
35462
36474
72043
73187
41099
74694
15034
70717
57090
67557
10759
89537
76094
42014
25323
91835
69860
62717
76047
14360
72564
73580
29243
62738
99085
1003
93944
57194
79022
62308
38661
42875
42501
43650
11440
51253
80838
1095
22286
93832
15139
33324
58179
56724
69516
48450
82710
94492
96009
61124
13835
87000
41988
41895
30378
62920
9370
11316
82150
89645
68189
36396
96093
84396
71255
55696
91844
37506
11796
71196
28166
45593
77240
45045
86806
59259
85046
33236
79068
75904
36862
49593
14904
26708
44926
41856
76588
25390
75599
31075
88319
65613
42889
36716
2039
46375
58272
53237
1661
95973
4963
4139
87692
2057
61206
80160
33579
85238
99270
86517
75222
63026
80628
57929
38369
90313
68869
35893
45775
32092
49289
90030
14578
21564
80775
22797
38565
59824
51092
79374
4498
22137
93041
99007
2509
44143
47988
19627
13422
86456
47031
27696
46441
84817
68564
58719
21558
36405
97168
25722
84465
82387
1100
48288
40555
61566
53519
83694
36604
91732
586
15005
1405
99538
3491
4865
16136
74199
17960
86074
91831
46277
16721
56328
3864
16634
33118
11114
65017
15623
42787
34363
68033
20588
90200
93039
2183
53375
55979
32003
61562
9763
9620
26603
16031
4226
28559
58041
36812
68941
14751
60509
20666
545
40400
27860
43639
27359
15628
33284
83753
96815
6883
45826
48645
87273
12018
19493
17077
12357
23333
99241
55459
72270
27470
79464
13618
75442
98230
41662
57659
58536
94094
97341
91372
22520
34611
10546
62804
17328
35027
94602
71417
842
97065
49001
80260
47980
17059
93676
44560
11842
87948
82441
45164
48489
81307
72643
69972
67990
3276
17826
4049
30136
16274
77227
40869
77648
15245
74454
41660
85050
8891
64887
99058
54765
8378
39847
38808
25395
65853
75588
75667
51559
44205
82111
59684
62504
45638
78898
18652
26323
7312
97950
81233
99905
60376
86500
85762
34543
5294
31559
72910
58068
93396
12088
8420
46789
37154
31557
23627
23514
80258
93587
78298
73502
3476
10114
49997
72746
68353
11327
87247
20817
48403
92460
41557
86348
76684
43080
47743
14405
50943
43085
56773
26310
7882
3953
12671
65336
11291
2610
28005
3753
32226
56771
46350
91377
95408
98997
64799
41724
11315
17109
97781
28910
54386
12938
71800
73050
93375
74359
72412
18204
25288
28473
76313
456
43967
92261
84143
13401
14523
37595
1744
24200
23104
17968
50288
47174
47635
48244
21717
9323
94663
83901
81367
14127
59462
97761
90209
70081
15951
15814
55019
26955
67126
41581
94213
59612
16115
74932
89186
67349
99318
77885
816
45836
28449
52078
77995
52074
74385
17790
6439
61987
20328
46847
59296
48769
93047
18944
80088
49960
69251
22698
77763
12420
53223
11227
14132
15204
42350
86776
60886
60729
19090
70730
81025
84711
12937
17832
34314
6786
65915
12257
45473
37631
96330
98761
48574
50630
57797
95962
11771
27431
48339
24999
34149
8888
46079
63935
28376
25900
29009
88743
75241
16845
43043
55340
86316
47183
443
82929
56832
23106
80517
9133
48334
60579
85060
37007
98704
54080
47928
44763
37894
8649
5395
17667
5687
64767
28945
68883
27317
16690
38122
85515
24313
67242
8822
96631
46972
31842
10993
71662
7137
43229
20078
19303
37174
91611
7285
4988
84208
90763
90110
2126
30982
28974
4687
81495
95087
90360
34665
93153
65330
43378
17679
44872
65598
48309
28543
67207
8346
4982
58166
30369
93152
28617
63452
74629
12219
80457
86229
24273
1676
26751
74663
72657
61185
69735
99838
88436
52814
11973
97430
52807
25759
90180
84572
39424
85564
70424
36200
40329
79918
61272
51395
27464
59427
99271
10144
76107
67354
58167
12365
26356
82854
48544
33503
60713
82130
54127
51351
77895
77544
2852
51106
57683
20543
53981
46936
86247
14031
82448
69262
74751
82159
25334
61832
83514
5576
62173
28939
31017
44144
67532
71200
41869
38894
47920
93415
60709
68585
39727
21256
98691
24458
341
59553
90881
86690
68385
67954
49808
33020
67249
91723
91236
43250
85891
37425
92653
34855
29492
47256
89761
35364
1359
44213
9575
22401
5232
26636
97239
50149
56898
1390
86261
6902
5270
46405
36484
31876
4420
34586
17066
77135
51470
9499
41107
35018
20434
9533
9759
44368
11265
27537
14479
36279
29079
770
11767
76151
52728
39606
70975
77734
95649
70490
15600
72126
20699
68411
24454
79263
41109
72608
86369
83406
30459
75483
52274
95538
24945
7953
37177
9022
3354
67820
32452
80866
50234
2678
51279
61717
17559
56737
4596
18780
52379
86249
46109
61561
57652
29581
51374
2709
50701
60331
56720
30490
19988
58096
52623
79095
783
82972
10589
10873
30532
18222
73498
95191
60923
69199
85998
62968
11961
19376
14869
96832
18053
15160
82987
96383
86866
95794
30581
15457
67781
75003
54975
19897
24130
58714
31928
46663
69881
97715
49621
12517
19223
18848
23755
41989
54455
66309
10303
89647
36586
8170
41408
55550
94758
77067
41297
23211
21167
38211
8336
62578
47487
84844
39037
91078
41367
51178
52163
99646
41775
74143
42469
35722
49657
18998
92276
70946
74730
39183
46307
18731
32873
18934
85841
72786
16957
14502
48727
58754
94484
62071
88091
97524
97417
24573
13356
98154
18313
43363
78663
99882
62977
52165
63117
24109
36444
23971
58294
58381
44379
72694
65155
41283
40437
98462
87905
31634
95761
84873
82719
3650
47182
78853
37295
27177
82560
43396
39370
20281
24911
97188
47774
16934
93708
7270
33322
9299
35470
38426
70110
82755
81661
5569
14819
66858
78843
26901
59066
23662
51
15438
3240
35249
60612
73525
90404
85635
67272
51166
99273
38312
98602
78022
16578
40997
2096
17367
80369
43497
30280
71842
98954
17103
41815
9933
57755
2253
34561
50439
35537
49292
34573
15598
27710
9576
62773
14203
37868
92790
1366
99313
49952
87908
12358
29228
72329
33507
96288
30750
80561
47068
4364
78838
73540
27606
50622
24208
16232
42850
18698
57297
21297
55561
37215
34618
58132
59026
44423
26657
76933
40110
39041
21028
38587
36838
82400
68515
1553
24399
7485
64676
54784
16577
1714
96605
64049
43319
50872
75397
66625
73113
59639
70621
96940
35301
97477
55386
9341
65849
72430
22565
61531
71026
115
46139
12835
98443
28702
85154
80172
83046
30954
39018
26868
16273
88704
73576
33787
53000
38843
83723
38330
92064
97624
97348
9344
33518
72675
52455
37207
62432
83963
32996
40822
29930
9797
59580
1581
50815
72626
1128
35195
84962
2145
25737
3709
44120
97242
53303
37557
67698
47621
47863
71706
94216
9925
77984
64408
13330
21882
17402
15016
43644
73598
65183
2508
59216
87836
18887
47329
5181
2561
1746
18827
12037
59868
82295
24756
46667
84768
73960
29551
34558
98626
2895
20880
94481
79372
86446
16679
73902
97670
1437
30255
8701
10496
95269
12772
42491
9534
76922
17194
35410
79043
95266
33335
16609
85243
56031
67363
1044
75804
38484
32233
39973
78641
68750
31342
6705
27435
57780
60541
62248
43166
2338
25389
93371
2413
45588
79354
92813
88047
26132
80999
54109
68597
17207
76197
88343
38201
34254
93225
63486
41992
67313
64000
37420
59326
5130
29869
44739
46895
87498
63470
59460
11401
46478
69330
55398
88641
18615
25611
71479
6703
76730
17899
66470
63080
28228
56527
21351
6702
23200
66281
7742
61208
93784
40030
18773
95558
65519
18335
81607
41487
92825
23825
60460
64298
3897
76713
21744
59181
9192
49979
70491
76992
1140
22287
25169
32507
52106
56666
83732
20986
62833
98585
39827
5189
55522
76547
66167
39724
24908
90743
99716
84508
55491
11348
47512
32059
54741
23152
35732
80544
57132
36098
76507
46269
2689
61383
71379
92845
86328
10659
47117
85858
51303
44659
74527
17097
37108
14121
65267
92806
48914
59079
29119
2608
85011
25226
81258
66340
44757
13113
46322
82844
8404
65555
278
3675
19625
22682
74562
44128
37107
23708
69221
20998
78801
73928
12492
5407
8197
34882
11441
36010
11490
74896
68272
41497
82009
67774
61403
39548
58627
22894
58688
97246
56547
40014
2536
36565
64045
16594
3053
56719
49524
74113
50682
42486
67059
1734
18947
2116
38855
38167
73860
45181
49967
44566
67917
56665
13721
2991
33383
67753
90680
67063
81222
93558
37449
46947
29159
74472
60530
38709
66269
93879
11710
59581
92022
98412
89061
1987
44165
29356
33145
73031
81750
60426
52391
26444
33362
74434
98646
85334
14235
15823
58260
94414
81585
30520
12799
87752
95429
61901
35942
68929
69372
29938
61984
3196
41401
73275
44796
71291
14771
86350
9174
50751
6873
19715
33348
16087
60542
94793
2580
70960
56727
72263
10599
89702
71149
56555
75557
20634
92109
10499
60941
23988
93990
7020
98414
77706
61437
62169
50177
1391
70157
56315
16833
80203
58133
89545
85331
50625
48474
70808
24073
18728
28804
36724
42361
74845
36832
38801
56193
70913
42056
42862
34760
35582
51228
2204
92050
42193
49885
29990
73881
68216
71232
62206
44424
69593
51853
70156
85407
24738
63635
34832
35347
54404
56166
96548
96455
79639
35366
89637
80815
2085
88870
59027
6009
85703
36407
58469
60180
71014
70657
47030
37735
2598
2949
4155
92044
85670
45067
92083
48951
24863
22778
11662
19521
2078
59823
54923
98683
80113
25208
12550
49236
14895
14044
225
21811
65416
81393
87143
73760
86997
41937
33462
82494
11399
11600
44975
18385
58369
73560
28793
59958
31819
26373
7751
43068
96821
84274
46766
65932
11773
88509
92768
79731
42477
7448
69127
66236
37453
15708
81061
8920
44898
32327
1701
61252
98143
57287
5355
65717
87726
63261
7583
97255
49584
69974
62631
68706
5051
80202
52785
84802
52760
96153
56495
55850
36371
58289
19731
91220
16175
2837
47526
87624
40677
85910
91821
20184
43259
73954
12946
5242
17737
41896
16778
61214
80959
87532
29284
32501
89565
45909
14232
46534
92922
11349
53046
12070
39487
42899
61593
53358
32631
92087
78437
14261
17040
92584
80784
91091
20356
80388
82142
80244
78242
2835
33810
58815
97379
84234
44374
48598
67255
98836
70413
69961
22819
37560
38256
22054
93248
99795
58830
45346
41234
2164
9786
32477
66633
34455
22990
56620
79494
96986
35004
4270
30151
59359
78432
63993
59876
410
55207
30139
94965
8037
74921
4157
44388
78872
2847
22378
31412
16038
8669
50662
38173
36241
18172
63552
31550
93732
16063
67904
39873
89388
28440
7483
71306
44222
67327
450
3921
81534
34134
25587
34961
29718
5543
79491
23748
42179
63101
63619
54060
18521
71092
72052
55356
15671
47138
2162
28614
82880
27399
8216
29982
35755
64317
13041
42560
98809
19098
96181
64509
30309
59769
37629
14774
36386
11057
37800
98
17025
35784
95323
58034
11073
62745
26942
91784
52276
12559
87792
72280
62874
21305
9888
32464
24286
55792
78562
71828
10822
22845
34688
15081
61033
75143
63056
16405
85308
92132
71337
78101
71405
75402
8147
42453
43585
54626
45296
23079
45175
14944
53041
10334
62759
97245
13192
82810
90403
94575
30604
4713
49547
2065
29588
55194
46429
42760
20501
3532
22118
20278
28550
86909
82136
6891
89033
62254
29634
3776
10891
50994
96215
28976
5831
53602
64729
10801
10200
45273
36450
41510
33625
42226
33486
39619
86528
90103
34265
58244
30919
62247
54194
52833
21851
54403
15642
48136
83792
57870
80720
59579
76292
21968
79964
96847
5120
93116
45956
37841
7966
76868
79824
17308
9845
98342
19982
29640
9157
18956
67121
41751
65415
77897
77552
74221
12100
94206
41252
82698
99909
85505
9864
19396
22911
96415
85135
21858
25979
87794
11694
10368
86873
97126
44045
68336
46711
61280
58685
97420
1273
61860
53174
67801
75000
18795
17720
26921
47341
73509
27925
96338
61414
89671
34440
5375
97684
77873
22058
67979
51885
56276
48625
62441
90857
77795
16014
51900
69827
56983
3497
31763
26912
69824
84082
57479
79189
95986
77801
49919
34808
7074
5957
34514
94692
82102
37805
79669
71294
34229
8469
88379
12865
68874
14101
65870
28035
72301
84988
9239
49527
82100
97068
10451
45519
3732
54785
98302
16524
5015
86637
59301
2873
72622
93421
14652
72669
70262
72522
43885
76112
83505
59252
86805
25922
16125
12003
29292
21563
71602
63758
49465
4197
37505
90862
67630
64903
29310
2017
71506
65294
52275
47215
81890
2037
3452
67697
89264
99625
16034
29806
40818
98888
46100
62888
90765
62455
72882
72998
34920
41674
69440
54946
56816
8657
67822
38584
46526
21789
73337
31288
9603
56722
22284
90773
30519
16353
11901
80437
53359
42165
93664
44040
10287
91106
70910
23528
89346
13759
30186
64485
45195
32802
63209
81657
44953
98428
53904
4600
33286
17493
14924
46982
53349
89994
66869
15939
61125
28874
61757
94887
39982
92938
32214
55978
85068
10005
25427
69173
80973
61541
67366
320
74740
33641
15083
59128
44785
7100
23667
64829
1632
84368
62842
10493
57045
3327
68807
12205
374
16023
45871
60680
89658
56123
87644
67636
76957
42763
10025
57617
24006
23921
37926
58823
68802
65357
31029
50084
48460
67060
76991
90154
44896
88942
89905
62202
60337
74262
3339
26243
61281
30506
27362
4836
42590
89115
88661
27453
51117
46899
4947
84366
63962
13037
29992
50723
52247
72756
21783
80377
78122
17225
21750
92125
54621
64476
79910
21057
12203
8448
93226
15580
85562
98040
71627
12560
60054
90701
83794
15685
93451
90406
39202
16981
93057
77035
37938
44490
89525
11210
76763
14158
78687
84116
63361
31969
13846
28218
92246
41672
62097
68461
74867
19264
72481
43172
4201
36787
29961
37106
17458
27384
70175
31913
6228
24097
81674
40004
15691
35723
48349
2120
53654
98401
84677
80929
84451
23265
92017
25901
65385
34746
61716
58967
37598
3884
25654
51114
90214
64210
28878
60020
2807
20539
18308
99042
99964
29860
39305
9311
75501
60797
46878
16210
77961
48986
6886
8417
69463
32404
49413
36922
34389
43575
8090
75228
62831
89128
11367
68424
64061
66525
96109
3977
35009
75787
57888
77676
79198
40648
41304
99038
12426
59983
27036
46249
8302
13164
7118
10664
40308
79123
76589
80133
73255
3729
57919
778
82415
22174
19288
97765
96023
10205
64240
46629
17045
37831
54188
73242
21139
2649
70786
7688
15636
18429
77406
15702
33501
95035
85828
79484
99633
52988
69906
38949
57243
59056
96024
80812
64526
78922
86666
97801
13869
6917
25050
79946
76319
49442
92369
48260
8430
84699
49643
31770
89927
60593
14840
30663
82513
63077
91778
78651
35840
29940
46825
56428
21853
42506
21623
65492
76056
64949
22270
58456
14520
3983
72896
19398
11236
92054
37585
78469
17892
20932
43326
44544
59830
14656
24509
10357
96209
92368
10620
32883
46732
6773
11991
42034
64052
57097
89174
47508
23637
75998
78705
67535
63825
22878
26588
21030
36857
7494
49274
79340
78551
85542
20040
76341
17805
41997
98530
65632
77178
8180
91289
3222
97344
84114
81786
21109
9531
10999
14364
59046
47105
58344
71025
86118
54409
37871
97683
32525
26534
57756
55984
30514
21418
5600
22182
83660
38925
91577
558
85494
6526
67571
14627
66180
37371
46263
9886
88574
44394
44276
80432
70342
20134
48553
83073
93455
30891
34677
1896
41081
13455
44293
82487
33703
61285
66697
67088
18282
51128
33025
87585
23733
11283
50293
1185
4417
47683
22446
70958
36721
58535
58222
15724
1731
81664
74352
87664
89661
42984
65637
42483
45988
89521
76562
87028
36180
73333
28997
61099
86545
89153
94726
27862
27649
29796
15308
77146
86644
58354
61708
10411
79553
2642
95732
47418
47042
17915
52300
8260
71539
32442
48296
3373
20497
84334
38979
87251
28699
21117
5442
94382
13212
70980
90906
84050
56987
14986
88860
30512
23885
23212
49020
23049
39344
85658
22939
16335
19391
51818
51460
94743
53056
47093
85294
9665
53548
6560
61846
42696
95426
20197
70976
86203
84602
41785
49895
83293
94798
28847
81558
64232
23009
52904
40144
64514
75352
98097
57556
82901
58243
2665
45005
40688
11474
25733
57470
44245
47470
6012
46135
16801
94613
56324
60026
72462
34509
27950
40896
72761
16492
625
99302
5904
44302
71124
68254
84493
7499
55080
10284
20660
79295
42911
96004
57340
64256
23819
16165
52488
87761
77297
91931
47843
29151
85706
63140
35911
55082
25342
66008
69286
44308
13044
14476
56738
27632
93295
48637
96817
32542
35047
73907
68080
46086
89934
27933
50727
33864
7856
48151
88882
38904
20268
73465
9408
548
6707
4777
81461
58959
73266
83318
86542
45625
23526
40979
90966
23902
64125
54910
51770
73056
77688
7078
43072
42952
24049
91247
52936
6187
4344
29499
49886
72401
22043
16708
55777
17362
85830
35308
37170
49504
29242
30198
40828
91827
23313
72437
28887
93614
72312
42820
504
41762
33398
77367
43196
89880
18912
57027
98732
13832
60381
25971
31401
75469
71259
45870
27851
65118
38681
76297
70930
56424
93689
83909
78649
38085
29923
19851
61069
28390
35825
32205
29072
23264
45832
88688
28308
53039
23736
15404
16648
62917
51658
27071
6816
19309
15820
40146
10636
90322
60333
92445
54304
32613
71936
86396
75460
50418
74501
43931
67491
6307
48541
77138
36662
45016
21200
74227
33961
7272
66104
94143
44504
67570
1983
22407
54865
51285
30706
44901
54312
95967
24689
15887
72326
34386
50767
90951
28583
20396
65033
6592
46258
7886
15111
72690
73058
23677
51734
64725
88398
24464
3670
97643
36135
3191
9435
32189
85979
64299
59459
85192
31699
38536
83430
36203
48722
23744
96592
19197
25996
65878
71247
82188
81248
8073
23810
13768
16257
36702
36357
42255
38002
14539
53424
54067
83752
84656
66323
32510
69218
47274
25698
65753
37558
29457
83059
89916
10680
82671
41371
63396
4006
48516
9267
4470
68459
248
48379
37679
60930
54525
47785
75264
60155
8099
30894
33521
33051
40667
33670
83718
23283
791
48974
64277
63048
70068
95104
39862
40070
19489
59788
91869
13293
93391
59789
94305
92681
14201
6361
18441
54972
58945
39733
14219
94977
11619
80673
22479
65082
12236
96665
22361
58720
9319
64940
70414
69634
89785
88330
47476
7757
76006
6200
90228
33850
32986
27258
10512
57092
68044
62586
77220
87816
27947
12117
8662
67480
18105
10078
38216
30839
64439
75158
66931
95588
90427
42823
18783
66771
50846
86119
54959
96165
55373
38432
94027
97362
66658
43704
31094
88627
61346
98098
22125
77712
16119
9332
4582
22864
39634
93473
41567
13248
58912
77279
86570
13311
90901
96418
76349
28284
73186
66156
80268
59827
83216
46370
57750
24103
50504
28000
5501
70750
9957
55866
27941
39985
45009
11862
8529
15741
63213
84306
53909
57409
84108
60448
39513
40875
41687
76179
8166
5319
9755
91371
93166
89827
41933
28867
32218
47271
79384
19842
75689
38708
6648
26415
60847
37498
4323
9466
74522
9757
85058
51373
68401
47942
17299
43954
76687
44729
4607
2000
58236
24409
30956
9452
26793
66936
94842
97778
80184
9106
68167
71986
11185
26097
82777
35565
79450
67952
5741
30450
47322
28799
65142
63967
80478
13780
95330
4584
92581
55428
9055
35548
75456
83689
2846
84394
94566
19115
26774
25054
55125
97868
730
63469
68690
12654
39437
10081
84149
65419
61585
53060
59105
21468
52211
64406
72846
82630
90120
15800
58404
83574
32356
79102
28294
125
41051
83546
1378
43635
16109
79584
4664
43542
15434
76241
75502
1416
86397
29454
93511
28187
42493
56386
99066
2022
94261
82797
61727
47142
25788
97390
83078
2843
24580
68911
99023
90959
9634
15389
4545
37114
80412
24003
75014
83133
47385
95654
96002
63475
75578
9438
81325
84828
5438
23150
4253
16544
78339
14225
14571
37396
23401
75085
15654
21354
34866
87985
7819
50175
50559
19036
8344
50949
76906
33968
27801
69754
38223
35399
28678
32079
6856
43133
33702
18341
29589
6775
96034
42927
46127
1404
43389
59267
81
99238
42561
2324
83669
24841
16701
48107
93133
56982
74575
67942
58368
77385
72801
20691
49909
98124
77501
15197
50031
14371
15837
9348
59891
99471
13157
11857
45367
4692
71256
8390
18826
52318
3652
43525
639
92436
67847
86511
51378
19850
61743
56436
67493
63712
37983
77983
69172
24381
85136
56379
46841
50871
28324
16655
83865
13887
57466
79252
22133
42907
50478
14857
18377
97566
98901
44064
78490
27189
52137
63851
31479
91141
17577
39806
61094
56060
49747
37321
32183
93564
36775
92375
23318
15512
22854
3512
52889
14954
98681
59560
62265
16380
66862
18477
61073
55060
37893
37961
45985
99216
76166
53532
26326
48947
35475
48251
36786
71927
978
38061
74666
67401
86936
9081
41310
71958
7064
63512
43806
71354
9331
98883
30331
72395
15302
96958
51579
9595
58112
49678
56280
28888
80907
98343
70350
73776
12387
26611
26695
5284
95790
70423
63322
39142
82787
69653
2704
93871
77295
5988
21434
56973
78398
90230
11405
4038
22788
96721
56831
65489
62340
31875
94089
7444
66085
31431
22
36419
8399
78787
49257
25709
53751
7779
63167
91899
89299
13488
58104
43306
26113
45333
10136
13278
45825
24961
92868
44818
17554
91004
40088
86129
88854
61872
31606
83360
34541
67919
21964
59235
93491
11423
70231
89478
70372
58323
23505
73250
40788
2694
90886
67361
81830
88394
18295
81597
51676
57246
16058
41653
95899
28426
83565
32563
33756
79840
59093
47765
17432
30831
5453
28648
30825
26919
8681
26877
7314
87301
34789
21908
31660
59463
81198
46824
54907
88098
45748
54844
67176
98492
41872
70011
4040
84655
72344
65349
24100
34858
39678
95909
22096
51570
52648
46531
30680
36183
21885
44157
80726
86867
44400
79811
81117
88823
45943
97800
17777
6174
49347
12761
57288
77443
15944
50058
21661
12674
70390
1296
27591
41837
91654
71913
82803
49267
93727
37898
40335
90160
35388
45018
82769
79644
94288
41276
90325
30451
68803
39068
2744
60698
99530
52060
14725
14443
46661
64781
89793
62227
17216
82627
94075
67086
53121
5629
55430
77608
89125
74033
97478
10763
29917
52739
10632
2786
24230
9774
22308
94918
94579
81437
35651
7269
72858
63306
85333
99840
35375
24938
7188
9
83658
39489
11621
5985
1603
56711
23077
57581
83742
77814
53618
10863
74315
70416
55058
85377
75854
84997
77825
59171
34979
90079
45380
9189
41889
52327
21588
23703
45000
44382
99895
87625
96725
52367
31263
84712
64155
26174
16461
64138
45007
34430
29732
76803
82802
19366
68443
64263
70194
71767
95179
20778
12008
24269
82472
57869
55486
17714
98107
23418
9324
72709
44832
68910
17745
11407
62352
68535
68454
80484
41806
48614
30700
5684
29336
56871
74627
82681
60175
63863
84922
1931
65060
74339
46286
20086
9751
65450
209
37535
47179
20180
86869
76499
56976
99500
47308
88177
63887
76625
30110
30516
88201
70367
93643
62292
93595
18334
85915
22869
30180
65774
87877
81035
96270
64533
79401
33389
55814
56716
14435
66740
173
92937
7796
6208
90130
28721
21348
44589
69020
46915
81241
19480
47127
23053
95019
86685
72604
458
50299
86611
5350
87653
63376
2497
57703
88544
68853
36983
88419
53983
49804
3193
81850
67972
46541
26078
180
38720
41492
34912
5845
89486
98572
56266
10912
22084
36979
35302
70586
47440
63678
98422
92346
60758
45890
26678
2379
77234
67866
81327
5483
35830
95868
47497
23574
493
31157
81730
33119
43992
3564
43353
82076
37964
55910
43864
13207
31222
49414
96824
57169
22622
93368
54570
33948
99551
6099
60125
99810
12255
37252
32125
12910
81503
44476
69673
22874
80824
47111
95176
71365
25170
38394
49396
78378
33932
89116
83617
11815
47035
79162
75598
85359
6958
9126
99966
64880
29794
34471
71760
33574
56766
7860
31976
76442
44951
12650
9557
78185
34726
22522
57582
99122
8207
10674
45865
57065
20717
6641
5682
70273
18881
9977
80307
71188
49421
46697
17773
64078
91390
74728
55897
99568
29183
8369
72402
48688
99244
16000
11811
81976
73993
3976
64132
76446
35251
29462
79027
13847
26325
89356
62576
41127
93560
82066
4800
51687
9992
96195
55397
14978
50738
84381
24036
15961
52296
4677
56733
39356
46027
30638
60311
21854
35895
46995
68203
52449
92732
55186
58601
40233
24043
25508
59734
87846
86724
36734
37959
24740
94557
94490
17920
50193
39581
46273
70400
49438
24832
21955
91820
50991
12512
12157
30779
16126
52706
10929
18649
30914
60100
10087
91084
53483
46326
37924
46462
44949
56995
22497
47372
83195
124
86298
30545
82426
1965
62287
2100
41804
12459
94026
27721
17504
34463
18442
53938
69361
43921
90658
61764
9951
59963
17428
2908
60751
23772
87545
49641
86180
79323
9477
22220
16955
13009
49836
10505
66216
53633
24044
6729
67159
88024
16105
62240
85069
86852
67096
31791
31416
14123
25712
54201
34321
58003
93453
43039
51476
85544
12765
85168
40942
14772
70572
41480
24336
71210
43560
7574
32451
49658
82568
29801
41517
75335
89172
18800
26558
34886
33012
98166
69539
29203
28289
17070
10536
79403
12214
57049
62865
47925
40353
79382
20232
88632
4393
6736
44392
13424
29335
10050
69756
712
78982
51650
25670
76889
30655
41096
65224
88284
62945
61096
34938
1046
5464
5012
90815
94852
63061
45800
68243
32500
86033
60873
72008
2913
88890
93379
14880
53546
34699
65897
77711
43370
43375
79695
51724
12628
28130
46234
36457
66508
91433
3736
73801
87725
76455
87842
36388
69460
96435
38127
36227
13673
47985
95289
28252
21776
35066
65786
57418
35313
33897
63629
15360
55092
98815
48180
17358
19540
35454
75658
40364
91777
39970
5819
41457
12288
25472
39253
27850
72443
55162
86983
74322
62506
4912
2071
86326
12028
75131
29949
7466
7409
55936
97404
51974
52638
25056
34606
77865
59467
94866
67714
62618
7991
99717
78151
33108
27550
1843
65179
5262
85465
59138
77655
11013
30072
66137
45696
46745
66900
90422
87895
57338
1985
2347
2721
69167
84317
64141
35113
78049
5127
30421
2232
71875
96661
23907
84250
17977
58095
27725
13315
873
54094
50494
69136
8513
22893
15323
90062
98378
4484
30571
29272
65012
69302
54553
91122
70809
95071
25562
97982
23818
638
46180
78935
29519
21746
22503
93286
24979
43843
60485
18284
80656
29230
3515
74609
22203
29340
53593
84177
97773
7566
44227
82942
49011
91428
16102
16403
48099
2736
94823
44621
3477
34350
47793
71153
23111
78844
5026
73956
86358
35750
32221
57962
88058
98053
81154
36306
64057
36774
94090
85857
44619
10427
99404
61559
92145
72946
45327
23719
75231
11310
83100
55738
44753
23862
70236
40689
74667
37913
84823
22226
63571
99075
75670
2378
32605
35739
92729
63417
72149
62027
59307
1398
45134
61158
73006
29209
60042
13864
63241
31958
61737
5240
71286
8898
34532
1236
95017
21178
31617
50179
15696
91771
9413
95319
34072
9535
57376
44653
66105
72016
61696
30476
6390
6378
12992
17855
22311
11255
26508
39116
40214
6139
92032
53457
84032
55117
31608
14981
91283
35188
58160
52159
70884
22261
12507
31214
81109
21516
40253
63596
43612
22060
33323
66042
76162
82653
35624
6821
36961
51582
30217
11036
79291
38559
5107
87595
9272
42496
46354
78852
65652
37125
48545
58454
41738
85989
99549
53684
11832
44138
77990
11569
6184
94551
51400
43888
23756
69883
47197
10286
32129
5320
46977
68758
31935
70677
99428
20692
68966
59444
20922
48193
19380
64144
27643
51651
91572
90205
80568
46597
30374
70614
42267
43181
99440
45778
75311
49355
25921
73671
88594
65441
91062
60467
47245
33971
51664
61871
9637
98011
1725
91161
33973
41726
81655
22192
85901
31521
98250
68283
65626
2679
24728
67728
34843
47592
35700
96368
97989
94164
84738
40891
42080
21651
1065
76694
31784
14144
96218
7616
69155
57215
3009
2669
43262
61298
16099
9393
13151
67097
30791
17584
68552
38177
23725
99944
15128
60835
91354
38277
58286
9775
62176
83349
51927
39106
36184
27214
72113
5590
60261
69278
81961
23351
73463
24754
21150
50120
87313
25242
66991
6332
27936
70333
61770
79549
57601
20901
50557
48633
77739
95947
37936
19205
87293
21333
96932
39051
92466
66148
78487
70504
52514
83931
42980
691
71895
4914
22153
66248
79689
966
87902
54123
71902
61592
42265
36011
93143
42314
20250
84725
34694
25273
35254
55081
48616
26380
44467
26180
19146
50772
63268
97693
92604
5039
50501
35703
10406
9972
54694
72797
51821
41506
14034
54474
51688
63282
19761
72750
84761
1218
32201
82294
86424
77068
28738
41929
35974
15390
20248
554
99763
6076
79560
67828
28778
70516
60468
80296
11853
21761
2966
55597
31586
9423
17219
3313
59916
68323
10842
3657
17430
7604
23758
22443
60756
62040
37431
62348
86032
81838
91578
22666
56291
60775
40361
52805
13515
51535
26763
73450
36707
78181
83533
35041
17023
93921
37286
97295
85137
80654
91037
41769
60370
37836
46319
65675
43395
21319
51305
67162
3608
36055
65282
60699
62047
64925
93695
47194
76878
1059
10743
62322
19548
80471
79867
62075
26139
73906
12921
95006
71964
32937
61658
63126
59881
58493
1175
72391
62823
45512
13640
55262
75182
35193
11834
84231
16112
2779
26024
5390
73818
28860
86920
69771
15343
6488
92156
40134
81051
24174
45926
95119
19958
40084
61376
45307
4953
61090
98639
18725
21347
27050
4999
70241
83726
22902
54872
15789
98864
25129
46133
81252
91294
18181
6244
68312
87226
54407
35368
28301
37373
80443
32427
54022
72244
72442
17057
55804
23302
77480
28901
43425
12486
91388
87912
88726
37772
58466
45945
61002
87622
14308
28933
86993
93103
10923
88835
82036
64585
18812
80096
10910
68812
7829
46142
23054
22083
35167
2662
74804
97061
9801
94547
17145
47534
30630
61813
3821
65321
54760
48946
17333
76861
63139
40784
52950
45116
51394
52372
47367
77312
6666
97455
77314
79112
51916
4391
85894
31500
40064
4031
44380
44029
32989
95547
99995
68168
37992
27935
10607
45302
3139
30049
73611
38702
72732
71145
18785
32810
97441
44645
20314
16465
10869
26488
8030
51417
55396
17666
44919
89013
54
10394
73918
89434
89102
26223
89930
37409
1804
88257
91231
31336
26758
25488
39554
81355
62806
41394
41613
54952
22634
61526
24791
7249
38417
26502
80621
28748
97499
71126
94209
22617
82636
80163
82469
83494
71721
54605
53627
36068
2867
37046
52873
98194
73269
5007
94971
97955
63063
44099
72305
18726
26276
41378
67559
23684
58869
19866
80007
40706
81008
75078
9410
11858
79834
36627
26744
34217
67596
76212
77083
72075
84707
58602
92722
8281
20853
29237
61671
55827
62485
515
41906
28312
33563
63981
36044
11437
35994
52021
9706
72572
58924
26843
46851
25099
70851
10289
86945
39648
66792
16673
98807
84755
13503
56387
14743
95177
15709
27944
88640
74599
27058
63237
45032
58706
98787
80486
18799
99977
75423
81403
81574
97399
67052
57715
91951
31325
82056
12716
33812
91898
53801
20222
66117
67590
96668
89551
547
28086
74830
97451
44553
85651
57545
37224
51310
75022
58152
67007
87988
90285
2103
29723
16852
35500
19097
74576
58675
47967
25065
89281
29014
69308
38460
98991
69222
73971
67182
72652
57800
49954
76048
41391
74652
19617
92389
97409
17332
46154
30452
66714
48342
73238
4722
57021
90664
77859
92401
72730
81145
46363
7730
93892
52834
22677
73644
87697
5076
6553
2219
70951
40799
43742
40573
20751
80534
5199
68469
72650
79142
52921
65289
68093
40953
69395
41353
89258
58459
27966
91136
93412
69258
60828
56846
38518
94466
28871
15027
82372
21307
65926
15458
8133
67116
23005
86400
52882
44009
96469
54789
16041
80993
50413
99384
70406
34992
69759
22155
70839
45276
29239
70721
34413
25051
48560
603
88614
50725
72042
15973
17997
75045
22321
21574
7832
86720
45505
85545
12932
7271
70328
13771
74087
98500
22069
79703
58865
19720
36402
51795
63348
80041
15012
44069
40649
9024
25739
48162
2697
5081
66709
24806
10385
63273
29534
60907
35408
65407
68180
99228
47726
38225
83047
3684
43556
92046
77162
58247
91885
34230
99913
72106
59393
69747
68389
82840
19784
85669
19320
73168
62890
52730
78762
76587
80747
46449
44519
28639
82173
31138
97614
95096
56994
68709
83188
58330
67390
77448
4284
44410
75538
58975
67279
44789
2132
98653
87828
60800
90593
23686
30376
33375
47062
70595
67986
35006
51293
91316
72775
86756
18557
76761
89893
67756
73958
29627
18210
47883
58201
26977
56817
62391
21542
49130
21594
42398
6887
95449
38837
36956
7238
33715
6223
60570
16832
84395
87919
46064
33384
26332
22326
69511
83066
47016
51480
49756
55506
72966
91939
40131
29173
22948
7095
39133
3914
44328
53760
78860
52910
62312
96505
48923
64364
20617
98365
995
15313
94994
80284
56205
24536
15049
32665
50782
27416
22550
8778
35381
22603
75686
8261
84914
14237
78618
91911
56392
68839
65778
4752
81127
48383
64505
42185
6246
52339
25258
15351
70599
92149
6779
52591
20954
31320
51432
41142
25446
46240
7668
4414
22121
55103
35783
1482
26668
42298
48082
93882
58471
46802
83486
78263
36595
76138
8125
61032
6538
58378
56365
60715
71284
79656
19557
8893
71816
43393
66344
4839
91025
18354
80414
76873
37305
27064
84449
32508
40019
21355
26053
50509
21228
65194
14320
38357
78057
57852
5844
32458
14183
58825
38213
45411
22719
97829
87760
94158
56340
56278
78344
10022
13501
5725
60407
59065
92264
47693
18232
92834
58612
10529
83411
36256
97583
89214
82650
31808
23829
11314
34689
10552
5956
94121
20263
62129
55215
39846
77299
396
68657
56838
98780
4207
51636
14845
91953
54891
8325
40251
52474
74286
65743
83148
88415
21162
11984
72421
566
29845
71236
60313
67661
43891
49209
79380
95377
41524
13168
69855
8137
45866
32269
60745
19658
75548
14163
43744
14242
52511
94326
63068
27208
71551
80293
75191
58437
89326
42843
13402
59768
23581
12714
42730
74554
45467
69108
73647
71344
82959
36818
69300
71233
10766
85730
10843
32800
44554
77155
21663
3028
2668
58016
53395
5406
44826
70534
71115
14260
9657
93364
50796
42092
78576
5167
32497
11146
16393
48173
49131
60299
78772
22341
39651
80971
61196
48890
23166
51767
45959
88321
48269
77584
59492
58347
30062
23365
39701
92218
40404
27567
25352
88159
59115
40889
41685
56564
24151
56036
40618
99959
29664
80531
58355
12483
81930
97272
64427
20488
57253
93327
5363
45756
27199
29266
79973
15024
57262
762
84059
10043
55481
93864
92136
82402
11558
58134
754
17223
14773
74493
33997
31679
98092
29086
79225
16691
77754
89101
11863
15548
103
7681
85752
96465
67864
88208
34058
9193
30714
14731
44803
97450
54253
61900
91941
18949
8084
38897
9739
29271
23760
44121
67204
94809
84690
68297
96676
52326
66727
81644
49797
15397
835
19149
65328
96428
28656
72887
1721
1980
97894
29054
3612
39028
41667
705
65692
71037
67404
90803
51817
99550
88300
89607
60363
15664
95197
45681
5140
5680
95260
83607
55860
84924
486
9520
162
96384
156
16235
94058
19408
19021
79187
46341
86765
9846
99849
81920
27440
23360
38184
69246
86832
67896
7549
41154
18078
24663
51648
37015
3775
42923
43943
60246
35487
87137
80415
18665
75747
42275
70170
30137
46223
16337
56784
53561
81377
50012
36084
25685
53234
28263
28303
20487
66277
62509
33499
52955
74195
47594
13555
88274
47198
16493
29110
86157
84834
23602
1216
17497
23191
3435
21020
96704
50833
59519
58416
3752
3651
51413
97548
17517
99182
34018
9770
959
77354
42487
84981
95541
24648
684
88940
25845
71970
574
94647
49984
76074
87623
9841
38389
38202
52141
93919
5308
26416
46690
49972
44859
81914
54290
79751
95635
20616
33296
98289
77610
37702
21881
25191
38699
83317
91520
67672
54551
25163
22229
62625
21540
54675
74334
81162
26465
1383
88269
62753
57643
10937
30373
65797
71249
48418
58539
64452
32815
10593
94624
79987
86295
44841
70552
74958
23735
93161
89520
10010
3870
98960
83547
30787
66723
31126
38123
57602
2997
22759
798
4015
44495
45916
96437
98325
92420
85285
30676
9235
29465
33431
91809
85818
55775
15587
10430
74076
83039
18400
32759
91830
34825
26370
36549
47912
18155
21282
1315
44709
48511
36083
81679
30871
79596
89187
96214
83763
9417
6224
69459
48965
2717
78669
35362
93162
76872
21185
17375
34768
1655
9429
94125
82604
81800
40690
47084
62905
4096
42399
98496
76072
45224
81741
79951
64339
24188
72549
54420
59137
35387
36649
31256
64397
42873
289
61279
84953
3880
70039
60247
98186
29593
63656
13744
88698
22276
923
88959
20442
43060
6699
25063
38759
30696
34179
41915
42387
38110
2770
81647
58087
72302
34550
63099
7577
39785
92540
8882
27540
28998
23060
91177
220
13797
38142
80878
37223
92514
27046
59102
54339
44094
21667
36411
96547
82843
64281
18720
13292
20676
90757
41774
89590
75935
74351
49930
66695
19179
23295
37531
35238
32165
78448
34776
14480
21207
5587
15827
58660
8413
98112
68066
37719
36437
50235
37744
99547
78590
13459
43385
96487
18717
14767
64741
10291
97200
95411
25861
74525
54660
19213
76078
9469
22087
71161
99544
82455
60049
78774
71050
85405
22623
16400
91631
15896
68918
24156
29118
2586
47151
24633
99809
42791
87871
92552
14592
16821
45928
54283
20532
45142
76168
8739
21004
83413
46289
34582
44318
16688
74245
17697
95078
12253
79050
65145
20958
73938
17267
62595
76627
13173
88724
31584
62077
77520
74992
34062
23985
71666
68437
90995
70385
1894
81700
56785
20304
57198
56138
42401
19510
43124
31616
95632
78314
63883
97153
29379
20154
42957
30318
42761
60890
60951
75953
91799
3629
47118
95832
90609
93618
29567
68474
11868
58716
10647
10364
96364
38231
84484
90428
38778
79064
94880
6346
89518
37848
41421
92192
67949
25308
60390
91319
55309
89826
28157
77353
69323
59800
17656
78333
20921
58513
83543
13487
42691
96211
45691
6809
73643
29970
45507
47652
64266
62262
75873
24640
45796
5918
22274
84673
98707
62790
56009
10660
50590
726
88921
43024
90972
65642
62665
52451
19923
19329
21060
48832
60345
67048
3758
25476
64072
78060
38057
33394
8638
8383
50779
83182
1634
64446
25393
74639
37621
3286
92215
87212
71819
16246
77065
13776
32980
37854
58780
62153
21275
26571
17339
67042
6007
98689
21380
25778
97790
50213
50248
94604
37100
40639
93720
72372
98405
58983
33060
38743
89843
80602
37767
11625
37490
74815
67829
39738
30279
82337
84439
59335
8262
99433
85803
97265
74154
31994
51318
44090
25683
87543
88541
85681
43694
87510
49065
15981
42764
1962
86054
26267
37738
58265
44608
15001
43278
145
66582
5854
28658
2834
47803
67050
53952
65090
66163
37259
87883
25805
16323
62705
88507
20483
33162
50787
61607
22038
14445
63136
80290
33717
97109
71339
20964
43457
97314
62909
29456
6308
91282
1594
36109
2146
44085
74636
34237
99797
31618
21730
37731
36053
37278
71476
24947
23984
47033
49322
74067
85029
25458
56068
8044
88543
98419
11117
41768
5773
43893
4453
26275
7070
88306
95982
4695
16152
11878
79399
63484
86635
22212
18747
8788
69951
38111
83418
41056
65464
45363
77726
98612
91724
91722
20668
27741
47258
39387
96147
95379
62018
5335
11927
34685
62263
41723
62310
34087
15666
38
99867
88332
63287
70127
50324
36146
46831
93242
67057
76659
24315
52618
52442
47597
26807
47677
67735
83429
18122
9012
52243
73650
92226
83150
69234
52187
14133
68697
48573
3300
74953
19756
25380
6432
45167
25930
61882
55758
24290
39820
596
48479
9696
624
51932
24472
53771
47640
47847
87509
20809
52084
1810
49710
78614
5522
66841
15112
45739
75286
89474
12041
31098
4109
9230
44809
59268
92342
11087
6778
98332
25243
55797
55375
18760
59191
26369
11257
39104
6955
47374
32320
65789
86111
63341
88308
1563
85823
18043
11485
41333
88644
16899
13218
31676
21719
27237
41184
93690
20117
64695
78514
79902
3644
2959
32790
8605
8491
69394
61174
98932
11312
37049
36432
8642
52645
74622
18200
13375
49740
28272
25816
78462
92292
57522
79608
68423
33484
84048
29097
99504
22534
34256
59966
3681
92265
25304
32231
92720
5377
29447
4099
96322
65722
17038
73772
63364
52209
40190
2537
47823
85499
79625
89020
16849
97539
17620
50912
78730
37857
2943
63333
98102
6982
33571
64807
47209
68265
85158
55719
21924
66460
78776
49714
87827
73520
19827
64892
87854
55252
66555
76005
52698
87003
91669
36591
10774
9979
51953
91746
19945
21484
68205
56298
5383
18289
91350
40813
54104
55710
63023
20652
86408
68458
90506
32093
55113
41921
99195
32309
67720
12593
97717
55547
18512
23644
67992
13010
21941
25842
13440
56885
25097
85184
54287
59952
99510
53022
80789
63648
75337
81695
34892
43825
63602
74569
22610
2353
43999
78836
58776
8632
75183
56187
98114
14245
16605
23465
39740
7699
41562
80942
60782
98385
69282
34969
31799
30738
55744
97123
91010
33439
24683
48675
2804
91442
99003
86210
58882
83537
66897
5878
27616
94370
39604
58161
23346
76408
77843
29865
78165
99720
83712
97381
61268
92892
16501
39078
52077
76750
66662
24028
9278
85683
75574
79299
20622
45027
36197
46834
89776
37343
77884
72063
33800
12732
33298
75036
71843
81801
84297
24661
95928
97457
47529
91630
81214
87184
4792
90038
42526
60367
16644
76494
21492
7629
74991
97638
18656
12971
29407
15180
46997
26074
91849
29991
17136
74513
63105
24631
83951
24751
76293
27137
68982
29577
70429
95834
8815
8286
2589
582
62633
33233
87707
48163
1239
1424
2339
15033
43110
41269
75962
23701
54852
72382
86760
45051
21215
95212
64152
83481
6161
92068
22716
59635
95638
17121
94746
77195
53218
97934
81321
65639
71884
43470
58711
95670
16839
27351
29062
95123
25877
18362
44532
61608
49391
99240
18751
54685
4774
96028
31766
52388
1432
1458
91897
81135
35504
59765
80328
56076
26244
86442
7190
80176
46693
34525
37937
91721
213
35812
10828
61262
16975
51125
91562
21900
14907
9848
78723
93573
68276
86958
55583
15922
20971
55750
18464
3492
42658
96483
97912
63352
27439
51538
13722
20490
70038
35428
53478
74358
6701
34166
58994
5111
85313
51807
79737
53863
95974
22309
58929
813
31965
3401
9201
96924
19253
23273
56224
96662
56211
35476
74626
72811
98766
67978
59471
77439
9524
50352
53368
39362
37847
79675
96061
38676
25432
71633
8405
44528
47021
76412
33388
60114
76531
76441
69967
5465
413
4532
70006
11037
25779
59772
18396
81062
26327
4024
94394
43801
94425
39978
53534
2055
27653
93404
27482
50808
39083
83261
44759
56073
90817
19082
67134
16345
87949
38489
59240
53430
6719
74661
40597
70154
29001
23992
99653
1996
95943
30702
65341
44274
99338
67878
81411
77464
84021
77934
15384
51824
17157
99956
35949
82299
33368
83674
38913
65784
47399
10048
52465
79576
62951
2256
88914
89750
73043
75389
85922
79471
96246
1934
34465
76629
23255
77346
51359
73949
13607
21475
76896
87464
65543
33433
40983
88279
14785
99742
94179
30003
64421
84601
45813
28377
82007
30591
76181
7608
55417
34591
46519
6243
52310
88501
36806
20307
67077
21748
10886
75453
42690
95436
87031
75966
41377
15342
95568
20018
593
2507
56502
89951
55921
15859
49567
57926
64608
62402
69963
81659
86093
7339
90702
81067
11493
14735
68720
8653
13988
87757
5513
99634
84135
92446
53449
34206
86684
81808
81337
11127
77034
48033
2242
29985
91504
68865
63445
10279
40342
87388
71132
40553
32841
1113
50793
69197
9765
24277
91160
40059
65172
44079
34623
94485
50153
30929
85557
10404
54048
45589
72615
37734
90049
87865
42500
16704
52753
4597
14752
20564
6310
70606
66456
2812
58370
64848
53552
73116
65440
7296
33158
68237
31403
55560
98423
7354
32060
76080
65288
37534
41259
68117
1872
69858
36915
53018
69179
88207
65708
26802
82379
78692
36315
5185
8856
68901
45083
27084
30005
64718
20827
97896
29603
87477
5699
33116
51203
30223
49070
76354
91109
2858
69536
18072
46875
2793
79177
66446
31713
79592
9366
77298
37812
72223
37182
16205
91657
33582
69381
76448
95399
88127
77478
55701
74739
2399
75052
60737
52344
6802
38530
60286
83008
65987
9790
41938
95215
91806
61560
74184
57084
54383
54381
60015
53837
23893
12909
43904
59159
15606
87312
98731
68532
65019
75174
45409
54805
15148
62150
15589
2879
62476
6044
11506
11178
87276
52183
19089
24487
33142
49624
13737
74283
32328
45963
78989
38363
5971
64464
97576
1125
33988
51846
61637
36841
85880
16923
18838
90941
12543
32114
16726
48422
33743
61837
98643
114
31531
26679
19418
32950
11917
11376
82768
37592
72198
67079
64465
20602
60677
17026
37118
28504
85394
12998
7518
34327
43807
81690
64318
4972
63626
69248
52006
16971
28791
4583
90590
62291
44489
61639
34280
7612
37795
18734
82057
17096
78363
76128
28013
19085
24554
57095
70788
57025
54157
81333
28245
61930
82174
76280
1192
39704
24243
36272
37882
60131
22036
62992
587
46648
45021
9412
80039
65832
33542
69861
29260
9581
70265
78454
14614
56591
45572
43001
12424
52350
49650
69232
9648
291
67216
51519
25962
80777
7678
15396
10312
89716
1122
16545
42877
10342
19522
39333
86336
70704
48659
6725
96245
698
15626
46169
69225
59936
72865
58142
69458
26095
95523
96622
37704
83648
3848
56273
50718
71589
66638
47633
64135
50570
58782
7058
76594
74768
75816
3765
91788
36770
22164
73720
34793
70153
89408
55600
41508
32677
82297
77245
58050
79023
66288
78112
44937
21505
83738
48427
41118
66217
1334
15064
50761
68101
24988
97260
86726
10049
80289
65319
59410
15849
71540
92621
45547
62072
49268
71867
92724
66962
60469
79562
30993
98735
17012
54154
4773
83843
64486
35777
50487
86353
44435
90252
24438
95776
50010
954
55901
94812
29564
47740
12540
26321
98550
79239
8305
29326
76002
84963
1371
4603
21070
92351
465
75047
78974
17596
30924
11967
69250
95357
77494
70972
83672
78366
73571
20774
82424
6456
50038
83327
25549
62428
13614
84263
35147
36794
66612
61876
16248
76304
62117
38753
61122
96876
69103
44487
40725
62513
15425
96361
32491
60882
75979
11611
6306
3059
17650
25892
21485
55670
44462
2115
3440
41661
38846
45694
71439
84664
45028
23389
28030
78441
56120
32637
66799
56487
85110
91693
83343
7455
3306
6841
78956
82852
22484
98091
23805
78510
19590
92410
67357
15900
92848
78994
40540
14255
11266
58800
31805
66427
86744
9090
9874
4367
84961
78520
22481
80282
2983
47605
95422
35781
41350
76965
17776
27158
797
73368
36515
68627
81360
6231
20152
68957
84921
91458
70280
48630
35361
50009
3714
70488
5782
16334
91181
42662
92363
28890
89122
73616
59072
15964
17001
72501
80494
96654
52336
65277
24646
34924
4943
17864
83711
70375
74132
96779
38272
99706
66369
56897
64683
88223
78822
56597
96204
78053
16054
657
93036
99515
24173
27593
2567
56528
29852
72886
63606
18971
27794
70691
42180
61684
48810
7117
86563
14803
89477
86438
85467
92913
39573
47103
99068
97654
85568
31595
55028
11560
65393
98165
17228
24284
56650
73438
14710
25384
18802
44628
3307
72200
43125
30934
40339
16045
40607
2157
35021
47054
38214
32042
74500
79136
51873
56335
37410
58379
28409
9548
31813
32577
19126
81441
33493
50633
62643
25387
97375
69753
12336
67444
4315
86736
21956
23654
24671
9076
28379
15289
89154
43775
63231
32113
97144
83796
77183
171
26707
44391
14761
13616
74373
47890
11813
47382
80622
36000
94074
77678
16617
84634
80326
79244
92574
62923
5704
99617
35754
72352
76931
2365
47990
39644
3083
57938
96848
48044
8903
79246
56277
41027
15619
6168
64796
60762
81186
41358
9736
45923
89300
41218
9953
50976
58432
34737
97620
86307
35822
57603
86077
69656
22723
37923
13836
18309
8558
19323
88372
81023
23713
14996
33357
63718
29679
2143
56869
5575
58057
78277
84524
70468
95025
57318
40976
83827
45910
77808
49779
44862
44629
56915
72952
53367
64041
45782
37096
90469
16144
28224
33050
73982
68628
82293
81126
76141
5783
89944
50302
1084
27552
3845
78905
71673
56844
16500
80329
75644
44819
94953
21644
49275
41145
8511
70198
3584
79047
64362
69514
38793
80827
28960
51201
83661
5186
58345
10648
93613
82053
35087
59735
75297
91598
10539
97959
93258
95997
51019
63513
97128
18954
68844
57665
45337
32755
41663
51949
86985
10324
54592
94619
7990
6324
12638
18433
92348
22659
5272
42997
10391
1306
15355
84670
29067
13053
44232
40923
47295
13094
26345
55876
51080
32575
26313
16805
74794
31628
38197
69409
29083
33623
72914
94330
78946
43452
72156
14580
16906
58989
88638
61093
38710
78024
20254
42917
13023
49080
36577
42108
77821
40724
50405
24195
74741
73523
41290
36733
1494
75941
73892
99978
26701
40271
53251
94661
4494
79154
63210
94356
75842
98004
52301
81844
28045
77769
2555
66179
30413
84392
99789
40472
46489
23888
47826
93020
39855
67818
40414
62876
71914
21429
43715
83640
45700
37141
33420
68520
43927
41153
96615
10325
49723
97209
22221
8825
39508
362
52169
70766
66194
21555
42625
39088
97679
61221
98746
21237
65161
94053
41137
2971
51568
98003
61255
52985
78518
16604
28085
98814
72002
37003
26392
25354
67523
21879
81575
46344
98382
11443
79254
36747
26897
69203
54704
93311
68378
65231
14512
54435
25339
1642
4880
24818
97219
86714
89847
61005
99575
82175
65583
15008
33379
82839
23961
31988
83977
13590
3949
22395
15653
44027
11269
38996
55542
92059
95945
42941
22932
33602
93067
86862
63250
27040
80758
55730
87879
19053
24558
6745
63040
69553
48972
8409
30055
4741
55752
64856
11330
53924
56459
77076
90779
7976
55988
78107
57570
80426
3950
96466
53915
67314
77267
40240
13803
44558
20428
1509
29884
4365
37468
74936
79749
69264
56577
62679
63454
77152
7322
75249
48530
58831
32615
24859
59536
91856
52046
73751
687
4293
63926
39499
45030
97506
9743
25333
68729
89379
18923
68863
6643
42809
67611
25199
8474
54174
58769
13305
70027
70184
32862
34754
84723
87775
91768
15314
15441
86711
77250
5349
69119
18212
23140
86844
38079
22993
52313
37358
50484
34830
73863
6546
41230
17401
41966
71172
6548
28744
3699
53930
71240
63434
74801
19276
42643
50263
62110
49103
17849
95630
97125
34806
42552
51962
2381
44038
93961
30597
18488
30152
76257
86651
12463
38756
19696
6340
90489
76662
14825
83756
10212
8777
45439
69098
49865
12907
46864
43588
4050
65890
38594
31853
44991
40916
57415
67619
77322
62740
49932
60115
27152
6762
82842
33959
68908
63309
53756
13449
1928
12541
49237
62864
10606
829
36797
17464
3194
3678
89926
39441
54547
15210
82855
29605
16384
85890
41306
85015
63911
40523
66529
29469
438
4996
13249
54250
39023
94236
70462
27698
67371
12973
42707
50564
66687
85519
560
55101
2648
3217
24191
34766
76568
92596
33558
83177
8441
65478
3295
55756
74888
85675
53673
28862
32923
33276
96250
86209
22273
90946
56559
66667
57569
58490
26079
27081
49867
27318
7862
38571
70952
55941
87114
51439
68004
14563
37383
60986
34257
50000
17850
43969
70074
91600
87550
83885
53255
11008
69491
50619
22500
9532
46122
30507
6836
67326
93806
21647
8117
77382
55517
93840
3907
57940
64749
1346
4039
98889
74001
73003
48988
21760
65882
16217
4885
95831
20286
661
76339
92237
82657
78451
20710
9425
95917
37511
20135
40332
7964
68541
7804
27242
81240
85548
9228
72613
3410
54610
54571
23228
51546
48532
60926
9242
64332
21022
50406
96600
30410
46364
56683
86972
47285
42853
2878
7230
11850
36966
49002
26130
39048
39109
23697
62114
82520
65168
55320
3
45933
70720
49321
11955
12382
89972
79100
23221
77017
49485
21638
84807
86879
65672
52338
49360
22647
23101
75761
10208
26838
83152
20950
56546
51182
39663
68809
45212
70218
93346
23796
39819
90317
41787
67174
42990
97288
51321
35285
36383
57751
23485
92079
63630
3010
98368
98418
88440
25657
23477
59604
46626
38668
59930
67481
42703
65077
480
39874
38835
12958
58444
12325
29384
42708
54961
67025
76825
69789
70349
7267
47807
35787
76964
98654
77311
28083
33549
6448
36840
96302
47908
68855
7998
30300
53176
60607
8456
85186
57235
49717
32718
51118
1354
73453
4827
71601
21680
40655
94246
51367
17378
16007
57887
22117
65088
87457
64550
31641
84192
93131
39207
43627
63559
91059
92538
46638
78503
50988
35736
33993
43696
38508
63474
64989
85954
45349
96188
30176
48815
68776
25696
17185
55518
11300
65121
41061
23962
22567
54137
93906
79478
6619
1511
38988
36429
15529
71917
20680
19563
43435
85446
72868
66060
58299
42100
91980
87682
24802
63796
76560
22944
91636
68915
22040
93557
34247
38930
66237
49793
88329
80521
39195
88064
17226
60526
47530
39407
5980
41996
18834
41543
45586
48346
36927
21914
1062
8440
60702
31468
28236
23425
68740
86440
95186
85842
66698
89093
49544
50449
83667
17782
69720
56509
85191
20150
31438
58580
79069
65875
75173
4275
40945
32935
61159
51772
96091
2921
67146
32837
23665
57567
43366
29952
43730
35337
51393
54152
77607
24419
25041
86906
75985
56748
95055
24330
77422
43315
12905
33697
66436
54274
42595
99780
90786
43593
41264
25319
74935
29184
80989
93325
99281
41094
56624
33692
70974
26134
38335
24249
76406
91450
93709
52579
76328
34133
98032
30468
60252
60421
61558
49293
56850
14753
10337
41335
79676
51250
81984
3493
29648
12032
63349
23790
70897
93480
24799
39460
48719
6476
49982
23411
69389
17971
27276
40623
25829
72137
52420
63910
79504
20946
62189
55587
32126
26270
56611
17871
26066
48270
70891
10523
47566
83950
38414
96819
22517
69426
84562
19924
40135
85066
68058
85988
9188
44744
7759
46069
42499
4848
77881
25358
80420
96198
86347
31092
33441
98300
47193
20409
88467
55007
97535
44251
38500
68434
56140
72007
90338
91992
34977
62343
18878
75383
97299
58979
34762
94448
60884
33928
36438
22548
22301
55977
43712
69958
3341
50425
21741
48301
88033
33408
38270
14770
58676
9994
98543
38777
7561
91843
91359
96321
19528
36741
67884
57511
90531
96968
11607
14782
66402
96386
86888
17862
97805
73233
83015
51675
69623
96092
43310
96892
54031
25039
99654
86750
66621
39916
30790
24984
56025
95105
73995
64350
66473
29652
15694
62651
62821
87582
79111
23502
6268
25240
49531
25591
9485
43412
66857
14837
21802
83993
46643
316
25268
43147
68687
30308
15992
21391
53584
61960
96377
55669
66867
53458
79507
71734
22589
30261
9587
60643
32922
29549
43880
27645
13556
38528
13457
8917
57998
57363
17753
63543
10098
12075
85952
49670
58941
1156
45978
89778
55495
16798
57860
61105
68543
16878
84346
46694
53005
98777
38884
55379
23565
99747
74570
94327
91629
80879
16199
36201
64127
46799
11294
47187
81076
48940
53476
69978
71244
11826
72973
75513
85680
95715
31887
45052
48174
60830
36194
13886
55404
31649
28585
81055
91556
4307
45749
71142
99266
19905
29888
67270
73787
1222
54672
42352
13720
58477
35129
76853
32044
97217
72955
26350
29132
82302
19572
43719
21455
63157
98878
25324
16925
45289
14528
16573
91036
22822
51151
74752
15243
15186
90334
90383
93362
86327
71411
88745
22332
82555
9165
24606
95374
549
6222
76978
99149
76040
8509
62473
47850
79034
19133
38820
16774
4606
80421
79197
18138
20893
54020
82517
39332
28011
36866
60315
45025
63072
74093
76796
9215
17544
9102
90070
45047
40290
38990
56420
30394
5646
95975
91570
15807
57502
41649
33440
26221
61937
96773
68623
6832
18238
51642
29477
87258
11101
48556
47222
67568
15884
85062
42666
13537
13197
90742
54098
99000
69474
2611
68263
75492
5461
36712
7869
72698
70224
6382
14556
15336
7195
86538
68816
2866
17601
84235
89720
68464
28999
49076
45646
56402
63797
86064
92519
21994
34421
52231
39075
13482
34683
8928
94656
30420
13359
91032
96205
53711
14454
39124
30372
45261
49815
46905
54376
15093
13583
20683
12310
46720
8086
3437
22694
30257
66296
64939
17179
6295
85177
65503
80800
83530
13198
80425
29835
94830
16677
55512
9202
736
55528
76152
84850
33128
18617
43598
98327
928
24017
60821
17701
28618
58494
49813
23607
44783
1923
24753
93943
98406
71158
83472
81006
21435
2394
93387
14664
66021
90006
97970
41348
72387
99425
36607
42183
32773
57680
17104
50312
51115
11335
1874
30807
22126
38431
13786
23716
50055
57088
85970
34540
14046
76287
45107
84482
78771
81716
66071
17029
78073
58531
81620
54641
74004
22654
67098
47291
97965
87029
97957
79820
86659
50847
82284
16528
77580
20550
34621
20807
7649
17690
92704
45219
98951
43184
54309
2186
97718
42849
2045
15979
69067
72427
6984
61009
72164
86269
52940
29208
32940
92379
78065
84824
6429
71582
28297
44481
5662
35712
93517
26293
73999
34967
80603
23711
27558
40046
70527
71941
98824
44615
54819
27691
24540
33520
97677
65531
13507
82534
49536
39242
2817
801
89072
69542
93435
23646
67461
92123
3320
54889
44235
52815
47218
56499
67071
11784
5241
61902
38641
40475
45793
3383
41355
7987
8101
8055
53331
55912
26376
24123
42768
16033
62242
98759
99608
58690
30241
1214
70417
99514
92494
16672
26154
47995
6151
9219
22796
15918
63546
39119
17461
65975
66420
12217
41328
39032
38376
6986
54431
26932
99897
70756
63230
16339
99926
15102
27017
46372
36719
99304
98306
26286
89212
75917
13099
27149
80285
35894
38257
40776
4750
4239
75666
61477
97817
57252
18186
1339
79588
48798
38906
48720
29730
92461
20173
30569
85776
18829
28780
5014
85607
13799
38838
8518
76811
64418
19509
5296
1631
50282
28203
83050
53208
36874
27499
23051
74039
17980
44650
5258
48424
63178
14187
78892
39303
52241
51680
69587
52314
30487
99991
11161
59751
96715
79440
93740
19987
72792
7425
79868
90392
59960
389
84249
54219
94008
12552
61365
47570
43813
17415
18632
61146
88582
57618
11496
34745
43215
21681
21700
85932
49905
72908
31045
85777
75723
12898
28630
550
44042
42099
46440
27109
31158
41946
83167
66077
82728
65266
2041
47354
63601
90099
65162
34403
81703
45850
97815
2246
4327
87581
82236
24461
23901
68333
15307
13933
97044
86795
12048
23945
72530
44329
12770
45745
21793
56101
14011
48090
69907
70982
15138
21161
94253
88902
26856
10278
81174
96226
98802
57487
88496
48590
69303
86745
93607
18476
84605
67331
56485
30707
51042
77093
87345
68282
18648
91459
30025
90975
55047
28065
39750
44827
4043
69226
18970
25762
85808
83833
23376
29947
81901
10558
89238
69431
16547
47128
70002
84538
83407
20624
3413
15095
23062
80485
99552
53834
67592
29831
89540
20777
98821
7942
76460
36851
54275
20251
40554
37931
21446
23102
35011
86544
49562
61887
83487
50154
56515
86987
31334
64495
2328
8442
76852
63831
35973
63208
46655
11729
27508
54616
52014
18748
95416
24834
94851
52438
18121
48891
76327
70845
48685
17885
51713
79713
2826
16176
35645
45812
6662
48505
45149
40318
9294
60282
69499
85834
50708
57176
86274
87788
28807
7076
94348
54308
62880
78494
19252
26256
8297
4233
62363
39633
30767
29665
62728
70179
50536
43524
7500
84513
44671
59994
78575
54394
80269
41339
61393
61647
67325
81904
91121
83061
18843
53307
85477
5226
7743
94413
14516
80295
14065
75608
68660
90703
19442
2751
83779
9555
92620
41069
69453
52343
51826
50562
61955
43309
60978
31560
42508
91234
3560
76174
99071
44517
444
24241
23434
28719
59466
77203
31073
47933
25286
26732
56511
73151
18231
58411
24107
53942
81069
19347
20370
32006
95206
58350
87711
11180
23371
85796
6277
10571
80916
34537
87159
94675
45148
94826
95004
51218
58517
17928
81889
7481
89649
67955
85735
89200
42328
36865
24197
87362
28342
54504
52383
44680
24414
91397
31811
52705
84672
72878
58033
55008
60848
78221
18234
25500
90133
80995
65593
71624
62642
4813
646
86096
90437
83596
18582
71045
99986
68078
20558
64982
94265
73456
49050
16287
49510
39462
73181
21459
21148
79852
81363
62009
33076
36790
74207
23014
83932
80542
48353
39686
74617
66481
73808
76913
37751
16793
25614
53682
99119
9691
39735
67360
26860
58666
75226
4196
29781
68072
45112
28836
18975
46204
74179
79320
5958
35136
39150
12889
96173
36172
69341
65310
29301
20534
4477
31647
98064
77797
97523
96332
20282
82672
59054
78404
51599
46588
77487
23731
28300
1742
76370
57366
28902
36981
60614
24493
5035
46171
53071
70777
26358
42630
90601
24894
51309
30086
13881
64355
92571
19381
3715
71908
91194
57273
54978
23467
22746
72207
5593
82410
80264
20743
87399
50978
70636
96546
14982
39608
21220
73870
38101
77973
31216
6215
3233
77368
3987
35407
14538
50776
88657
64580
44787
43722
1223
85827
85290
51441
96329
62140
13542
55220
29312
69265
62221
62367
97311
49234
34926
14638
38125
52573
37743
82323
54561
94065
70842
50359
74695
18767
36920
14906
30316
41197
86154
39711
68274
3224
39503
67953
20651
34616
68229
30038
61053
64579
43067
5121
17717
57304
12857
50145
11764
85402
75356
21734
84001
81296
18555
97261
21293
32972
28251
25493
26466
64556
11433
57349
6269
64378
38840
86143
54518
99825
55312
61729
48855
52971
24538
98535
68122
58235
69999
28004
15220
30925
92061
9156
35267
11191
16560
51996
24217
34633
31806
90365
93866
23227
21673
39360
86190
48943
81825
86536
48048
46792
38154
64343
93018
82386
54209
3998
57290
70034
47626
93653
59005
87406
96114
6819
36999
13950
38482
71243
19004
7122
32386
9249
53401
59585
19709
19066
63549
77756
81150
11206
80308
46695
44816
61548
37001
13215
94980
36307
28690
16030
4806
97058
60239
2392
82607
62638
82055
96144
94124
20662
57702
63969
18536
90301
79360
46507
21931
69159
6474
79492
80732
82197
86510
2596
29857
72475
80101
3827
18963
30574
81264
90129
333
94487
52218
37975
15967
79833
17519
99138
23158
86727
6742
73684
98614
40043
17371
69923
89121
9649
88899
65575
52151
16277
16546
97892
90714
68457
96286
98503
89885
19624
24015
54244
79240
63488
61905
30513
47048
16160
11550
28110
31615
57285
3694
26460
76192
48691
38427
31605
8250
2419
96208
68604
20143
31149
88357
92414
16480
36232
65726
96064
67708
85053
6230
81921
17455
68049
48538
3461
65601
56814
23948
36504
21950
93283
66805
74278
60335
19450
77024
68037
32732
88390
81277
5689
2469
6730
63149
90634
81981
91097
67957
22673
58515
95102
21077
11712
39576
35201
77559
29391
52820
57447
47994
11279
41323
18017
83230
47038
52642
43128
24729
46430
45139
36710
85323
64077
99186
26437
66919
78358
85873
15429
17034
9719
49091
95964
88561
36882
70743
8168
97869
5787
28703
60960
63138
18395
98596
12049
51816
91228
10360
11536
61735
95552
28325
11879
62032
65428
36636
86973
92023
47146
33545
65850
62989
46025
44710
551
79701
72767
34330
16692
90265
27628
3676
57185
81721
96604
56609
15478
9688
84236
75547
55444
50223
74388
58632
79506
95392
28839
50382
11197
15829
20983
68190
22901
29165
38790
39710
13073
53114
71860
49009
81286
57197
93385
51162
28348
24294
18499
40549
14821
34034
20671
41734
74290
50931
35212
79898
54342
82451
48509
12338
56268
98261
16884
76643
43778
39983
50953
77057
49181
31700
55796
22579
67308
85237
7544
23909
66299
93141
19222
74682
59394
52396
18180
82934
22628
66617
57889
44822
85404
68181
92714
13274
977
65670
74166
25860
73316
58919
86964
38509
58845
45698
52612
63890
17629
96614
89641
49326
32941
21375
89081
63375
70059
25957
93272
62924
39588
49807
68304
86837
96517
82587
74072
14210
89870
67300
52135
79846
18104
72067
10970
95213
97027
77576
70007
3702
616
44571
24513
54003
44726
31267
26302
19472
93002
42167
10734
42679
68494
98647
58079
71910
51142
31053
89642
22920
64794
60471
51098
27780
84176
99155
76751
94853
5737
57046
92754
71117
40469
81430
94568
84100
63255
48718
77130
81699
19977
62164
36897
60262
786
63059
27722
8010
88681
29622
89929
47921
35202
71691
46265
7180
56152
66960
62983
32179
80630
50705
19995
43552
93336
49169
9387
91923
84499
34273
37988
57939
59955
44511
76670
67902
79563
11263
99330
26964
85976
76674
7359
68906
68955
86529
49598
5717
22783
62388
49297
98998
8238
53702
33251
29736
35801
74235
61028
67628
91993
49566
56911
12631
19935
83228
74018
94792
32552
33320
67358
14310
34409
84314
28850
87109
84563
34499
79282
15616
55673
58480
84110
52797
30091
64890
37116
14143
16419
57838
49528
15154
69891
88682
70141
45730
11573
16523
51712
46093
97588
46500
26151
48118
84081
67674
81353
1483
10924
92235
22130
75208
18397
3588
56587
7653
61633
56047
98987
28840
45550
81417
22726
4363
59075
59685
19692
37779
9251
8301
34057
96880
20908
20346
34417
61278
98005
16559
76835
88516
29116
84030
3842
39265
18950
17992
26111
16618
21510
78094
94985
25998
13121
27465
35506
10253
78702
73849
56455
50873
54854
14550
73177
68583
23953
25546
66984
40850
6014
78086
24117
34634
11498
73387
51686
82850
13409
99618
74965
8098
8227
66852
66618
91024
86158
61373
54824
32983
87466
69311
82239
69135
17919
90027
35774
46153
34528
98297
74176
95335
57900
9350
16329
34949
55042
98226
23242
47757
53858
80592
36931
77383
825
59601
37968
337
74398
62562
70763
90197
48896
89864
58085
33726
66644
95879
60859
39176
61478
67574
28048
69699
24494
14409
5265
81189
38967
97830
97603
17668
52522
44474
23688
49870
14973
31529
53073
19017
25095
90928
65332
65978
46445
14765
58311
59212
22334
24347
26865
65387
35633
14429
66694
36503
51966
73093
15350
94875
85971
69964
75103
9291
17413
35789
84220
82635
24616
7276
65206
4310
59249
3521
56296
60359
4911
15426
6867
35157
10721
79968
59723
84945
89439
16661
89578
8058
401
40954
95320
22826
83434
15625
33546
61434
43919
47098
47305
54206
20758
74408
80075
8322
60569
35593
87989
30375
74483
40420
35198
3762
44228
5841
38245
50958
17298
53134
65363
74242
37280
59518
44141
34038
72917
70832
8676
1456
57709
89412
86296
74374
76850
55314
35084
27288
99828
34024
28610
85947
61293
18478
17171
51510
43331
69885
5521
3367
87451
59404
60940
5772
53860
24563
9211
56682
23099
10070
89250
774
59140
9865
30873
47563
36367
88559
33739
47353
88075
18179
20324
81462
47795
13002
18349
90201
16077
60233
25644
62869
95816
5126
67654
21608
6460
22004
53737
24190
88336
6996
34756
32731
61925
50056
1813
5180
59992
6513
63507
74984
28876
72557
3764
38259
42664
81283
81903
67870
21249
53966
40489
14451
54265
84589
66275
51094
63439
13247
13279
71377
5867
73212
2764
67906
66493
99872
47096
23633
30733
96862
89210
46885
29674
35115
82711
67916
60906
92220
59816
99879
39782
90329
44860
88832
63146
91554
6633
24293
60556
45292
8065
17833
11006
21037
96068
33996
19671
4611
10751
35675
26830
73192
98512
22888
67941
95308
52702
75467
55884
97777
42419
70095
72390
58937
31623
7248
74462
64137
2988
10849
47468
58298
19357
4599
46893
90014
65644
28655
38071
84207
10793
29346
47739
18150
43753
89834
69510
24490
6651
68797
74403
29338
14460
440
72619
76903
9609
1748
32706
13145
60419
30354
3165
16723
58141
54589
86214
33738
35316
27849
15569
5959
93714
5935
84171
82885
5409
13014
1006
52997
26943
39492
14166
5900
31710
23070
73246
24106
6351
8365
70563
19992
28108
912
62126
97685
67240
57571
85414
89355
41721
7511
96525
49364
9280
47898
89045
94861
60724
51272
40212
51841
46609
90470
26056
84099
69038
24183
74065
68595
70947
90766
71538
29251
50848
30650
72439
48919
59867
16097
4981
53161
85682
24214
96522
93760
21943
48824
4235
15622
6220
35132
85196
60005
75198
44906
34508
90686
64518
59352
53793
67237
8841
67224
59532
56965
911
91718
26072
61620
9829
9733
71568
25803
7222
26581
60822
85543
60503
491
10445
52617
54677
58697
21664
96524
11445
21187
5817
36285
75583
13867
67352
66054
90096
98095
55687
48452
6401
11943
39452
7784
67856
89103
70121
11384
9944
12696
51322
85221
65611
16027
81735
71564
84517
56313
62024
37178
64993
840
99323
2496
27553
62179
32461
58785
83670
96961
204
11760
19287
62205
94191
67030
6746
99699
42591
84137
54639
35952
62257
61853
27607
96366
59557
73364
6119
10820
91306
20007
15669
33191
33134
5467
66298
71207
73983
52772
86782
42086
4746
89664
67606
22131
9866
93721
1148
70023
46373
56781
41144
61006
15066
38522
30745
28982
68571
99803
25881
10310
90210
91595
16526
75889
77313
51607
36296
48312
82324
18041
59874
55294
43564
45457
42001
98169
78644
60639
55223
85047
61772
94894
78783
27195
78704
25006
64249
74749
71186
66982
96712
20118
36436
90194
17947
6572
50593
45263
75117
44547
27067
61532
70306
36157
32097
47107
82980
12949
62427
7399
99363
82529
25314
83339
31465
64837
77863
36523
23959
23947
38540
30623
12576
80642
98181
87694
80733
45766
83320
62083
43149
2197
58455
10928
64833
33991
81407
74649
11264
20933
65548
51015
83966
69962
35529
24698
37069
79288
82170
13491
9642
12406
39304
15983
71017
5455
42229
56881
75706
62671
7880
36250
20656
96750
27043
61072
95194
60480
13931
64291
52385
27940
62543
42935
90341
41525
63070
7917
72852
62687
42091
56637
70433
38374
67234
82285
53947
60789
54967
47394
39366
81086
2200
43918
87244
16430
81036
10756
11305
36073
47145
19492
48050
70475
70821
25455
68345
82864
84344
19293
8576
54153
35189
43036
99665
56479
99153
65749
40595
30668
5674
67148
37131
74187
93310
1658
70299
56757
48146
18605
87805
96756
37939
82563
4429
24539
91887
84318
77998
1918
98464
7185
83937
31135
77119
69592
94471
11654
59163
12596
62069
11847
8608
22784
61791
81421
87205
68296
45497
82914
88120
1415
15250
57407
5950
92993
2226
59266
20436
57924
80188
11921
23779
48938
62276
42896
39486
4791
34950
15484
83864
16623
86427
70393
43590
31090
30639
76421
87359
92932
71561
88112
84212
92163
91991
75997
70096
77434
60537
86289
11843
48381
48026
53873
74915
70855
67208
41285
58773
2187
44279
63060
3075
90974
59792
1252
76276
44349
76018
38319
1449
56618
7097
3809
82172
52024
17863
93804
34242
64300
71532
99033
48978
34021
65344
6186
3388
98456
49381
98212
57308
36385
46358
32959
91574
27188
29156
4755
44370
54905
17041
98618
75573
21197
11383
94275
98937
68748
68006
12179
33567
97041
4864
68313
50866
29017
1350
86421
68148
95875
13236
83730
71459
60121
44794
32669
39881
20464
73117
31494
39967
27286
51615
76624
17749
60664
85468
31543
34739
22782
17347
97590
70535
19833
77337
44324
85610
99421
3488
51830
35394
33072
61598
61766
45934
89064
36092
54419
53596
69821
72241
35281
57705
59558
47412
80335
92371
13069
52607
23807
25928
54909
43230
15747
60493
26387
88622
14527
60703
87778
10898
63780
14071
70871
18977
92267
3698
90929
5306
92507
85142
34636
64025
38802
24828
85755
33783
88968
31879
56961
32375
43976
87463
26171
26081
85242
93497
84680
93068
76205
46998
77521
92898
3044
23423
94796
79633
11580
6427
91639
81531
89371
92483
49258
66735
77457
26557
49089
21432
11519
70798
7128
87447
93625
19291
70775
46482
8507
84035
99506
42222
61102
48908
25893
3292
18592
36165
87695
26137
3645
13092
48642
79231
59177
85749
50217
14375
21692
95609
48893
35716
65141
74913
67381
89273
54011
33343
64588
31944
70525
83745
78174
7558
80822
39261
18880
74417
7982
24224
71515
20016
9651
41229
46426
31971
40696
81001
98497
84498
23339
73898
3057
40815
30674
62587
38558
99165
82330
21210
82279
98470
29029
60176
27903
54063
36430
39139
21371
33916
15059
7082
21119
91216
23619
23288
52894
14114
6365
97045
71686
53555
68609
36625
6609
10844
43162
49534
56984
73300
57451
91521
18967
99412
31191
93440
88958
84184
85278
70403
11216
4499
70706
80796
22397
91256
56890
83555
30247
14019
38851
71434
2543
12195
63877
53539
31151
48352
60260
62131
52204
62614
71180
50
46691
64130
23109
62871
42621
91073
80868
67212
37607
89677
97952
69324
11152
23492
33080
36518
86521
89340
40021
29687
55497
87880
88155
54103
79860
52264
66556
41464
821
6542
42060
67332
9054
32685
25719
62955
31866
86530
26721
94267
23689
36713
35902
73311
64311
35804
34906
12172
85530
41832
45732
36718
64143
53901
57051
11258
92418
33955
29958
24287
88486
88
35937
27280
11751
64952
91569
98393
16977
12169
20610
4975
91605
68710
27206
43308
46137
3903
96877
88741
60014
64116
81891
18195
50379
63442
94542
81792
78733
1081
14224
92247
43108
30727
39728
31995
50445
15739
96049
84276
12588
93158
24297
51337
74699
38469
45298
37446
74457
15523
95196
70556
56777
73913
77771
3768
42162
61288
31153
16834
96012
21332
51954
31820
56121
85254
98561
11075
15185
60794
17866
93893
94350
7626
65721
72335
15214
24065
42721
81356
12135
75885
99576
73082
85699
96520
71915
30371
63692
75057
66207
70507
38274
67168
20782
4867
27989
29152
17444
34488
14541
94724
89290
69581
20808
7486
7174
79379
35162
48192
83036
43059
4501
36875
90802
18942
68244
88150
88665
80520
22599
15442
81112
85716
55628
43236
44899
54979
9401
88591
85677
98197
11184
89623
77031
72000
65911
79944
98668
94472
61140
84739
99911
90290
80543
10227
22847
47956
30168
43802
26640
18546
77058
42471
28118
16749
67795
60668
90021
66902
4036
7957
48982
48189
96235
86473
92525
79878
43845
84663
69175
85636
72825
87104
3797
21670
40708
83774
57723
64512
54042
36222
46112
42227
66038
21363
65935
15126
84055
66678
25198
91881
98240
82019
32751
85983
43872
56835
53581
31932
69750
74218
48514
80651
90517
19891
41710
27478
99114
97018
81408
49079
13360
29786
32916
17314
28017
69676
11182
39531
77803
72175
48144
17198
29745
78280
6491
47225
12252
19061
16558
13397
84571
62440
61915
49563
89923
37912
44291
25485
27182
68703
61454
29912
54758
38209
6792
49373
72587
7129
91883
94197
76768
75535
15562
97157
74874
94605
3766
26135
20934
42674
60377
68808
26924
31909
16822
69328
42738
61116
95700
57693
75093
43821
42566
41761
43114
46633
26237
38600
17676
90822
13214
97947
92394
28751
99805
42814
37536
8158
28912
31338
7310
73826
74229
83131
5063
70665
43313
62050
39534
55519
27051
44477
99495
19948
38069
28775
14683
3944
79164
25822
15260
46066
48408
4548
69380
22191
57818
76869
739
43115
98953
80165
94015
38220
68242
50981
36163
37353
719
5187
66999
63924
2104
19348
95291
36061
91484
50022
83149
72145
34399
67315
13361
17116
47666
56944
95183
83264
57123
2125
21660
81886
57423
79419
19224
42533
15057
76124
53345
96149
82183
72479
80321
38261
14397
73282
52042
90644
8709
7715
57006
20127
46059
9036
15137
78784
17618
52213
31397
73625
24051
87024
26491
50930
58059
97847
56454
90464
77930
60684
51130
64488
58793
54443
27516
44565
78517
58765
92627
53677
47668
99866
47387
39239
73531
76792
54939
39093
78148
83994
92715
8330
30430
47413
29527
34165
58300
922
27293
53836
51596
31319
53082
1406
92442
16456
61687
78012
25641
18329
20337
99405
61569
55823
98440
48114
55805
81866
41820
34672
5582
10463
7025
18163
10676
33011
96427
84709
84283
68251
55840
71415
38168
76549
93545
52852
91803
89001
71773
80079
22455
29539
9812
2188
36355
91054
64823
79127
58677
13536
86264
7661
79658
94960
94984
73730
3176
94495
56536
44661
43325
58452
43859
27495
65822
62898
38523
16173
8807
22940
83954
29979
83248
35400
44754
3587
21051
6299
61869
86133
90616
92775
29068
42669
30329
46757
37242
66174
53371
6976
18024
90255
7802
36204
67548
39949
25948
34426
19227
69726
45355
19865
40116
49541
62281
52335
17784
76224
74798
26709
25064
23343
23849
78516
14570
72994
81826
32562
91370
73036
16193
7695
20187
8191
88018
81873
54076
76570
20355
41694
18352
43044
51313
23822
92090
64613
628
56508
56364
6073
40103
58637
19963
43962
25809
99567
13595
57035
42781
50709
43163
91798
479
97844
97853
10004
69190
67078
31122
43485
80582
25676
46337
87736
70546
30904
7970
46305
72179
35990
12822
42771
61855
6386
7476
82232
7709
70956
71123
83382
10003
98600
24864
64230
51678
55183
97980
81031
927
89861
36776
17425
3099
66894
12573
37
60816
96895
10077
74035
87923
46088
85498
67839
77221
82822
86497
93870
77424
99312
29998
64348
89327
7823
17027
88867
32187
16592
14942
45765
10556
70533
36108
59480
43415
2922
45161
71147
40479
98217
39008
11271
11200
69949
13001
38005
37440
5083
16065
23742
95248
35733
73062
33801
14913
69206
99408
24425
15564
10422
36493
5965
42752
2946
37544
91759
98786
97274
33306
98796
36452
18394
12607
65751
95759
88490
98127
87027
17918
78827
83610
6843
73777
34828
58914
13868
36066
96701
95784
25137
17472
45795
53035
62422
52196
80557
59736
42748
37285
39221
59880
68419
34697
4508
58357
92200
21153
66178
20928
87176
98687
90093
12128
25582
16929
59016
9062
10904
98520
62629
21504
23310
18884
46003
68346
78159
27857
46679
78035
63932
8934
98285
64290
28375
41016
48759
31007
54323
27578
9257
98677
78877
10760
75960
51029
40729
93105
95298
56312
86709
97202
88730
2748
84219
90260
44244
91614
38971
70243
33945
68620
44117
48445
21669
88008
65214
49683
25289
87655
20085
85615
67755
62727
80347
18479
22039
50870
50160
19463
94488
45757
14738
30422
5750
77442
50330
74821
48122
70149
25640
5404
2091
55006
57550
22464
42551
1173
70208
47882
59948
77667
39614
73899
68926
20790
34872
61752
3352
96485
99215
37861
8449
98329
12988
62306
44320
15816
48197
74799
48469
55469
9540
57427
54591
19007
8951
9545
23082
20430
58274
97047
66796
74650
30006
32332
36284
37336
75296
23771
75931
15650
57189
55296
52132
56074
85140
82922
84200
69149
7897
87222
35472
96806
15963
20329
94417
14588
68851
17993
57873
8327
41049
86560
9187
75649
69568
32966
34156
99026
20916
2510
9077
42692
36968
55574
6994
21033
22436
66818
76983
10746
99448
40226
89139
58092
13562
13703
87179
61951
45958
90933
34116
82075
72532
54055
68173
40698
21938
55985
52824
21414
44946
34579
27444
22649
5811
81309
96891
64571
87324
24184
41405
4399
62554
85283
34698
76206
51979
76512
98542
88263
10494
3540
24939
36914
69242
91230
82881
21433
19419
87220
55844
71726
73658
78127
85750
17725
95278
59156
59731
7559
63511
27662
54385
96528
94855
37691
3952
86252
28050
24057
16124
55266
84669
30709
12529
71495
20920
93951
23028
31352
14300
82716
72039
12285
56408
37581
5245
50585
10361
49319
2025
15002
95000
71687
27999
12136
58553
51775
22435
30690
1251
69775
71250
98529
70343
58820
41284
62844
82000
12372
94263
33436
19770
8636
98961
66800
93253
31331
63408
88163
28872
82397
89161
67344
80836
12752
92303
98894
48526
7089
9854
59721
91188
60730
64360
22903
52729
76827
33245
17265
1789
22950
90486
66136
38638
95098
26277
18981
87649
31298
78327
62979
25609
6536
20838
79183
20527
84431
30267
29707
42504
35741
75819
39833
71012
53896
57334
26379
71971
51714
27481
33345
2869
63526
89825
92963
92948
81123
37055
61344
98941
21401
82024
76716
65355
4618
64649
69501
52048
42603
88621
41772
31548
14795
73413
28764
50455
53124
91079
79007
77075
39903
76946
17270
44247
35262
3423
58899
53600
21773
26740
82758
21193
79949
3750
21722
85299
67614
73880
31012
21756
94590
36495
72574
64788
34953
86928
74628
88277
53153
47787
14860
25618
20783
23446
95843
90672
31370
55241
59482
99885
63481
79392
98220
28193
65521
84687
17291
52005
67288
1820
92417
45138
21386
18046
11956
12410
82594
63979
30114
84868
38438
89207
12966
87213
42061
35525
44362
89835
70806
86285
33114
9457
39220
4521
78468
10130
99348
40825
71046
77819
29157
54416
46866
60403
50636
7594
97586
24448
15853
64860
41594
48643
15215
8675
65205
73005
50049
99398
91651
19135
7610
72017
33706
50028
33994
62412
98281
25008
66440
51707
67472
5534
78081
35563
92639
71759
28595
37399
69228
10331
64641
85613
22820
89651
18806
13728
88359
50940
57728
8782
77266
53804
60223
34306
44885
35891
918
40754
14565
80939
27868
8666
58576
73940
9985
8624
30379
58604
84178
98591
82263
85553
33951
51801
95556
11360
30643
90193
30530
77121
44015
63302
6935
42303
82669
83276
34994
82214
9724
50653
13139
60809
99519
4110
81840
45994
16084
80581
48956
50044
90570
94084
65015
59787
32054
63527
25126
27156
47156
36802
48531
95949
11990
58933
52016
27139
70389
6981
50899
84736
19817
79330
12076
94609
473
97121
41157
33422
42033
57833
31562
57227
38475
36942
22792
17648
22544
95276
38952
17912
30810
81963
28313
93069
31209
48102
99941
54956
19363
75841
68534
60506
1310
42780
68496
40286
51424
6748
81285
10709
53178
54761
44603
70430
92677
56922
53620
22021
34395
66822
71078
64543
88402
93011
96243
83445
20578
96300
33510
91116
37792
37206
80955
19737
7985
45029
2757
81511
64089
56170
91918
69899
46780
61128
5847
79565
99012
84788
97028
74413
25238
51685
23739
86268
75521
17966
57134
32657
43347
86742
86224
96446
82722
47113
63944
16985
19534
32645
73792
36393
96374
25210
22736
39189
2019
2240
88410
27262
18859
1336
54336
2999
21086
29392
98262
26995
83715
56674
91982
34510
47028
56200
43605
76493
66252
58400
67188
20325
46862
25122
88378
70082
80922
12785
24952
96186
55868
29473
97063
90399
21122
16484
64302
83081
802
30362
21013
43202
50383
3633
25296
51062
43171
34292
46030
95712
97085
97346
48021
61104
21903
51105
57635
93374
48463
20754
51522
97007
62551
38155
38533
79366
31939
45010
55040
29636
64225
83884
74481
56506
42392
30651
92890
31845
52331
81486
12120
78169
94988
2220
49471
31446
44059
52188
82200
59111
18224
10467
63204
21860
4286
18631
54497
80611
11756
12306
95757
94388
38879
71376
80707
71412
40808
37628
8083
66627
4669
54359
73384
27057
65928
95921
44033
76311
47112
73916
74743
18508
26585
59861
15988
48261
13355
80655
58856
2687
73516
31762
1686
82753
83585
24949
5719
65316
75149
22364
86789
53987
88584
17572
78945
32384
85201
44039
8959
63625
81276
57974
85704
43544
10124
82640
94428
37637
74109
45843
77055
24089
78129
25727
4353
64012
41970
8594
86623
30867
47782
64032
66565
44830
42793
29350
61109
88040
82352
18984
19312
7332
83597
59717
4809
98716
90315
52928
97019
92733
97380
79979
9001
55526
66379
70466
93970
77573
67719
90432
48022
8607
53589
29880
54432
83184
55169
26029
30160
42951
65240
53322
70292
11537
85732
84474
37709
97979
98229
24901
33214
71063
54821
76600
55305
51603
88444
62501
37376
19893
45598
23601
28761
25007
38268
99798
9684
86864
21325
84729
34971
11742
3704
37005
41827
51604
96150
4167
39974
9901
33620
53780
16342
16391
86686
44676
71195
47846
17956
25665
281
57560
4345
40762
83170
75930
87772
53619
52228
46549
63767
50812
36387
48868
2907
52394
41077
635
22844
46594
59103
94464
33876
42688
92151
6967
9930
31197
38589
23705
97504
31678
18999
92037
72809
87566
79089
10344
60168
18718
93417
76639
70019
49906
7788
1159
16260
78264
4629
50984
53201
63882
26002
38611
54365
87136
14989
57274
83589
14039
57257
76508
21735
55193
21495
30216
74834
95813
41132
20475
53485
69617
86790
52009
87906
23362
98431
60350
99418
46637
92865
37566
78433
1225
76392
52851
99246
68342
47648
11651
42085
48231
75878
39076
53309
85384
16336
58387
55713
48606
30155
70511
46708
93883
56676
20382
67675
60860
42394
80300
75967
52966
56358
59755
89845
65612
19840
35423
80354
80608
23463
97915
5606
24534
70732
16244
95045
10779
21584
15825
93306
91710
44007
97538
88295
30142
27233
46056
85438
37891
96317
28170
80108
43716
73334
48204
99587
49858
81673
99486
13303
85908
94462
72575
73989
9903
53405
15124
89738
91052
16443
10405
37014
1120
55743
89049
56761
49224
96646
99013
56367
99997
10371
88338
15678
21353
10294
74929
23188
40779
56112
6716
62155
67490
44031
19026
33315
9796
15293
24512
64055
22409
27955
2262
44266
95893
39469
18538
56240
61083
81158
70541
73672
53935
88492
21550
33684
53606
43289
85298
83531
96078
3769
66046
29693
21704
74147
10111
33887
65398
60989
24074
37677
43721
9399
2288
10501
26890
77427
25884
7771
84932
54627
19673
7973
33482
24324
71110
4690
53340
27814
10658
423
78754
30320
41488
64777
2307
36330
81302
53323
45135
91541
74744
79203
57835
19894
26928
43854
15722
46869
9144
36081
43475
20350
72635
1086
46991
92964
60619
83043
41120
55293
54630
17468
28679
14388
76899
63694
36938
72261
9808
53775
38227
71364
62635
11757
99210
567
83024
31792
47629
13559
16892
11459
1551
85990
82911
12952
82874
42874
32159
70043
61989
74516
46566
44418
53547
10457
44730
52946
12900
82678
54999
61783
12293
78078
31377
8001
98813
37476
68561
10056
71762
40881
52998
9659
29672
92826
58574
23566
91663
56750
99833
26143
45559
62503
47576
67927
6152
69582
75760
50247
25844
53384
9243
13571
96616
12014
41828
2577
22336
64497
39264
53479
66286
138
34908
50254
2925
54251
60776
87131
56416
94229
73239
57580
11703
73213
30499
49395
92855
590
67017
81900
25621
60154
43206
81180
47455
96429
30037
66511
46029
81402
75527
61814
11164
32544
29814
98946
55954
49962
93499
84831
57699
18572
54413
5620
12339
86168
65971
90072
36736
50576
33397
97074
7120
83834
18214
2023
17163
35870
90952
43495
32308
99183
20845
86019
12505
51414
88702
4814
62061
17799
9337
22459
96116
37810
31243
54249
65826
8641
66837
47493
24437
93809
73824
201
26783
64702
77732
61627
86708
67031
49291
13545
94493
94052
1550
11040
91352
2049
54217
1075
31295
27699
24875
67112
75312
69924
21784
17774
48397
39229
76233
82121
67388
66123
41442
64967
97716
25522
47736
48032
99857
67431
54650
14441
48550
27426
65772
59123
2723
96584
90157
62216
40234
79615
36594
8546
82675
60783
80146
95182
89600
85087
90550
83521
13114
70895
62186
24976
79041
96987
66829
3035
62807
98093
9569
97503
83231
44520
78825
68611
71406
87133
85484
68672
24489
81477
38218
74934
98737
24295
54046
73023
21904
31417
16900
22546
53748
85148
32081
55255
52676
31280
27623
43455
78067
51842
25205
72509
89394
22855
41788
6094
11151
36337
21870
11374
7676
72691
70238
81693
32760
53849
53955
12538
87596
58240
91385
62255
87343
72500
99725
19637
87514
63403
613
80023
23928
36408
22802
59770
25867
54530
96624
39097
71499
27324
36661
29558
13003
50078
91375
35120
40429
67991
15511
74276
82460
91988
43084
16005
26914
79500
98070
46577
99620
25111
75767
28307
18244
11078
19462
78597
57915
76653
86800
50822
16187
85504
41826
46884
35349
12412
83110
58644
70055
39915
2531
30356
93837
36693
66661
10182
49794
328
52690
19603
95284
34033
18549
72632
17445
28460
32584
9879
63532
16127
42462
23454
85260
75452
32749
34951
74563
92487
4421
69085
93807
22558
96896
32705
66564
18735
64016
56774
11391
97821
50687
87568
22653
91730
13160
5850
84887
79333
14483
39828
70793
44806
17837
41227
54613
61438
23340
37974
12200
96289
57847
44011
35468
50459
4176
91169
399
62460
23332
40853
71011
11664
79233
3091
95691
52964
36269
80065
43012
58489
55999
30154
26787
90619
59458
56207
62143
76894
45036
50819
53348
83650
30517
93124
50679
34340
67140
14850
67935
80097
11615
86
73618
13090
78912
53579
24568
36283
26546
85012
90918
7346
25316
70742
35191
87747
54836
13182
80538
41033
8750
50724
6214
62167
60328
32649
2641
76954
3442
60855
54661
49256
83368
12852
46911
50740
74754
66609
44052
27549
55181
60867
161
44238
46683
9345
39468
39125
5282
61137
23648
37935
4238
88266
66026
70736
1842
3663
32166
17830
76664
91008
49921
3257
96471
41025
75177
63833
42258
19081
8571
45341
7552
58511
71801
63045
21470
67120
89452
50674
80723
63207
76839
24719
14521
21653
44182
90462
72060
43702
370
94486
68728
40122
90222
15903
91976
20401
84696
41409
74161
23549
33287
83334
50365
10153
55274
1304
84383
3624
37017
93074
87401
63812
88781
40125
84806
5721
58849
41677
34620
16025
44979
46080
74181
59405
93793
4100
65940
99424
88429
53429
1342
51860
48267
4090
72032
71802
34600
83313
15667
63034
97647
17302
29402
80232
59344
21809
92708
23455
83476
69849
39586
49612
95666
54780
58114
24895
49925
97278
31894
89185
40277
71454
11122
74270
24024
20553
38089
60375
79204
46347
59305
82602
34852
53206
39817
36901
75790
34813
64333
54370
52059
7116
10297
24564
14082
90413
76404
64117
82049
52596
28625
53574
13669
40901
85958
79856
63747
63770
1114
36459
47734
15743
50124
82160
35256
68905
3975
5599
6062
21189
65645
61333
99622
91172
57412
35933
32437
56452
16156
46095
64110
58510
53583
16982
29531
13939
79993
19798
2828
25528
72529
46324
74080
53126
96782
43725
96404
88477
43221
29681
15785
42050
57614
35823
94400
19476
59074
8695
15824
74502
710
40744
59265
62280
32735
27619
46615
34597
81562
6942
78565
73392
80083
18994
71607
32845
43439
47624
85772
28848
6235
4148
79612
91634
6815
42434
27919
52855
8446
99592
3150
14609
72942
57970
71922
4447
38443
19717
62786
37195
59047
27703
37012
97720
70470
25943
26770
83325
73656
67124
5666
97410
74151
77841
59434
41320
15947
29491
2512
92833
49151
87873
119
46198
71569
17759
63850
44791
11974
3876
56284
29149
51262
89280
38146
28573
61724
83662
29839
58117
80427
99285
90586
94658
75704
87167
55329
70668
27568
5941
55648
23838
53049
33651
68647
27408
49671
92749
3772
18808
5055
98215
21918
39883
75716
63547
80366
29954
23202
56041
81188
87940
37173
19073
32642
49302
78052
99217
20884
58483
70905
53252
19744
62124
51958
21128
50437
30921
29011
53288
13782
8408
73695
21763
93569
29565
82271
93765
17641
58921
76498
7643
29374
23942
94384
66457
72951
28628
11886
89556
5997
30866
42556
79172
30096
78142
1011
97145
25543
23892
27513
94108
29644
80828
24421
80580
84593
1977
8979
87835
90694
30012
29635
58639
74189
40094
920
10506
21072
52849
35151
1067
62004
86403
21659
75263
11633
68871
49160
57
87412
38609
7961
95313
98660
49328
57573
42610
40565
53036
503
45129
88779
43144
96032
20437
14012
97913
13177
72744
99380
82785
98016
73758
23599
95853
97105
30528
66634
26779
41317
7226
77966
5330
68136
88775
16347
23768
71546
68143
40506
28370
95420
29755
41440
50460
12632
12165
59919
70206
9959
37222
41867
43624
49417
61475
54802
19669
84427
56215
29094
66370
95165
55874
5843
20441
92457
52019
46004
70115
2518
94378
78681
21105
72495
1412
45642
70568
43365
23538
76619
59371
66926
12501
57128
21199
20090
65522
23896
68622
94489
18862
57259
72436
62046
28099
26036
81524
70336
23207
54303
61796
75041
31597
63792
1253
70847
11699
8906
75796
7257
93178
53556
74102
94924
27144
19020
44186
64013
81147
45583
51880
39315
44049
48924
39010
50626
24465
18296
56588
27804
30577
68067
99369
51240
60620
42412
26346
80921
88305
76722
38428
91853
80604
91948
39254
35356
25019
69868
44705
33294
23404
27867
71844
6864
99355
90373
34048
80076
82952
73295
37500
57978
59421
68213
94576
56971
96451
48330
11177
84047
82738
57802
20687
24009
24165
22596
74256
47298
29689
9773
15407
89021
43330
51576
11356
36365
95529
22009
85723
64506
82486
67483
10250
47506
69126
88026
3351
63722
95146
20231
28333
58896
64780
36036
71254
31271
73274
28474
73264
84422
1023
78539
41848
88403
614
16570
96104
22545
86414
82490
83130
86069
73921
28893
66507
6015
30298
58934
88105
50434
20787
72716
23050
79524
34795
78580
74249
8257
63006
5193
88275
49872
56819
30918
28949
63108
45661
9296
69513
83215
33205
29915
46129
80280
70530
50672
79714
50955
98452
25791
34053
27406
68713
56072
7496
46425
97958
31145
81870
59588
17758
86259
31220
52893
12210
47733
38457
73822
76649
77474
15416
67395
7711
94580
38112
21169
3405
52397
43422
79315
92100
80869
46160
62178
17340
84216
85679
28564
4901
26235
14139
52281
89801
92147
43131
45297
33472
64947
76514
1882
96328
45903
55411
13645
98906
46146
76924
38703
18764
99296
83265
68766
11044
89288
33318
58149
43379
7039
11776
95698
22437
95401
95163
242
5769
41048
79116
33290
15446
40816
33390
20604
83271
76856
40170
76522
10938
20852
34865
96860
80216
82432
28064
55210
28838
1555
46411
31810
91314
33045
787
40862
30301
4941
66410
38400
88450
61326
10217
26893
41196
71402
93795
11545
20247
37384
8144
47147
62855
1867
15706
64743
63873
42689
95952
21110
12400
90898
9306
34548
45556
35273
50799
376
48361
43820
23094
32207
78043
32388
66613
88926
96407
80817
24220
43952
89877
74291
6312
84102
26359
84628
91731
26614
53536
77232
22823
96047
10694
99062
60531
20594
23842
47195
68193
58671
52145
74123
47212
89096
81081
44871
28826
47794
1142
44315
6345
50067
94541
35335
99681
17067
44257
4007
32195
17482
26930
71483
83915
32956
68202
32479
31754
79255
83493
69079
74280
56837
87008
59431
52463
29174
56434
85301
74647
37589
87914
8041
10868
1533
59142
78691
767
76635
67084
38093
89780
14063
97724
1420
52133
42871
33718
69363
59096
74271
25279
3661
15280
34644
49207
88474
14693
6395
57774
52769
30863
55369
82062
9328
19484
51800
55273
1302
68683
33181
31636
95857
9543
70418
69373
80286
17594
8602
38318
35547
28174
69272
65092
69570
50954
18938
49951
91946
36456
51551
13108
46788
45794
1825
34505
7026
70036
40287
4923
3080
93171
24718
71781
59052
19441
61287
36014
5920
6555
52023
92480
43472
8639
12626
15571
40249
39519
79666
11730
12188
29065
14407
7463
32644
27498
21303
62539
52110
99147
83572
89409
84251
85406
59637
97035
82703
3745
44237
98242
98785
20824
26756
45423
23542
79036
32319
60422
99159
43695
8805
62826
69713
73877
25763
74823
71209
59341
18358
22904
74692
9907
32431
65136
23006
49483
45844
92327
96653
87356
56337
34074
25244
13137
63862
23250
44226
98493
94101
83504
71788
95057
23272
97184
36783
93328
69276
78848
89592
90221
3655
76486
71335
47816
48583
74101
48443
18519
63393
2666
69691
40817
2827
15247
79211
35395
51486
17082
75794
69709
49102
68562
57380
1138
67703
40186
82419
95153
3807
71660
40608
38993
3050
67761
93755
4392
78604
98955
62940
21155
20306
62135
66168
65115
59869
43073
5317
13788
52524
47351
17627
53815
94000
30103
9518
2426
99055
34930
36434
14074
34019
31033
77293
24267
53715
51668
78778
5810
91058
97753
30218
21321
15004
77429
37980
7752
29776
54558
85178
45202
84609
75549
66745
35156
33443
6533
18421
54655
73659
77717
59855
14862
16003
92784
13514
85520
14909
23765
19998
67980
93216
63841
28645
59905
64955
15400
63370
65761
31653
77945
10247
66842
67963
7930
10935
29038
73579
83593
99473
30953
23243
1601
78393
25935
27123
86481
3847
80918
32104
44080
2032
38889
99672
97752
98919
61519
70564
84767
24348
91322
54107
63382
22895
85391
96710
64126
31101
3581
53003
75372
77041
85249
99773
40023
32879
7865
37985
27962
60072
46703
67841
74368
84939
79830
47264
60305
85789
35897
91564
8376
69489
36947
73934
57241
71640
98952
77351
44737
45178
25754
70850
31583
20119
13741
62757
46412
95132
85550
61227
7327
84556
11494
14655
92808
16434
15398
80452
22657
54633
62674
17105
58709
99707
50555
33610
89149
38392
46136
6927
46725
89165
84532
27111
92451
43050
59167
80897
43578
50464
51614
58122
83605
14168
60396
55599
39411
12891
22607
32128
13251
90190
4986
38762
72594
14287
81763
53951
13670
23706
32961
25184
68087
43957
59565
35793
33198
48110
66955
16051
26195
95245
6213
16349
48256
67397
96797
64953
84735
95501
92894
67920
89188
72078
63319
63520
4835
31571
18973
32088
63755
80715
56570
34607
31785
85263
93849
52472
16853
43896
76030
83989
46317
54366
36820
72790
39888
26615
57663
51746
63740
6681
58585
77328
24571
74859
39211
4899
19313
33095
49323
13641
45666
22213
73703
46704
52995
22791
13240
32243
33872
35317
3718
94299
36414
8550
4590
18593
22505
59602
17735
81928
16799
73706
76623
11646
4444
92769
3312
60949
16765
65471
83295
36305
28451
20300
12300
99476
89067
19586
57048
92738
5149
7550
46957
52758
30317
82093
7093
9197
34447
16072
52306
88987
22025
22852
39030
4796
52208
85552
71611
47488
91414
66928
77231
68937
88406
80266
53912
30454
27363
90880
36972
65430
61525
92843
35051
32037
81739
19903
57336
78458
43673
14035
56884
28664
33841
67220
26402
92634
88588
79287
58264
46244
71352
77239
26674
49725
61499
93548
18465
60028
35321
72814
7955
60950
36752
31311
73491
38614
43876
54723
18927
71095
32190
75072
90243
93400
70093
60178
35069
98206
67231
34093
10218
41618
79706
23803
76492
18990
33774
35062
67008
51622
19960
77645
15086
7868
67092
42831
73193
89291
12616
56535
53198
87385
95304
92025
50827
22582
58460
84010
28682
69696
23344
18330
73467
312
10060
11963
94228
83992
49444
67537
52782
28136
18601
39267
78146
68318
43528
82996
85152
44939
57544
30079
56764
49695
63387
38839
60498
70411
69813
74268
22219
39641
95690
87057
94684
44022
19515
81515
48199
42842
20818
48471
95496
29762
3810
26961
87840
54643
74038
52598
11364
69351
65254
29799
27010
73329
73979
56873
56178
50098
26316
87773
20062
65150
98504
64646
38774
62714
69628
69555
2473
94642
61689
73425
59396
19707
23204
15352
89272
98340
38553
12496
3609
59925
90820
96739
88684
55416
3798
54398
36817
4725
24484
92427
64920
31899
59689
89249
89031
81967
37487
83958
8766
82365
69504
56740
98192
94147
94696
49246
48024
75942
92095
1205
22749
48125
85733
111
36760
66433
1349
30554
52322
19207
26629
99635
63652
80884
61024
16842
81868
17108
47401
38024
60987
1799
3778
34744
24177
42577
212
37571
74784
30445
69574
51753
91544
94871
83934
3375
29524
50196
19150
44825
76364
59339
38911
10697
98429
45774
55466
47319
15905
3817
54906
12433
22876
36057
80082
14092
78629
63968
65154
7728
87872
46738
11403
41511
83374
79606
73661
11205
34100
37368
13400
83905
36056
47934
51839
20457
38561
90851
36497
83292
99102
69032
36686
3782
53812
19852
67477
63515
83011
15990
56394
39484
60106
52202
80456
13954
7239
73628
13489
89471
78812
24764
31751
10829
21225
9483
69188
33881
93461
26210
43641
19864
68060
9109
6774
56183
60117
96521
37925
56901
42572
77574
66815
18689
86898
93309
88629
75160
61844
86840
9072
84843
80102
46448
13848
91072
13184
41207
53794
17691
42522
89868
66401
74693
16383
18598
71748
19799
69627
31237
75639
89922
95394
94306
88604
57686
16052
87977
84218
55623
47915
10189
16145
35588
84627
78267
2138
41816
3436
86918
4877
30847
83513
85427
25995
54476
35246
41879
26973
2264
33658
3448
9391
71393
33179
64622
322
67228
95371
57116
92529
96463
51202
58884
38240
96559
87861
61909
89653
15832
1395
90376
12177
96589
62611
5342
57662
66385
89462
69063
62850
66744
37853
11780
59621
30538
73735
69757
75273
63377
5764
97072
3677
24501
66620
11088
55204
87259
56793
55347
56959
56082
51224
50008
78036
8009
21099
95745
28040
54389
91328
6148
97507
95539
90505
87947
7049
4580
43890
76284
82645
86535
11895
5260
26136
61324
62361
15945
60659
44557
35030
94303
22237
68444
18577
59487
53190
20992
81294
85024
24925
19594
79761
55847
44359
69160
4082
87148
52395
44656
68835
39504
1085
1188
99120
32112
66499
77506
88317
94095
94098
79699
645
13995
77410
64734
11067
82065
36614
81091
21233
33161
56645
4495
24625
68598
87614
47202
35397
79760
5188
27590
75046
35270
33275
34383
70981
62233
16713
15082
30850
87696
21370
42724
18162
64772
60391
592
99391
48119
16206
92598
17633
48247
46461
79826
41883
93904
38760
5004
46561
39490
37748
72009
65854
16472
32736
83093
63085
95008
69732
16266
41121
19973
65727
79284
62669
31442
98479
81044
36912
1664
52538
91641
57903
18494
46225
51071
75054
87268
6783
36219
46836
28198
24502
5770
65947
91955
30359
27824
26173
12333
58883
49686
62232
88981
43838
47860
95804
78419
56209
65039
99848
15225
13903
3682
73240
28002
78093
29342
66073
5836
50582
22867
15614
30940
11581
29213
8023
14820
40140
39405
73713
29106
85286
14814
83871
96555
5227
61690
66138
1496
23855
95835
10231
86916
34490
54567
74764
8482
78030
45079
43135
68200
23551
26887
22091
1991
49042
72958
9849
3550
9317
901
46503
95641
46658
82726
58618
71630
77572
66196
99245
31110
63076
22225
38504
32220
24210
17927
60047
3365
89304
23271
64977
13327
97228
32517
62045
94685
67408
26576
14470
516
98348
81312
26937
81392
44842
15144
54262
99708
21962
78821
82202
96225
92661
73142
461
13418
42913
50030
36358
86380
49503
71175
4172
80590
99630
30140
98537
77727
33611
18769
20797
82754
9059
70146
5541
84350
95324
93147
59497
88192
59549
13380
54911
41648
5979
9150
352
94942
12591
59694
6236
68786
97465
94172
70628
91767
88735
80360
85956
89430
22398
93735
53569
62219
87071
84701
98975
80461
47180
33965
47178
21411
82227
91804
14387
59675
11887
56742
81121
54505
39640
23587
50513
85751
99929
33272
73867
7432
61019
55930
12549
95969
56409
81345
43463
24505
10631
41213
65215
69528
63693
44928
12055
58935
2405
65129
55989
94025
14519
48994
29761
75375
72555
76907
43786
66434
30008
84104
78923
66741
96708
46325
49859
99439
22836
21447
14431
96045
83601
13531
75692
53148
46032
27711
39038
47555
43574
59090
26226
81382
48483
37225
48500
55563
44273
18596
55819
17388
26182
53065
78645
70176
50552
174
97324
25451
45077
24202
15043
28859
9093
79716
99967
80658
10810
99762
91043
11119
66523
16466
17834
45917
88030
83713
17505
40382
9588
34098
35954
91382
24628
21017
41413
15366
82212
4212
31582
19208
95718
81926
31085
74990
39501
32281
74742
63120
29195
73477
98856
81422
54043
27075
17238
28575
3333
66838
88212
71583
84206
61621
43743
34012
65461
88255
63217
92324
71202
98963
84927
33601
71862
11535
1952
60962
59152
29702
33569
72015
86589
87946
80453
13987
64363
93382
62894
96244
2865
7495
74691
19984
54642
30900
48879
90379
9070
11939
90784
39574
33999
1638
22818
56412
18353
45150
36539
92185
32817
76345
62830
46618
25519
2433
29367
75190
33721
59282
60565
21452
48179
2148
10317
99535
97046
95841
96787
11052
61623
6964
76478
18279
77177
45900
63704
66142
63724
93254
77673
33564
62601
82858
77666
72760
49126
63218
67393
84618
4873
70866
45277
95058
8727
75096
44339
79234
70660
75436
18545
24092
86173
77500
70180
14859
67530
12259
99502
2885
21742
81191
29688
82820
47776
55442
38448
96260
79224
86926
5583
75678
53721
93546
81851
38078
12730
74762
86311
37584
6647
24948
60636
78172
30600
10597
74274
36992
52827
63438
56595
17661
4950
37786
23345
71283
11343
56863
28636
4851
49198
53731
13949
98857
63458
75020
272
59172
16607
9448
25406
37689
16290
19016
65338
22340
54960
93680
99344
88966
36996
40377
4939
92960
20799
43892
77807
644
58530
42705
55437
8468
14240
34344
4205
12829
5217
76611
45500
71688
66414
20084
18693
66572
78943
41313
96820
32909
64560
1189
23545
32596
91151
81352
59069
89217
51828
86304
78902
75196
9232
77568
93224
87930
4745
64313
11941
40316
37381
27457
26967
74515
51236
97600
55589
95988
16817
33837
22119
84584
65479
12542
95136
23020
99883
7155
84301
57762
61244
15155
41477
4536
75739
25440
77907
7984
89195
56482
83074
43611
37292
72552
79670
63296
51725
74618
14425
80519
69645
95918
62264
94297
39966
80646
86257
19755
62103
2850
9500
59122
28707
39406
11166
20319
15796
23312
71827
5236
68073
15222
39990
78006
6717
55158
42792
28989
86025
67105
48959
44884
69945
44936
84638
38569
27768
81322
12922
74635
35447
12271
28076
857
76029
92532
85424
80378
95989
50420
16802
67171
27811
81764
40897
55634
86436
88178
92319
37976
71258
73440
68133
12125
3747
19758
77743
27791
95169
7482
22827
55545
10346
60199
93872
13810
59665
6818
63483
953
72798
44135
97055
70812
92084
46477
78792
26120
58844
55432
51073
31953
40099
89823
89988
42058
71228
29032
60368
53295
80524
92423
15006
3530
99193
96593
95612
44573
8835
12272
91557
21923
84666
79497
11377
55591
21113
99932
93603
14474
68284
47761
69066
7334
65638
78556
59654
20713
91199
23041
80804
36347
96633
57676
65062
67733
44168
27096
10522
56399
54231
58385
99826
77316
99353
54085
43646
22495
9712
99700
83375
95386
73331
7963
44587
40219
36105
96476
31683
14750
64699
85019
68010
92133
46580
10621
59892
37582
43800
14094
71036
12504
32127
2227
88036
6507
13896
13929
73086
88252
34282
48076
95455
61669
44807
15643
49367
93372
39784
10238
55982
75189
95865
86031
87587
26389
42114
63305
20826
1682
2634
81871
19401
6508
66766
97442
25631
30115
91261
71347
42789
42094
71333
12015
65424
6947
60682
51047
21795
34095
56396
30915
30958
80384
48876
60931
92210
85044
95447
63003
17607
49122
88023
52597
53823
68691
1360
15176
60387
5678
48582
76985
25616
15595
20871
6399
51505
33685
20979
22045
89223
53495
84308
34007
69298
45532
23213
33246
77453
4678
15080
7720
13275
43248
96314
68663
41794
66368
80575
96265
25287
7479
4595
55642
56017
9147
24595
63495
15972
39059
93959
48078
74162
64650
95709
86364
81085
50689
7205
398
68831
33169
72840
29626
44461
95502
98022
65040
44343
31350
81489
60280
93601
96382
50303
48298
75605
70107
51757
62701
83300
51215
96013
66049
46087
1767
22128
14125
38441
42031
81079
52563
20633
46552
53196
72377
16791
53523
41116
17860
65953
65144
98149
57214
38384
56580
76601
16707
6082
15716
39656
18635
48062
48037
13879
65361
77393
91531
79229
88475
55172
85950
28601
33136
17343
78548
14103
62845
88484
17990
52118
44843
17739
71303
79353
62470
90973
16941
85744
51727
5864
57251
32213
26033
19809
12502
79297
46673
94338
93437
86761
87400
1144
86394
56360
40662
36715
57577
5443
44337
61018
99652
97167
64415
22222
60704
64204
32176
92735
90990
66513
50525
57093
10875
4066
87170
48035
81810
76194
47973
78197
5235
31516
40300
48020
32420
45111
58728
54369
1673
21857
58909
62661
76252
1989
85517
66044
47393
58333
34071
70286
75357
11924
30249
79289
39776
92222
68450
51803
47120
27023
13148
60476
18836
76823
94761
30726
62301
34432
86722
40057
1610
63806
63651
522
75798
54534
17003
53649
68777
61266
48577
83604
73180
61641
81089
50224
42388
35792
31240
93954
20128
52272
91571
31726
49661
50554
48276
73645
58499
93711
94943
69694
18207
34850
23657
8034
83949
23382
5919
54248
8768
66479
18636
54439
18020
68224
8255
13186
16171
27806
72046
8258
51930
83211
7847
46684
33491
16066
57561
29426
67778
78474
87439
67868
92255
39685
30338
41758
77675
95895
94193
21071
2938
55265
6718
30034
6327
33325
86386
60658
8063
38662
63580
65745
85259
92295
19776
62608
99032
58186
62873
55554
86193
53305
85879
13316
37488
32590
60790
93359
63342
42413
10327
35665
61839
66408
9111
91925
40473
84267
29783
98025
86553
81997
80479
88078
51640
73682
78283
39110
80553
42938
20264
85378
10348
32467
97165
56461
90816
47620
57478
9378
90131
32341
5047
80429
73059
53490
569
89650
69425
2076
25114
25536
42276
13500
87486
75061
27001
39936
39244
25818
70054
35698
88549
93471
79462
27844
45686
66430
58700
55348
18492
19180
10997
83284
51758
13591
20245
19795
24575
36657
25117
49154
79313
9269
60649
76275
63279
18674
95926
52662
21845
44078
39590
364
68736
24322
83981
62336
96036
60323
16943
80518
8663
78710
55370
12849
41916
40065
64768
92186
43207
27724
11105
56347
42868
88142
910
77392
94584
75554
59361
77318
6309
15774
68943
95332
35746
90057
8130
12522
85927
29645
77847
66467
35211
93019
29819
25585
39994
28264
57033
14336
89120
59515
53936
29521
51451
27983
95956
24742
29069
81539
56057
97193
60284
65498
6667
72895
50549
10308
49875
45331
14129
65109
5897
63525
13364
80279
15856
18001
33138
20885
2915
12297
90458
73714
84271
72133
96795
30426
96683
66314
68575
60086
13392
4237
80370
98244
37187
11877
21925
5423
19952
6997
25189
72493
46798
52405
36234
29261
35817
31402
44963
96037
66373
77906
51064
61331
59223
50077
76658
20114
84305
64286
63875
96599
3692
80890
61487
45226
31522
43441
94596
2315
79397
56022
95466
23663
21039
3258
5289
82274
19600
63222
81581
8379
48857
4045
12124
34317
59814
84063
16720
60090
17379
41382
80570
14226
76988
33865
31982
3603
85793
75351
93974
59656
45371
78917
92421
45767
60009
49654
20675
80118
48905
58185
27882
34589
51354
90459
86416
50252
26217
5022
84291
95148
50809
86911
11086
714
28880
84678
95056
46151
10270
77976
86254
86432
53417
55239
71912
92781
29772
78431
66366
34818
94556
93672
34602
35538
43093
61138
75446
90911
26907
92052
35976
16521
18624
65094
60082
99532
23038
51915
81566
96138
58963
25127
26500
60140
64869
37087
10213
83523
8192
7835
44398
34779
43567
46611
24270
54938
15253
18558
95742
52477
75891
26133
18976
16164
43246
98545
51711
60807
2638
97405
6785
62672
74595
43828
24019
76953
54088
41610
76268
95054
52064
64783
34169
61753
68556
69138
49869
14411
74441
45824
15391
80560
86302
14073
32853
42722
35237
14171
11261
39713
54029
69942
36814
67489
6063
84076
77935
98745
33765
7915
90431
71756
37827
69435
79004
71220
84069
90266
33502
33366
79430
76686
13953
2495
14896
33001
78591
25869
35058
65896
46651
99487
68103
14105
95981
83189
48673
20449
25789
22425
66010
2604
49032
81869
12902
54279
26422
7708
95443
41666
64267
58174
99523
26507
59640
98438
76401
73910
93687
38727
13235
87125
48792
68480
6034
38782
45055
58445
92998
87661
96571
42017
60200
61971
31946
88464
8291
39567
45719
90992
41282
74284
60283
40192
71981
85807
2166
42200
39322
17817
90759
13190
95728
83446
59858
77948
96472
43276
22887
8791
96906
32611
50186
66090
32416
91589
88545
57897
14119
32769
10960
91271
61212
51948
56735
18550
3777
9818
82325
14742
57232
13048
51325
29863
6568
87641
62120
1154
51381
24034
92531
3857
94745
80482
75919
95760
22017
79422
75051
38902
49066
73615
13707
57947
68068
39664
94329
19818
93505
33672
13637
79169
88466
74168
21244
31697
10513
68405
90270
42444
6038
47627
50778
59055
35521
41316
76209
57530
83129
6106
97971
34366
80489
74449
13502
84295
60655
85649
34593
39965
42660
68234
52001
19241
77914
25429
20028
38326
13731
95904
97816
75029
14712
3853
56693
11983
11891
23144
60706
87119
50948
66074
7502
92212
82974
84710
32714
21778
98579
51602
37236
33333
51459
37365
69187
11309
46542
66519
86110
46183
47063
84313
34289
38121
88115
63195
48823
71820
9571
95767
79250
8789
59670
85218
12082
72569
36861
82322
10110
72450
95613
36881
44536
8218
29561
73403
96627
22737
82465
48822
29999
92897
41813
35690
76000
92175
34379
27871
74115
37740
89799
19570
92645
67348
49317
86534
92931
80448
8586
72233
56855
10079
61761
37038
32586
40845
78282
13565
67377
9225
49538
53320
96954
58170
24891
19438
30802
25143
76558
62610
75081
57935
60395
86768
35620
55487
86645
77624
19841
98910
54576
9541
23636
37228
99845
36819
81099
32359
19165
31720
38035
62149
72982
20704
88534
57807
98531
18805
42323
29420
13689
63582
41757
12033
25211
65051
39993
4930
44758
66050
52897
84148
9176
26656
73284
14830
74504
14290
73427
65022
40861
45632
93620
27031
84587
24471
61481
45114
26847
58424
53414
98714
53187
89088
11402
51875
84772
86057
85516
7282
11669
4048
22458
22359
79445
43054
75833
82521
25568
93458
73942
93190
35833
8206
16649
82912
12662
99374
41513
64834
42390
15475
90405
18575
84991
11704
15295
37024
8919
33792
19172
73562
63647
18082
16659
10727
68097
46211
39009
65037
71907
71683
76789
93416
38269
4766
16002
56804
83139
41309
18074
42077
54210
33461
37421
52905
13133
82713
97067
59506
69475
78349
83820
31775
30629
89844
39643
1152
28117
95322
99359
62031
75806
18849
16036
75829
80287
62171
35331
28623
96873
70098
9261
83535
93072
51247
77956
82464
10545
35650
83692
54059
32666
30022
46974
64056
17062
1762
72492
97181
60784
69721
28407
27998
42041
6069
97900
97890
87559
23537
93585
91094
10559
7298
17819
20939
79631
31364
14843
2754
72873
4125
56957
64570
15631
65098
45157
15224
32296
39527
67915
72425
75044
7933
30175
93654
93084
59928
67842
63386
89992
99194
99816
68197
90647
7598
33729
6810
72848
144
30681
93478
19328
79564
49662
61036
23422
59967
56285
55636
61348
79496
82893
5961
42012
20211
40584
23679
31656
93086
99726
83060
78894
84033
25302
7355
16448
60566
26068
93034
91670
14833
25329
35416
16890
79408
71592
59395
31390
63639
80371
68828
47779
26374
18437
28788
67707
49177
76210
29963
85645
95480
51952
89863
58269
95307
3137
79144
92943
40777
92416
15582
21790
78212
2953
19727
87204
39940
24670
17761
67861
26118
86130
36363
7059
73095
69362
1823
32415
81846
3626
33621
29528
96318
1768
11708
21791
55473
13611
70778
83516
25047
69638
54130
20075
6256
55063
40354
56812
43776
25214
99647
23304
61550
64941
47
41036
75368
11228
10088
96903
45123
47901
62802
2773
35114
63106
13874
82621
32978
88136
66208
26789
11660
4366
42132
52993
97139
67456
17881
63948
13597
29921
20734
14048
69495
54945
92252
68018
60611
62478
68460
48080
21626
3385
68308
83151
28542
10233
75594
89267
92204
34083
37362
30911
76052
58956
69415
32266
82667
23904
66871
38072
30384
73702
54266
12520
32926
31069
33194
42962
46504
58608
61774
47714
36074
45957
8610
62230
47328
71108
99799
95845
24542
20033
8821
32053
36059
7939
21063
42790
39899
58268
72514
75768
2500
57370
29115
6985
13059
1951
65170
39610
12455
87837
31413
26104
96596
12258
12469
76734
36824
51574
26314
62771
68404
90135
88508
12837
85582
7014
84606
59953
11256
70870
581
14912
58346
98649
67081
11194
13196
34596
14866
68451
55914
58451
3127
31340
28654
2789
38020
34841
84479
89042
36472
34131
78162
59744
23121
17271
38543
22756
84164
51638
37164
49898
50472
57876
56974
47201
4249
86585
2332
37265
81128
24215
82682
7107
55073
67155
77989
88546
1051
98627
31375
76859
75379
8199
52409
28033
58555
8313
86165
80195
44960
58328
35223
37458
10415
76277
67622
66866
51634
30032
95752
52089
41829
89759
38476
48030
8097
25046
91518
83438
26849
35718
68300
91738
41393
96759
99258
94981
27035
1242
65702
35338
84943
4734
40270
2274
22016
32608
11460
20071
693
84614
40726
80404
96869
33485
29721
11958
61679
35359
59475
6903
88006
17818
20302
65766
28243
30587
34198
89176
99570
60373
56864
72125
5429
41340
19579
57772
20747
21079
4729
31544
15074
51472
49495
52862
62858
39824
74106
82732
99957
208
97244
57854
35083
46284
39945
34649
553
59946
95587
91408
35508
56791
703
66994
3457
66159
3866
6053
39177
40546
66308
71367
18380
68024
88445
98671
55102
68350
47361
59376
45856
70602
6724
88613
50986
65963
26626
6372
25766
29253
3834
92249
15998
87604
40047
30858
77649
44707
98140
54018
31619
46545
76650
13719
26968
46838
54689
78909
60
90238
6637
52297
62226
7035
72269
52615
47678
21686
26513
58854
60752
99696
84227
37303
25495
58251
94968
29371
81470
20840
51447
13898
69009
2995
31008
56225
53445
33654
70593
33675
81194
3289
80984
27775
22801
39458
70467
86924
2400
83857
45860
58007
28606
27015
68409
26492
62122
80011
20168
6459
39111
33657
41050
20136
19503
71508
65777
29973
12798
43323
3389
21836
77714
3920
33639
55810
74660
2046
72806
63541
65669
99214
48183
79140
28822
32447
15888
46821
40198
14070
41235
7644
55030
24248
8138
49100
45799
90604
5068
38188
45833
26896
41453
24311
38579
97458
2319
43583
99175
21566
46839
24327
17551
47504
80306
2464
37417
23328
14402
47658
48499
88603
72968
74548
27589
90577
33385
8970
36278
20772
28904
77446
97349
37128
37852
41597
31532
81988
53332
51430
68701
7477
33170
26037
4087
95015
88479
84631
38044
91880
62225
89422
58021
43570
51819
23374
95484
79956
53668
42289
85763
27027
95383
63310
87294
69352
89543
87758
33834
37210
69835
88228
22448
15507
41535
75069
7240
41436
57792
84391
26814
11123
88598
46760
97630
6800
29760
32516
10475
31349
55942
41104
21308
5903
85195
97014
66091
44786
21782
28298
20130
49771
1779
70794
77892
85632
79988
96390
96082
85130
36508
28785
64746
75999
82208
34382
47171
6233
76539
47614
97742
23817
5602
6344
44881
13082
31048
88027
88815
17671
66447
46844
46398
41943
63673
87045
64368
4643
86407
17124
43703
14524
59228
5020
2073
33344
68751
58177
99292
38883
50014
39112
1755
27100
22727
44433
49200
75321
96050
99946
5523
31934
78456
86467
82896
38951
99233
58942
42933
3187
50996
39348
66015
78890
15557
84142
4608
67001
42510
41281
65803
98741
57575
5234
60491
51028
31705
43413
19698
37950
47340
25212
21465
36191
48610
64149
83064
93350
36700
88711
23187
50147
43071
86091
38942
2848
17950
23092
77965
31050
1929
82692
64525
52004
19490
12582
48623
27297
51902
12749
39477
1452
86395
98275
33164
11504
49164
44590
14567
88000
91773
96491
69340
36654
99629
91476
7697
51193
20291
76993
17711
11547
35057
369
63290
98698
87555
1485
66721
56045
31607
56799
29275
77308
25872
48725
72204
88106
69220
34203
65425
71558
71189
39558
13480
47159
33972
56156
84641
75959
75754
67612
21509
69001
37379
45515
37026
8064
14701
3930
18483
57440
23915
63729
565
84043
43016
30916
65938
82015
66282
40700
45241
27403
63984
97422
85064
68302
58663
58798
10201
62656
83646
26080
62681
96765
39911
81010
92190
1004
90449
70970
17408
83053
9087
86967
24232
14595
29683
30669
59034
97803
28081
43242
93662
73688
75030
87023
84675
59221
69333
47728
72300
48358
14555
51044
17533
82634
54200
17694
11447
25651
8736
77043
80861
91265
97889
8672
34804
7801
83902
57552
73813
82554
28018
43640
82832
81113
34140
70887
19499
1885
28399
46342
73224
42277
73955
52920
99733
15362
68587
84288
24113
2117
71517
54555
41031
94336
24725
21787
73470
10440
31852
60076
51096
80528
78000
83974
85388
92879
68027
63042
52896
77053
83854
27530
27737
57455
82849
55733
7632
79934
998
30058
85912
43785
68566
63479
52493
68105
61328
51276
70852
74800
97240
2993
17277
80847
202
73140
4189
43329
97703
17005
48131
91284
99427
15011
20547
65851
72456
55083
84405
96307
10488
96835
31696
38295
83362
12127
88384
1698
37441
10671
73807
37329
79598
35557
80919
53245
97002
48466
77168
21554
32866
363
82745
57771
25001
63253
97599
62452
87500
59389
99604
51443
96570
71500
14377
56894
6829
54310
40037
34244
49490
44673
49910
22485
25710
4250
10908
40163
31441
68594
19302
16520
55838
43027
29211
2727
56439
17404
76007
74095
31993
66062
9843
14077
17831
97758
49664
92821
84202
80068
39642
70872
39447
53950
71425
37613
97403
74012
49134
40169
7654
52494
27692
41814
26231
3094
20938
6620
54667
62181
8219
73674
33037
28914
49136
90916
87713
80332
36854
95378
67106
90673
893
69319
8773
29042
8747
70940
34854
57408
12423
81902
42652
24355
15948
96277
31022
62699
74518
2066
26725
4832
74976
91159
41143
25659
5758
53831
62049
93787
58951
39413
80840
39380
20833
80027
64872
31914
53055
29438
23470
81548
67821
15062
87830
6440
78794
62445
61111
3486
32581
89614
47210
23976
5248
70415
45648
2427
61230
44927
26683
67656
74100
54541
75067
50769
84705
62118
33556
92395
89234
93743
51972
94999
47615
99516
26646
83371
22005
93884
54448
54211
38863
96675
93649
47547
54773
96742
19854
99933
10773
53421
66055
68719
3170
48152
47080
57941
23529
28443
71418
28532
33450
59340
27259
10419
12351
75124
1280
17687
61058
97874
75843
59705
14018
26160
23336
25552
72357
25187
70836
6881
65973
43307
73262
1207
35670
52574
89005
26128
72999
9825
56118
94844
33960
10104
8536
95984
12011
47280
90319
25264
34840
84623
48335
22146
88405
63272
78734
56102
36918
49077
8382
60158
71505
73700
58544
60958
25532
34146
192
22965
38705
42813
63662
68991
57067
48936
82073
16093
77089
20560
16358
85948
85991
56261
60896
73765
80748
12836
19336
54864
82530
63564
66354
9655
52588
9676
42758
79808
10435
37244
67924
28051
53531
56004
57629
89203
51397
11837
49860
70585
41835
28371
97012
91660
28496
81434
75510
99730
74857
81525
7524
27170
68789
44215
52917
86089
20642
13622
29778
20988
66718
97856
93271
98392
88320
9787
28781
56153
26197
55604
62060
55027
15348
92972
65180
88389
21460
46199
45954
5477
99280
99327
50066
76910
28393
28811
75012
43928
35478
46602
58420
64105
17297
40486
11897
69301
70276
21056
52909
1385
19961
96110
59162
2337
16548
32438
37668
29816
62502
68527
62777
62195
37808
27958
45526
25617
23884
17765
14616
44001
27515
60264
44959
46729
26000
75769
38128
73455
9002
29570
58138
91069
53905
55393
61551
69565
51709
66777
77668
10535
38382
57343
85025
61931
72598
80716
74583
50578
73517
5253
28776
41665
35758
36994
24148
55780
57030
580
56561
39130
5659
96789
76323
58341
46801
69569
20361
48025
40374
47722
79065
44299
41596
99047
24871
20902
24099
88945
25632
97333
43942
65364
78447
27246
94061
9514
82733
66917
57387
12677
71375
30728
6968
42525
24141
97656
56823
69110
75714
89146
90863
70939
21958
45891
67624
9940
8188
81140
22120
44734
16898
88722
47299
18671
98867
31224
55076
99594
17498
29802
35494
47840
42181
37587
19130
98494
57234
2712
5614
46854
93388
45309
35101
47601
12239
23052
82124
7401
15956
68501
33989
73568
48713
56456
31692
67744
8604
35139
68412
10510
21266
42509
42592
98652
31977
32163
92666
48380
78582
4601
87541
57971
46037
169
1425
9860
17621
22969
78682
94531
84067
58491
1410
5803
99786
3888
91243
44567
71261
73042
88195
41266
93408
92243
55940
58076
69123
80217
37622
30388
42375
98321
25875
41812
61151
733
9899
17385
20708
68836
78806
50492
62735
55150
59828
93134
3022
42439
74387
84771
81923
49896
76571
95003
30288
93854
61709
41802
56926
39034
11276
32495
4124
66717
3578
92699
80402
54483
20172
14330
25524
19645
71557
19877
16412
3128
24561
60581
64875
22976
64740
6121
47286
93098
33002
42460
30057
39020
45704
98175
96337
35323
96829
78376
30495
55650
56583
99044
47349
22860
27073
86183
75894
24394
68138
21394
39790
72923
16875
23071
79806
72870
60297
96111
33813
88994
31798
5655
16470
15107
7968
24853
39144
27497
24479
25873
23898
88918
10519
98100
75500
66115
46119
71938
34527
38877
25433
78816
5203
79285
16272
22184
54861
10962
79780
87769
63668
88780
68091
68630
49520
45493
75360
16407
70205
30191
37900
57166
66813
62528
53670
67854
84649
72693
71754
51355
113
15880
60934
2320
26786
85918
61933
19593
26940
46582
32342
2259
88700
99242
16130
72258
16431
91214
84902
86116
17842
49633
75948
85284
53636
12809
83280
14963
51420
54933
14037
49253
84590
48750
5261
29445
30226
23363
2590
5291
40370
59589
75340
91848
33913
13031
17072
71730
1616
57391
87250
44972
62710
59526
91135
12614
924
70990
99723
35669
62454
6722
45385
78099
80047
81152
50577
6383
24553
77210
27914
6614
18142
17139
56751
2974
67583
41354
60347
26730
74125
506
83982
55213
20649
32981
56018
90581
98843
63700
61129
76191
45771
97941
94699
98078
6240
75217
90113
49748
98740
84191
47725
42195
11552
46973
8165
61967
62815
54097
48045
22879
25502
46328
52603
39243
55054
73332
85454
94342
64412
88785
77170
18932
1924
96901
84201
27951
20283
18531
85916
20273
39107
95261
29654
42988
88806
77517
56065
5759
54135
72905
3398
96929
90280
14506
43462
17861
76543
11179
79651
74557
72671
85088
57374
80078
70505
66209
27218
4513
40782
72136
9252
50985
22433
69839
68036
41934
79308
91508
3335
22651
51592
81334
57787
28219
4086
94762
82388
32643
50165
99562
40674
67260
70770
96989
41244
50771
60991
80071
21963
66061
62766
6854
82080
61885
64328
49617
75345
55980
58055
55740
59978
90769
65821
51159
66760
24265
36945
13979
54934
83883
35402
42104
85839
45726
25933
72332
86580
57054
50375
97398
66164
30794
48121
14427
92158
70698
51084
34544
70994
56640
2605
48396
61899
95272
65134
68025
20914
68455
30173
67478
61865
71861
90165
21522
8687
59571
87945
50184
97445
87492
2310
77597
79817
35908
48495
3994
98227
19568
68891
66422
97792
51969
38308
72712
99048
98062
47309
62584
68161
88993
88555
55686
9526
56405
47829
39636
68932
8528
99695
25717
96436
86330
10347
96347
45381
66652
49546
89053
5034
66404
82731
74382
47798
717
5018
85349
55886
89560
57642
4997
17692
2805
21188
69841
70557
51156
49111
11683
26032
29321
78881
61432
53155
6907
36143
39788
73258
63270
588
94714
75146
83394
33297
61758
30697
89798
84022
37674
19667
54895
7826
46584
60955
21053
28935
50964
19898
43478
68919
38171
28603
59227
44465
57747
8591
56275
58220
21764
51886
92796
97169
63622
65731
38934
6770
57546
58008
58238
51499
65165
39224
61939
99559
56879
82333
88673
42815
94345
82887
63346
33277
54662
52225
43169
66351
1072
29277
70998
16755
26459
24931
25895
86070
62535
50566
74213
94220
25156
85531
79303
40975
42490
39789
21461
49343
34761
60562
35684
48286
74205
52564
73166
67617
29856
51851
65917
23645
6197
81897
97449
78564
74512
60031
75316
30406
48714
71635
74924
33515
91876
65816
79390
490
89431
77161
79945
28204
85031
29117
76765
61353
7450
50085
16032
32515
29424
13336
25145
34300
50520
96362
21165
73742
85560
76329
88322
14415
95458
6424
35225
92148
84872
18541
47780
7922
86279
47132
75731
39661
83627
73163
96768
75838
19544
65512
65054
56491
7207
84
52015
31505
22837
80343
55917
92875
37971
85822
65846
25234
47473
38470
35683
11234
60901
27357
62019
27733
84622
23141
75721
60392
60285
29590
24815
82955
17797
68017
34732
41360
93265
30861
69428
73218
98235
489
46010
7721
55751
98379
5922
29432
49841
94686
22471
22147
19947
95404
95731
24511
51081
48143
71239
74621
51968
54161
15205
67222
66268
1652
42292
58190
31625
96054
60653
39101
41808
15927
26630
31986
75512
42992
18821
75224
94799
33748
17262
96975
82247
88188
61788
34559
42584
29107
44399
16320
69925
5478
31760
82473
10583
54690
64654
64307
78328
45262
99411
3858
23913
80657
89403
94361
49986
49973
36839
70904
93373
24137
18928
95500
31737
74251
45362
39799
21050
15161
87474
35775
22470
76309
16910
26790
64754
42879
43860
22347
93479
72987
61388
40013
86634
27834
41964
21502
86551
34258
22218
6646
81409
39897
13075
57615
37200
69357
45073
7167
78781
83381
60444
68164
30670
44598
62006
60441
24955
3011
20294
89028
73566
94550
14779
95385
56813
57846
65834
65955
94245
42155
78664
66759
70279
28553
92223
76447
13506
37527
67184
36547
77388
91601
42449
80776
98160
85497
3005
57081
27441
15329
13319
30150
81968
60170
82143
63155
76177
92555
25713
33713
67266
79541
60248
59439
37136
23176
20014
23672
66240
71658
91922
86170
5916
64272
36327
66791
55933
25619
67716
78504
11762
35175
2820
15449
78489
81339
74341
94712
3177
37563
20551
66235
8650
35644
75866
50661
7656
33655
51679
53566
71942
42737
93490
88521
65276
67688
36128
21507
31313
78484
44136
6652
83654
16752
91317
96775
26523
50521
84744
34522
62849
41714
6861
19985
74645
32689
4723
94268
5909
93835
50397
12045
27342
59302
12706
26330
61985
26569
57583
53630
43063
87015
22506
22533
93200
51580
86504
41322
83309
61875
10612
50343
1202
68793
5874
24312
60169
5804
82805
94549
94004
19198
68470
25312
10592
78819
19243
73653
71120
7110
3713
55858
41135
6509
51608
45898
22330
56857
88280
20146
62213
51792
81667
70898
76655
14946
30852
14827
99843
55254
16073
18672
70515
79469
47482
55531
36435
54177
90955
24808
41923
82949
50277
92630
65557
69486
56721
79196
13432
87181
90934
81604
74068
50322
43760
68127
53363
20023
96814
12476
17336
81632
77122
80502
58847
95870
20929
64926
26115
49605
31109
60255
28022
8858
15668
72131
83812
4368
13509
3132
93811
71062
98363
79810
3189
91545
36750
88859
9875
7018
14422
9771
73245
41160
3881
23408
87612
32351
16696
82620
4945
53019
27748
51908
44609
51517
53276
43757
89262
44446
96203
14560
96669
29641
6420
79158
77709
12622
52895
50515
53958
47226
43303
29425
80850
35696
9432
35584
7342
86577
38746
27671
35837
4811
88031
30612
83370
73978
39933
95717
38653
85909
35731
57828
68725
78930
86043
22172
82155
80696
48771
26729
19064
76648
22779
7403
82260
97888
96233
65048
29544
72187
85923
75817
69509
81918
9661
46467
46011
97850
71494
40803
19904
53651
14126
25554
60061
58233
17929
80863
92632
90308
76939
68028
5462
57819
49162
33891
13458
43944
5228
10615
80785
80661
93529
12343
11301
58779
19820
58221
86693
27592
20051
49631
89594
68511
68603
73997
77258
33452
3561
72533
37065
10103
60780
42800
87934
44050
12503
16318
51076
7737
14010
43493
55182
63867
37151
27612
51050
71678
76373
14211
21195
68509
76673
56486
45444
42978
97476
66051
89589
18639
22335
79913
39056
94324
90420
29666
75451
55310
77659
23606
95898
64738
21965
88989
32466
64664
57823
29537
75007
12447
54924
26879
21259
95263
72988
87549
56523
77378
6622
9105
29051
50609
47355
86860
80564
10228
77229
6166
30622
23219
54673
83386
14389
7794
39201
9633
1690
96640
89993
68712
96086
28241
21450
74466
37162
40074
44935
94204
32115
82317
92618
23544
40834
48706
14349
71253
72625
4624
96772
71458
9645
35757
47671
18903
18509
63321
60576
24581
9947
78311
59422
13011
47363
45308
28635
79008
63716
84483
12511
56350
27982
86192
34503
62419
264
15911
44623
96392
55263
3637
69596
71419
86640
92546
17357
17969
23067
52122
75364
17380
35293
84793
49578
58913
29765
76236
5891
92518
58158
34655
44801
6737
61334
30193
55190
477
15177
989
11297
95796
22263
10537
12920
5274
16836
25412
9009
33870
28789
12643
92949
99540
4955
71644
45468
7436
17635
28209
511
24943
51175
6281
95493
49755
65108
62128
45880
89602
44897
32836
1743
42480
33238
32680
19027
30979
96893
90326
92560
78496
91832
29815
3647
91030
294
1517
19849
6876
48015
22840
60043
64109
80737
87577
1462
980
91609
40950
76706
65432
15879
54356
10848
33761
12788
80225
55537
27164
4623
10196
91511
98481
47316
81788
28416
48910
86476
48686
47321
45674
80297
42895
10185
80249
51083
3198
71534
50522
24700
51267
43734
97353
53734
78987
69170
68149
2686
87495
98389
8761
27241
55164
66495
74157
71918
57171
85986
72758
71160
37525
82923
60187
13132
62339
45070
81811
20332
56847
21703
9530
59271
15133
50924
29212
24088
29924
67812
54902
16809
22013
10748
69689
39251
40682
73596
2816
65857
93431
89763
52158
79762
90144
87327
63050
31561
73159
46456
8804
21937
33745
41623
82641
8096
11801
82644
31170
30654
4837
96918
30755
1663
24995
87765
63708
29620
97919
74605
77326
35950
48655
73809
75560
16693
74468
41744
34303
36343
2416
1049
76838
44694
31391
1527
37063
66552
28611
78350
55237
74735
94218
84161
71925
45353
32223
12563
30887
35687
8616
53982
46487
95554
51173
68994
7101
48332
97741
91066
24750
30352
20132
67235
96292
17879
35578
39185
24893
30031
70849
58702
35393
91646
27449
23064
33614
47759
97238
5052
23107
61301
51901
87855
97659
83558
99197
69682
82105
69769
67760
3970
95979
91896
19519
19261
77188
78611
30765
89867
55918
85966
62516
17189
3145
87371
84564
92782
40544
95657
48034
92970
2657
57579
48998
97966
86463
75468
8537
33263
97904
10652
89285
95287
89307
30336
84004
89216
17952
64320
56197
40578
27428
37580
2664
10917
62194
78384
93285
80600
49829
1475
11659
59760
75125
45952
55557
85809
32673
49112
2973
5380
61464
56625
8771
25652
75053
15455
43526
3498
77876
54243
79849
1689
47700
6468
28740
60672
44142
89634
81929
17511
9612
13792
79791
12319
14905
3922
83801
63360
50862
72689
21866
41999
3081
98129
99129
45340
2127
6005
89482
63220
39291
20502
54899
69833
2384
73176
35404
97634
78612
40990
33015
89037
44217
21202
94153
64203
63001
47813
1806
3487
7864
76188
51806
87395
61616
26193
218
49331
70518
61672
65091
63248
63830
26622
34115
50317
54607
95077
8226
37302
22987
57191
41598
80372
50666
58729
28098
75742
69633
20126
4775
51198
38804
66045
85210
67301
99605
38174
53396
43243
26577
764
31129
61387
62829
86600
7017
9798
46919
35853
44805
4457
57743
58638
93677
94321
36039
78090
68621
76692
33299
31968
60837
99920
43136
75507
32369
90818
70109
79515
5690
44561
50765
80813
45310
20726
97189
32893
12815
46001
3549
20764
66520
13306
20611
96227
19186
76596
18154
78179
72818
35694
8886
80418
1219
26501
92802
91305
48098
47155
14248
32762
8164
30011
71013
80431
40349
49365
42470
8303
16131
17383
44089
92662
70741
11661
19763
35445
56874
7461
64202
42609
18248
48703
53145
92448
17390
51471
77243
51230
63460
73632
39542
4313
68834
9758
81841
45889
70473
45479
90860
19800
10219
1974
17665
57968
54426
76243
88898
44703
42498
74869
37083
30588
28634
30125
55091
70502
37778
68009
25029
10517
71511
80767
87821
34965
6209
58479
19482
6598
28133
93891
34495
16629
95508
64192
49348
5283
40841
26274
75434
57309
44815
61368
97281
59833
14238
4961
57267
80966
25386
8234
38848
85933
31701
66278
96959
87389
1815
78050
35438
22997
13705
34036
13210
34249
26771
81338
91157
27125
59073
43522
79936
58606
87454
11304
10651
50017
52812
52447
86222
34398
7453
17669
51662
15521
42559
78638
96578
23575
55026
9999
64891
50665
40322
24427
68196
17642
98510
4762
52537
5943
12487
27249
95060
3031
82608
83923
13427
50126
90231
6153
31773
34401
31116
8425
85865
55664
6919
50643
88482
99187
14977
19736
93571
42217
43167
14317
32238
30324
30245
15395
53754
40273
3396
3275
71993
11456
54825
27396
42418
53054
21383
82436
9598
20525
80002
14109
24870
77777
4182
10515
11416
95676
95530
50510
10728
23483
95877
60608
17553
12035
7162
80892
83737
27385
16687
53350
80025
67257
23720
7081
15143
23240
3696
24342
60080
63563
62657
31776
46774
33879
62835
73130
56633
45002
56930
50442
38819
63096
81308
23932
81681
75261
98926
37733
20200
13426
83361
65760
98938
55927
5545
9409
27758
82027
55147
72585
24129
30246
29906
64212
42747
11175
13554
32302
37518
94606
27541
66483
56346
34902
94416
76097
5017
63874
15532
94794
47347
70896
80166
16589
81776
11484
29749
4653
10455
76222
66976
27675
83733
14784
25745
86620
52045
28668
64153
89479
88538
34864
73280
2412
35686
68503
13479
40918
61044
35065
66160
92820
75874
7885
97322
46038
86786
13546
33725
40152
19458
36142
17416
46369
52025
65343
42164
77200
94237
71163
14791
2980
77284
64425
73179
36836
79681
86139
10635
22848
1905
62573
44799
54494
29727
23517
73217
63827
95188
28849
76131
25623
780
5070
17515
52441
96249
33698
39859
68129
8923
11010
39998
77359
76445
76813
27397
44892
94262
95
5742
61618
93823
69360
70312
77131
59586
40804
18498
88347
38796
97587
4407
52178
7977
44867
34011
56808
10162
27221
37872
27192
41006
32954
45184
14286
2388
81009
72304
94085
59270
75163
86382
94691
24212
2588
86503
26916
86004
95963
64163
46529
3466
16562
66978
12587
33844
55228
63834
78948
61595
91644
38548
32949
86048
68041
80649
41882
83906
82235
9107
45820
87866
27460
81029
36672
60814
82286
32711
72737
81404
40552
68651
43539
26570
33117
75454
27841
84822
74090
68695
52768
6113
40195
49697
48870
89359
85631
73588
59971
46829
69479
54522
98863
35320
91546
16478
28760
9601
95037
43631
52185
84101
98981
86858
47060
39006
35489
28140
9810
51431
59884
92426
10276
56500
8017
42977
6868
74848
34428
39353
30917
63188
94840
79897
50597
14194
19970
14347
33912
62541
62782
55568
77107
98966
78811
59144
63260
40993
88108
20424
14228
95915
25972
11062
80408
97310
73309
26328
86825
69811
40615
28299
2462
38690
47424
55245
31839
5991
42339
18086
45581
32540
8155
43924
4515
70521
44404
35906
44306
5876
20301
26762
11064
63663
99688
9454
25929
41312
48060
26772
87676
54208
57914
72104
80911
14867
97494
28714
55208
33415
48023
64150
43850
65718
49894
40550
42025
42305
77735
93877
66349
38534
27752
10105
37485
98710
40408
75717
55820
12745
44327
12816
82355
6385
78262
67430
54081
6782
89490
83376
91492
81631
67194
83908
38875
25399
69209
40398
1448
65886
62184
75906
830
21792
79219
37729
61366
67542
92165
20295
44161
4658
35373
21219
17409
92547
10511
94781
35010
60587
71005
89528
61963
53444
45399
54552
89112
89456
64430
85527
10333
77485
31892
50699
17552
5993
1932
47396
45211
45901
41593
14327
89350
2021
98508
76721
66425
4230
35029
1337
10786
56177
11978
5633
44298
33305
47688
61147
85596
77148
35363
29610
43963
6045
69131
86040
42876
83169
72399
89924
33309
44199
88675
82425
96529
19449
10464
84478
51694
88536
78585
93633
90042
54311
29383
56071
44384
99813
13153
4199
2479
40995
48740
99896
59851
16556
98624
59649
57284
91783
60628
81802
17158
30397
47937
32587
13517
80605
44767
26842
57177
6356
8743
4351
84505
13088
58359
18835
55285
45415
40631
54449
3899
9495
75593
46123
87098
85081
84180
1133
21678
49942
71098
82131
83058
95380
55214
33629
60428
73362
8790
44510
92765
84559
85761
91872
44253
70187
44604
11199
45885
14442
50569
95713
52562
41092
55376
35279
86356
96767
92481
94950
2728
25465
9196
43354
6804
85410
79915
71328
98448
54388
88042
391
5884
37082
52656
75279
11198
41968
36382
50373
91045
73569
49074
77071
77197
65181
85188
12190
59166
93605
18004
2286
12471
14926
95818
58613
76969
98416
57205
22399
48001
23550
42516
44719
58758
76388
87936
93444
40697
20985
32943
12139
49798
95825
47014
15309
66992
68705
1730
67786
21573
39882
79424
52510
7555
73156
56594
13725
27048
72777
50631
2534
12713
66772
6300
45270
89004
74792
45014
54488
718
12115
84561
57059
12161
23520
79350
78555
12868
78995
86255
48626
12237
57804
19159
35048
71394
91667
17013
24171
309
16483
86044
54114
39732
56373
42203
19393
6089
6050
77040
43053
2124
10914
99373
43459
72616
36288
33943
78239
65284
7358
7352
81270
43410
32171
79292
30187
48297
21718
35627
96259
46814
10474
13602
85093
70738
17387
97920
16603
77377
59242
52560
86450
55249
38895
13807
90047
36072
13549
15076
13030
55490
41292
57010
80073
18670
249
9434
40129
73167
84319
14727
40443
56836
43183
17363
14117
82231
35945
33789
74340
10699
93901
32439
99278
99974
23839
3506
66343
67011
69285
50712
68977
64080
65754
77211
5263
51632
54930
73591
82489
68964
74217
59605
92710
87688
1161
50268
21389
52572
98256
92297
82112
17151
49516
61098
30116
30408
56351
52056
58870
20637
10646
77839
89179
81828
66221
42006
35073
39718
59233
25533
17965
91191
88485
35499
49315
53672
22850
8050
70757
28146
80157
8132
90984
57403
59980
56173
16534
42296
77062
78981
28698
83755
55675
69969
39918
31613
68761
76036
59084
87290
90485
8556
65456
64764
75597
29369
91775
32911
64843
85533
30610
46092
14369
8703
59036
99996
19157
40539
16631
69934
23080
505
83399
6446
92703
13064
67321
81390
55065
34583
52666
18075
11732
83174
35530
83595
42344
42461
52012
43241
40311
12104
77054
67156
58795
57928
71452
99811
88809
60973
25785
51895
97263
32538
43301
37654
75523
56770
13109
19040
18293
98829
28812
89610
97549
87814
47211
26199
44930
53879
64450
85942
66787
4852
85090
47662
17412
22899
35176
37328
73254
63148
69797
77404
24203
12651
3364
14446
63533
65608
13485
73210
21183
14394
46988
17780
64706
47463
50974
17334
73161
14936
9411
89369
92850
50204
37463
59004
50243
41756
48046
38632
16454
27473
38612
25416
96179
3902
52309
5834
3323
76618
59304
21049
59537
81080
20179
58842
15
56763
43935
46621
52422
69412
17975
30089
77526
97062
60894
12615
73293
69164
31556
57795
43424
68549
33925
88065
45938
19101
86049
64597
250
9954
53409
50697
33859
27238
12609
13794
44540
2271
30743
61513
39626
76326
82792
98459
94009
66203
85266
12025
57620
37844
44874
72349
71974
89381
22660
8496
72710
25802
32791
91232
52
59920
96122
96985
25290
10619
44977
89411
501
58295
9974
24566
93383
34815
10490
56593
86913
32380
16100
91550
89095
10804
63435
89872
63783
58686
27039
29303
49660
63292
36281
27410
20609
50131
73109
41300
58137
8682
82819
34396
12658
9815
85437
15510
36569
63467
72314
2718
7602
7132
73389
97552
56554
31707
70565
5881
9918
74243
24956
61085
48842
58406
49651
89243
72799
98816
47085
9403
87915
89034
88293
3455
31100
69184
18264
66660
30061
70197
90276
24401
67836
679
32259
81639
17742
84890
92904
22032
31951
29098
5650
12024
85940
33855
78300
46818
89717
15480
96885
22766
73924
49150
96019
2670
6392
50050
93418
83639
24240
97470
39864
30078
71713
27352
90423
9074
10504
99150
58681
65373
38358
487
41890
70266
11717
16474
9910
12738
44414
55477
11337
76169
31185
93125
55830
51810
37648
73111
62575
57812
20162
91278
36166
96349
88437
81742
54878
8203
99686
25468
73533
97981
26820
96502
75313
10603
14754
47851
67711
47005
16988
53686
11733
39906
85100
96859
97355
20238
13158
34741
63589
27256
27986
61144
60038
35284
30120
74467
59058
88878
30677
62444
3329
61873
96397
22600
86343
26429
58631
98421
70040
24904
21125
93389
30045
37565
48906
44523
41484
9914
12185
87080
10861
74148
93091
62251
32473
7940
7669
70503
2633
38208
3933
91981
70256
15353
36467
40107
23625
27544
50959
51955
84509
34643
7121
70844
77252
59674
11139
26114
65322
62437
31102
94601
75151
51731
81396
49607
47091
70378
11053
1379
91938
70174
49754
77919
22770
57080
28254
54538
1833
84175
53985
56746
48677
64536
26510
92987
23003
66102
69468
35451
41797
32675
11167
64463
84109
78342
10625
1208
99290
82117
67403
18112
49850
61153
23850
17539
96254
29988
84242
76950
7908
63181
76720
48169
52954
28372
98840
66851
25017
36677
69843
87452
62907
25966
50240
24692
16625
38775
6470
51502
83142
11321
71911
32842
675
87678
48359
24776
29905
4460
92975
15839
45449
16133
39659
16024
210
77283
96753
90599
98656
94834
63044
34255
88224
15285
93042
34800
25525
68361
61371
22606
78361
96367
82122
26694
75664
86702
63936
29185
75517
43543
52138
27477
12493
25573
53927
11333
63836
26535
85766
72162
36699
3504
30523
53272
31984
86695
95489
93668
22165
23738
15346
49966
44627
36085
47498
83761
61856
21073
70485
50617
32851
88222
96393
4739
94657
27088
4335
76520
42948
60552
8157
15347
82786
85849
12763
75400
65046
38542
95127
3496
94011
36799
21042
73436
10426
49332
53387
79482
76411
97909
19686
17512
87369
38945
56272
20701
3805
40616
87787
15617
88234
70097
40302
83080
33852
52517
66442
82761
527
2266
19139
24856
8717
54489
30981
27959
58732
13289
88238
49422
49987
42452
54788
26673
29463
57352
12187
27812
21428
91509
1136
95432
19070
56668
28995
71171
562
19856
35580
97629
14703
21871
49626
57101
24304
37400
71109
68698
72573
57692
7696
85247
51458
47878
75945
57922
47330
91884
44555
27309
95369
49812
6190
61822
54493
73225
37051
1520
19725
87925
23576
26676
18937
64269
26303
19793
33562
51970
53740
86970
30401
6085
58864
66388
7460
11748
3835
15693
5500
33283
99446
94408
67311
93119
90971
69219
22327
29318
69365
16531
45057
12571
33218
25347
9145
73020
72283
68305
33067
35257
60127
25509
72957
56996
62627
12126
68702
60083
96907
27375
97898
48243
91252
49642
7902
98191
87043
48181
59080
15437
12499
54808
2691
97220
76390
54148
4824
97837
93808
17631
91005
21691
76186
13890
79178
8555
16590
5089
33182
13324
7361
57605
47336
99750
32549
43502
19294
83808
89343
18101
97567
15212
17364
12108
45764
51504
19460
37394
19670
57400
86402
8993
84692
30851
8514
7471
16632
46707
32691
53451
23420
4259
64048
87803
18608
7938
54845
42808
3760
86219
92903
63147
52307
16871
65004
38430
94159
74868
72205
16730
57269
30363
13974
26504
36069
40368
61527
38607
40237
45637
7884
10710
85574
40080
72400
57859
33281
9867
52948
55715
56283
16196
15516
87337
87263
268
70707
87743
7406
38293
43848
60202
36024
29710
13532
94240
25224
33606
1545
50360
81945
93673
19915
37033
42852
23270
48116
18566
42840
85747
93590
51512
21593
46955
41575
46476
68001
72225
82331
95381
33098
88701
8599
88335
81595
89838
13675
57369
45388
9726
33976
31188
19641
77924
21132
46544
27093
20696
24238
90362
91175
32801
31704
1089
13283
32585
58017
55698
76255
45456
76959
58084
19175
90719
35695
29056
5837
80218
67494
15421
58611
71599
19182
78722
14854
2532
1230
28027
28242
69348
78137
80107
32194
49033
78572
13043
48096
99392
78310
34613
12282
87379
98439
30278
21701
78346
28950
20507
38852
2454
12228
52374
69922
79451
21819
20165
15627
52467
1814
82599
58091
61903
33437
49192
45324
88126
42987
10689
20108
19760
65873
28578
13649
79407
99367
12712
74044
1780
64831
76871
17138
35673
17962
65744
96137
76487
66860
76130
11429
29658
42067
71270
16874
30387
98269
12977
81501
55123
34670
56660
95448
99961
45031
55736
72600
56962
27041
62747
63919
52535
22509
7631
67787
45395
26705
45707
57526
69594
50337
14359
29964
59700
18595
81033
55991
19330
78731
65848
14189
34982
74155
74293
27006
99980
18242
69908
88805
85606
94914
65728
45375
90700
17744
24507
26681
92067
3757
7714
10931
91814
26246
39044
41215
12995
73951
94458
20076
53068
11162
45081
92795
69502
79442
12695
47207
36871
40534
32045
27234
65064
43861
76537
27486
51282
21532
92743
53644
10641
16958
60183
62594
87634
49052
58916
29639
39809
46013
83524
51074
32012
3511
77499
38656
67562
68531
18993
40068
40156
67455
87077
16587
97849
80428
56163
62933
26203
52440
31807
29058
44086
74495
66000
21999
66059
34172
9671
32469
97694
62362
87283
49499
83824
75256
42386
14384
5675
89320
27826
93089
56600
42110
76812
76897
58891
31015
38666
73985
86294
27074
25677
22571
45752
55195
80049
11277
40098
67649
50969
18097
351
75216
546
73505
26818
99276
61351
67117
78952
87010
86182
28097
35613
40327
38480
19771
46622
47419
72588
10808
26634
9052
99341
20423
85239
57224
80944
29207
9088
24642
2105
71906
22493
26372
22037
87438
13428
26899
84181
76389
63308
28
83838
33102
27819
30689
76119
75377
89278
46721
92013
25699
88617
41474
63659
23081
8293
63898
86957
40417
85863
77039
70269
69566
23491
36869
57952
93576
75814
50370
13484
56127
24830
24890
16825
72793
77848
20418
48779
55836
77056
85085
82552
73320
48794
91327
68787
38266
80773
89585
45893
21611
22776
79028
90884
3973
20429
71641
6267
93757
10500
37311
65251
27988
5886
94003
24812
35727
43587
95254
81535
25081
13658
49036
28269
79437
62767
91528
17049
16719
12084
76336
11031
77820
52680
69959
7311
53814
95785
70916
93165
27528
97842
79804
77059
88281
99492
62636
9682
19042
98581
57055
54647
58457
40905
53487
68867
78497
14897
71810
79995
77632
43910
40162
7712
97808
8069
68306
5754
51046
86075
58894
36648
26489
27757
6766
28240
32251
74140
90324
56417
57248
87647
71916
66450
52458
67826
15876
37722
99614
63759
45090
30701
12807
50468
50143
31967
96649
29508
35514
31186
88214
87528
95510
16564
11598
27494
31133
54315
24488
772
25225
58634
66720
23237
90343
43151
59256
3159
83551
2137
54487
92649
81885
25320
92205
33018
7628
63551
95573
81395
21464
72477
58305
92263
84816
56919
37997
10315
40365
89657
96212
78464
4443
2656
67750
69122
5023
62212
75808
36554
33424
79881
40054
17628
65173
30502
77684
4403
72844
60463
72040
8368
27981
51474
33267
72170
85310
5577
52951
84874
74188
62021
25848
35179
16601
95229
70199
68939
98304
75974
32043
9677
95838
54983
34928
64334
84221
28946
28817
84595
25729
58872
38799
43532
32676
13496
36952
96062
29259
48580
64558
12766
85709
5806
98702
70699
27491
62970
41732
30287
62885
89325
24077
38634
71835
52430
20163
85230
88138
62136
44017
88190
81320
88699
49231
17014
33735
24522
82756
82735
20658
85987
46418
78568
85261
5440
68643
837
96889
58053
93715
84086
30135
31964
97006
73360
87297
54526
35595
381
53225
7405
68854
72638
72033
44378
61680
26108
80411
85042
99181
16485
16315
42238
49700
98784
91203
41465
97198
77495
57520
98270
81103
54142
45527
72511
19378
28088
74185
97396
39476
1167
62272
18893
56492
52290
15218
82171
54730
81544
68526
49141
6795
40915
73952
37064
69620
57481
18983
40832
24159
6477
81551
60437
37062
57353
91998
48069
88519
57157
65366
98013
63657
54809
61833
46099
78234
82928
49515
82718
45451
63777
15236
15950
50132
75076
85153
99802
930
79591
86642
2311
69382
45742
97400
92035
67662
58097
41779
90894
59802
51768
45374
23745
37167
21149
93446
43986
63950
52673
92832
56322
38091
30777
89016
75209
36609
69506
38886
80355
54658
30417
73564
97426
15055
87701
66444
64826
92590
96771
37186
48064
72171
67723
18331
61067
26026
41022
96659
59113
66812
13371
16797
89831
97788
27511
7603
17089
2874
90074
63141
52113
79449
86338
65021
66185
18643
10805
73021
83417
7451
70620
92209
6398
55749
38520
11873
60478
55313
29997
5103
73057
23799
85212
80283
49285
82773
40603
75203
97132
26158
50867
67967
15613
68476
64217
90330
76857
32421
32582
81093
65292
55127
15445
3104
71266
74362
94940
22635
28068
43257
77682
66047
89713
83056
74099
45076
32798
12568
59257
36720
44748
96172
9310
91393
27880
66957
40513
22537
28156
32912
32433
470
91895
34562
91321
82459
2114
72385
12748
57951
98317
99247
54039
30912
63334
66594
12196
83140
85170
37965
15065
10328
4978
28770
93111
86889
47449
3686
48609
82008
86877
89866
2007
71765
97937
84555
84941
44035
81359
24352
21723
3368
24211
73675
63800
42544
9995
75921
71137
13704
69998
6428
34069
35888
94296
50313
79206
97751
86667
58577
93810
46726
52792
60081
84925
74371
45453
57746
9586
44190
17342
9066
26982
47332
40285
7814
39268
49479
73124
10293
72684
18801
81190
3065
31957
9504
17061
14080
68240
54877
56064
5178
58557
13481
38713
60592
30821
85608
25180
51717
76676
50053
76528
65409
43713
49831
29337
92895
74574
39687
97592
30628
26048
12348
70933
14816
57226
27865
56389
90591
94920
75471
6714
95944
56732
96628
73691
77019
67245
33228
65339
3990
20974
93425
44612
23802
863
11243
92036
48420
98420
92356
8278
69385
35405
50758
87920
7783
55839
34838
76783
31373
46657
2929
34556
42040
63906
93202
79720
13203
14221
78152
99623
26
62160
67832
37076
13787
70893
20714
63976
51531
50191
10019
84118
87072
23836
75331
38185
58662
9194
55269
86875
86292
9943
94857
36916
38405
84652
38246
63853
31493
97505
68954
24966
46603
83083
66172
35859
27637
91608
55454
30995
12208
53095
77460
14852
35798
31744
52974
63074
32423
11313
16760
1166
14185
6618
9472
89152
31123
83703
49833
72525
37775
77003
36619
84762
16047
7937
84237
95624
26526
8716
85638
40036
63590
37741
57416
47124
19352
1234
6203
44850
70632
87642
79800
5161
34077
53999
93696
62926
65499
93013
55764
87588
17624
37758
78547
6512
56301
23927
39003
53708
2591
8401
60602
74709
94367
69704
36626
88209
73308
8126
32554
18504
49099
7534
45436
63232
63921
45019
63937
56992
79135
9827
73884
61794
42478
58966
85320
41226
32150
2985
82456
57796
54731
87732
89009
513
57161
2477
47824
7396
82485
95932
3152
22984
44499
9000
15892
32158
47170
49027
53364
77081
30975
86329
36220
9143
47537
43225
77974
97009
18103
87149
69465
31747
73048
62686
19298
14390
44831
7156
59089
97610
9177
24450
62209
98634
44460
81018
13129
53304
8272
81728
43601
18877
85419
52927
39162
18507
5192
75681
52139
6936
57849
43026
16275
79352
28927
60046
78529
81793
56970
31081
60013
41262
59356
24811
18044
78829
19532
88052
807
78955
37906
55552
51493
17945
73303
63575
9784
27042
96459
11993
46979
51491
29740
30936
58931
86796
11714
93501
97757
13816
63594
73974
7924
94368
74780
34194
35421
93233
86486
25118
28898
38333
51581
27171
11937
94515
97038
4061
9750
49120
91772
33757
94037
35032
82590
28720
41349
66362
9478
16224
76088
38580
97899
63173
75579
4147
73330
46932
13345
10911
82391
32363
59753
17678
68626
58334
72515
56741
71010
12828
60947
41181
13261
53759
60236
86205
32395
4289
30962
42834
74632
91927
4512
49498
30550
91592
71000
49759
88149
53941
53447
26632
30205
73382
766
75399
72035
16572
22744
8505
82958
9615
5346
22799
31213
91334
82291
94104
54012
45133
40864
49371
53089
37109
79314
31315
90805
62142
80013
96450
99470
46827
52032
61509
7954
20492
50219
89689
49989
9560
23536
25462
97509
24769
64961
46764
70624
51270
41739
13016
11711
64752
50305
37274
372
74855
48218
70181
93764
88948
88062
83464
73626
7515
29422
24307
84502
51837
16330
51691
89954
77594
11827
28681
43170
43070
75738
30283
63451
3032
26532
20859
75034
7126
9276
1440
91444
76161
34334
80962
36230
69792
32880
21575
88110
68198
19079
66058
59003
62994
4881
6910
21000
22278
40751
31345
94711
93681
8797
31671
5332
20460
94447
22170
42762
29493
93065
73795
32830
93825
79361
90608
83377
93593
5277
85199
71824
39157
87886
1774
76573
69445
54313
71595
55452
33227
68431
16362
30732
78672
44321
61664
29396
12096
73088
87618
27790
16699
38478
10292
58520
51473
52884
37233
86591
25776
74589
57739
42629
1902
44967
96439
89701
62331
35981
16016
61957
64707
82504
93237
6343
30798
6003
79607
23184
54699
41450
7584
84784
98108
58218
78387
3673
10616
88721
5250
81677
76802
97565
91903
91485
9282
64252
18393
89436
7042
13656
36958
48333
69456
62791
87850
89904
59112
38983
26124
60935
83655
24303
62711
3828
12887
73499
89073
94610
35071
19968
44093
58225
14684
29535
36071
95972
9692
55945
83315
15135
67076
52551
95535
31863
91461
64194
37753
9061
86437
21639
48872
56891
96980
65815
6563
67722
79763
69731
31422
13841
45278
88355
5597
25494
45060
25723
79555
36796
55937
41424
17875
21581
89169
83330
91490
82853
78475
85122
40960
4727
10835
79406
51718
37612
94789
71323
52445
92510
73755
30010
46922
3790
90795
42317
89365
92877
58512
96913
73794
17153
20684
92386
43056
11665
30443
1526
81274
88581
40996
41289
37230
41008
95595
26138
40187
48660
12558
97692
22870
83121
30386
25128
94307
83859
3620
58029
93801
52226
74882
44473
25956
72119
19896
1881
92164
42484
99488
9779
34200
27960
24083
13692
43180
64175
81994
80924
86618
87504
14885
81056
34322
63122
29849
5100
60573
46203
17282
32443
45498
56443
70908
44534
19215
22926
6242
90499
5311
12509
22377
69793
31601
28612
51145
60966
97655
72195
43216
64184
68858
77781
12229
20215
68554
16513
14898
9868
38578
54214
14316
10520
68262
30753
8159
26420
44526
35100
86273
20815
73766
73844
51445
66334
96565
98233
94427
44985
54962
6636
44592
65696
9928
18700
49308
53418
52628
91395
33530
47515
54181
8497
85363
64987
8704
40058
87404
39959
17312
12991
67370
37216
35165
3554
48458
67802
97112
40624
43086
17787
32337
6768
11620
22732
93262
90920
40691
25162
78420
39241
24451
56063
88079
41098
61886
13525
17129
12661
9153
1043
8066
2616
83364
94215
31355
64553
22946
62438
52000
74606
99973
12404
21743
60483
53313
25219
63111
65804
96127
81026
55188
62289
36941
72541
39893
40955
23843
49638
86903
3746
33232
85629
92919
3641
45293
51411
31034
55837
57528
88553
12437
85684
82651
60091
39739
39246
71714
4500
42774
75976
88088
50823
54995
34394
25105
12074
96402
92791
76710
13724
53192
31924
42641
56858
15292
3733
42597
51976
3148
28644
99028
83291
42081
87419
81732
2501
28734
69887
14974
29344
49769
81774
19229
88920
33981
65435
7488
345
32152
33026
38516
404
82296
13901
71140
96863
60596
93922
47867
42286
56913
75995
17984
76045
90298
17587
20280
46118
89469
48133
53127
27685
59251
68427
94501
6771
3867
12655
77928
81613
45026
33597
13280
74704
32138
42109
10667
9927
32484
1381
32460
88518
16378
83120
94056
99322
63983
9382
39479
28453
622
4506
29093
45703
6812
39703
82946
66707
94110
75429
77423
62253
6201
68172
24634
90251
79550
67203
85554
80535
43634
41718
52233
57072
15537
68634
7850
59871
50641
76089
29043
27320
66728
51104
45904
91038
93365
71332
89889
85855
77868
92939
49582
15381
53960
30876
77411
64201
56639
31742
40139
45185
99880
75236
97186
78887
69280
23378
98106
43937
82919
73468
27196
16938
72188
47715
73814
3374
3819
57098
72141
97860
8402
56952
53923
82737
62861
2432
81444
33062
50225
19035
13844
99834
18544
6314
12419
73900
53193
50398
36864
46962
54364
76418
93907
42312
22306
8553
49425
33097
61768
81344
13221
60021
54295
43758
44563
30764
31228
75285
52219
97389
59875
25148
97285
55920
38388
57310
35623
91471
94506
68160
39585
76232
39324
36911
42103
84671
48981
24416
69233
94698
80967
30449
18160
50161
38409
58046
26702
87639
7738
65163
81687
54750
48880
17781
65506
10538
27343
76912
14717
47894
47550
54732
18772
46749
31661
43929
21481
31459
39823
80597
81206
22351
60654
37706
47927
60975
82025
33930
26689
62670
41664
31558
75116
46189
31996
43249
43812
28424
19349
29891
68347
151
74514
80934
6475
42845
20888
55067
76980
32720
62246
59528
24298
70592
95236
98623
18068
463
33910
69107
58621
79758
76150
41286
65201
73075
14796
50046
41418
30286
44070
61755
48808
60181
91959
30769
37050
52403
55882
40707
47845
44178
81715
14685
38139
31883
55668
79044
42886
63894
69034
46946
94867
17311
26539
94620
40962
97666
39258
10666
90227
75947
84217
91275
44354
64790
29297
53169
79797
14762
19203
67462
72157
43530
23596
83904
85877
2702
63801
54254
41786
47521
78495
92305
79511
35576
11274
25613
90162
8237
92329
34915
79847
53887
77007
38037
95288
75414
30556
72368
1850
77616
15120
89231
17140
55280
40334
87044
70361
92593
37214
67540
87243
731
64442
4956
75349
64811
43332
37879
3628
91851
93503
82618
29838
23512
38420
42177
6593
87822
85528
43794
84367
84028
15705
82533
22499
71198
12951
65622
73527
87011
48504
37095
79084
43689
45035
26627
79344
49580
14218
75540
17010
37638
85623
78599
36742
33709
58999
46468
49640
6949
25813
86766
97496
12841
32015
19845
19693
93886
45540
29566
5340
65617
19639
63669
37837
27863
61026
39676
86085
10915
71924
70789
70882
99382
88141
37294
32471
53907
90058
72687
56560
74258
39213
91017
96283
53977
83082
31880
30313
57963
76524
28701
29744
53783
13715
50878
79029
42383
68762
44202
4748
91559
85754
1930
50502
79329
82606
81216
17331
13410
21514
24161
46665
85663
39559
28879
80588
56397
50728
16541
64182
54843
47689
83729
11063
93326
28743
96792
85831
48712
89512
52762
6048
25094
76819
82789
43599
63548
28318
72086
52299
13603
85096
44569
60557
34353
67426
96837
30782
91451
83701
39175
46443
62988
35432
30482
72985
66920
16969
79087
5707
99876
62597
65534
77108
43417
21648
88799
49936
72639
86990
55447
92154
75622
58694
85783
52919
33175
6594
27004
71900
4818
1552
93646
16932
7253
6734
15803
70765
74530
62980
51513
526
6272
45665
46175
53993
25200
72366
66131
51403
98366
29031
6941
16499
70878
65177
71705
37543
58861
11048
7571
65480
67712
14518
11953
23482
56851
82083
16569
54585
32306
9234
9439
77373
84423
19012
81756
47379
44097
6444
78039
51103
89224
75106
7791
91623
61409
54033
30222
85234
33395
81946
59338
78369
30350
3726
66098
58596
43572
36622
48877
79485
41752
95314
79745
15541
18579
66804
56933
39217
69342
60757
57013
5611
88758
96199
38781
34654
29433
70042
16009
65392
54990
14068
80565
38429
61848
69075
48190
13971
24172
27325
31930
18177
19078
33311
57159
10335
34385
52398
76269
22122
95200
95210
32493
51269
38189
19966
56694
22342
86829
65032
84566
53766
51995
53965
85479
93063
46835
60909
95397
22413
40518
43398
85360
31057
12303
52050
20384
27856
59255
49492
42946
12030
72819
57183
52349
31379
72051
86884
75609
36848
98288
11562
29091
74453
15777
16496
22831
95334
63955
60660
77742
63301
45286
92603
71523
30698
31304
59336
4533
31755
32531
48991
85327
24970
42985
47104
95099
19327
8089
53378
29995
88547
38064
31455
61342
68374
52991
57765
9934
38455
62763
50677
51060
31514
90823
8418
88753
26008
66785
51888
48858
4138
69454
4555
52333
13246
52197
31305
35205
70348
43342
42759
94365
34758
53614
62946
85579
38844
56136
81882
28427
13831
22789
24216
97054
27493
39390
96400
81348
9005
70645
25403
8758
14889
15007
60507
91679
48324
25923
97796
97003
69663
64245
81373
10781
31727
66082
22262
51235
54850
31573
5686
54116
6154
17953
73722
13752
31294
55104
29601
85919
16471
52195
18997
24898
95051
54236
8225
18026
53799
72353
7259
42414
2941
2557
15545
9458
50088
46385
59504
36346
7999
82110
52976
53215
81672
13806
42872
67982
93570
81473
12794
89237
34155
57397
39796
25372
25858
4970
38253
48851
76271
71811
59669
67913
65374
70679
87310
33691
3606
86682
56616
15235
94078
54997
81635
98598
32690
79590
15551
82876
11995
35278
66165
12309
16068
8600
98126
70394
82209
27924
1623
13817
41539
96151
24026
25442
35038
66577
70781
72099
17122
21029
79398
21469
34064
56263
74424
5002
87042
85463
86106
15618
48524
63972
79141
10742
15334
7684
17222
71187
25014
67511
13495
5618
2606
41256
10816
31570
23951
18255
76633
26749
65345
35899
11033
30415
57984
1644
97133
90142
62326
28381
2393
25362
65664
96564
43508
25057
1271
27885
28126
2016
66461
5428
11068
25194
22595
46596
47331
9264
33329
10692
70369
50558
68996
35560
55534
68397
99765
14434
23592
76504
59413
54697
98223
50135
35061
96269
55087
51390
53004
89504
10417
57969
40161
87228
49228
50850
50749
39368
65962
55904
78426
93691
88506
46431
57125
46384
67805
96724
54047
19861
87507
48248
39377
53728
47895
68805
32641
90841
39800
82022
37148
10341
96477
41416
2906
91392
51221
78764
48278
15010
77760
84756
3607
74960
2436
25177
91482
46516
99548
10109
85003
32806
80129
74377
21406
31248
95312
88325
22076
23171
83191
11666
59661
88762
56687
74022
41904
95219
13403
82954
54281
55974
17820
51831
51446
84607
44670
47832
45715
79872
19556
66231
6827
49828
7417
1184
85837
88659
84296
83507
20581
16427
46578
65830
52170
70481
66285
2121
75358
58901
34311
69084
4492
34535
84787
2676
89425
64812
50099
29526
47758
81622
39533
3502
75276
36978
32792
27224
69017
66947
46272
29841
38365
75457
17211
9422
94623
27807
24400
45455
47771
88996
93826
35863
45345
76881
81909
22857
15651
20472
18229
57866
7474
87779
3324
78175
40730
52968
70185
95851
57041
24541
33430
26753
96022
26733
78258
6465
91965
915
58140
23149
70618
44770
57853
68435
32984
5656
13420
92408
41959
47913
8185
83285
88748
79319
55590
17757
28572
6953
9493
2912
19791
12599
53373
62811
85878
7258
57023
58118
31419
7744
47188
6138
77360
46804
33425
1691
49708
29417
99861
3666
62196
15320
48723
84128
29505
64258
65256
6032
89965
55889
45282
32365
8384
14623
83744
98415
14391
91745
83210
54720
87191
88430
3771
37801
33877
13671
33159
44230
79130
89358
75821
41940
7161
60288
43069
31882
23516
97216
41741
95067
5616
31862
2258
37423
84460
64656
83791
99792
15525
77085
52407
59364
65951
12753
85167
97413
18152
52763
88973
63332
27368
6567
53007
65507
46063
63421
46933
72523
12719
59133
24862
91417
9416
63354
43968
75344
45965
23388
37640
34960
45633
84814
36196
60050
42341
77451
47837
31739
95128
19465
4594
39475
51274
9674
13415
63412
67643
53939
82145
86244
88610
57532
96075
52624
18474
97633
62523
68029
99847
92115
19469
87198
95363
2141
73871
10369
49249
40281
10122
95560
5747
63051
59564
3416
67546
47554
46421
82706
66879
88696
15762
43437
61982
60212
5949
96919
79682
48354
61515
66592
17232
21045
15734
90393
42620
90257
96588
22780
3298
93995
62965
8457
90446
76270
32758
86811
43565
23673
62930
18620
3925
31215
11739
46806
24199
3359
88978
27112
82254
70727
92244
26165
16540
15712
69408
97017
93197
31817
6105
74361
4684
35637
48887
28361
53140
29431
67090
62147
5553
34775
2144
98607
94884
31141
6806
32246
32991
69778
32726
94443
27061
59407
77540
5727
23072
84362
36400
9777
44425
46212
15771
64889
29273
98117
13859
97701
88822
40944
48417
80059
15164
86621
23815
61423
4057
6060
47969
68415
10363
88939
34610
19796
39923
36177
7634
36349
96566
41833
62698
58343
39013
16514
90936
61897
95428
40196
15906
4724
651
74556
22941
98611
21825
5417
94997
16108
29265
72768
16794
37169
28217
86729
91713
47441
34513
55627
68217
24763
60430
3125
49447
74524
18925
70682
27751
32478
61916
44364
24157
94519
46368
42107
93486
72343
89006
45921
28992
23950
37152
51405
50113
8925
82350
45062
50989
45998
22303
43174
26123
41261
83503
43203
38350
2737
97191
54189
84132
30252
10934
39153
56056
77335
63942
81414
13269
86900
85258
44513
90530
9965
73935
38104
72199
22650
29128
64293
6865
46699
27099
18955
36651
16457
64665
23753
75134
14100
934
72821
74696
74342
39057
25343
28582
73359
43122
62026
73201
64733
11096
88476
67306
64776
66189
54045
1793
65089
92058
35925
15959
71077
27579
12791
65872
22319
99794
51278
4768
55333
74938
60461
56336
21840
33212
2683
32429
90051
63196
12834
94301
37991
4989
18599
88196
2743
91760
61602
78607
23539
12641
68599
72191
330
525
32185
24930
16665
8941
61908
92146
21658
61572
69083
32178
41673
93733
34345
81057
68788
65997
172
61100
10902
33681
20898
67458
19118
86000
37901
99572
21997
83861
18969
4948
24503
7024
4840
35277
64911
82413
33537
1618
17778
26580
11480
4991
9338
46348
18328
45762
57784
33039
27488
38481
36022
81538
15917
28071
37760
66266
93829
32727
48812
83657
30515
31082
64644
77502
99437
41993
63043
59353
38868
56613
92751
2525
15707
91374
58100
90245
6759
24478
69313
68936
97252
99787
828
907
33615
3995
28711
2777
1797
3174
55439
98558
56932
15223
55322
96857
59362
90467
41615
95181
97081
77315
4234
79994
63940
62867
66786
44863
61769
43486
61722
13636
77792
77016
89789
38981
96717
33586
95438
22162
68730
12039
17660
66330
47862
63705
24993
22998
41776
95233
80235
84088
2447
15118
22683
4336
21311
29357
62235
57153
33377
82116
19826
45769
27307
13906
75021
77575
7858
78993
57671
22176
91423
41589
64629
8087
40407
22559
80746
93952
25207
21862
18392
79997
82886
45165
5868
56353
1058
9152
47306
11190
59801
75095
89347
75374
31299
95664
83599
82570
34874
46318
53571
64555
5214
58645
91838
25600
33700
30263
9898
15588
7648
21431
58819
83960
14586
15121
98205
17573
96416
25398
33412
20597
49358
20926
80465
90924
73314
21655
97541
99936
9613
80738
5374
18833
68818
84336
71833
10480
62748
60454
88345
46428
33107
8667
65157
62521
78627
2968
10978
29388
3247
34945
34467
51763
35622
98359
54101
95083
60544
21121
3027
34686
26400
53093
12525
71174
87698
25436
13624
87548
70936
36442
74496
66025
32331
49312
10359
62068
50307
32014
81720
53919
64060
97550
66969
92335
74895
81861
39274
22917
49086
53099
73302
46714
91886
89367
51132
81224
51088
30030
74247
15904
38494
38621
80230
41843
78662
21884
64261
42345
49448
72833
58018
79011
32036
59962
22173
12972
93774
60416
83065
46666
43266
68833
54841
72653
69399
40586
92655
42343
11574
336
80091
10140
62307
22052
32066
86354
35449
63269
92578
38433
82444
62175
68510
59741
97433
21615
9491
52651
16017
38094
36731
31183
7892
44366
29435
83643
53382
30266
57278
37415
74414
2425
36543
18666
4130
13208
69879
91373
65335
80142
59974
51065
63214
97784
23306
68884
32462
23449
96452
99094
54205
31651
55272
57525
9079
88765
90219
33120
56115
81254
28053
34119
65234
96140
71300
80855
40939
51926
80641
61950
76266
86306
68652
29962
17181
19057
88315
15865
41681
78064
39931
49190
63339
60786
84062
28782
19025
82924
88734
38076
53891
1620
63152
98031
91696
67093
64529
4449
3568
89962
14639
7045
28616
42912
23515
85077
1540
91902
16894
24033
44780
51295
91098
46796
87481
69772
70740
6376
53830
25526
19109
41553
93934
8351
53014
34675
5254
11288
38099
26587
51635
14959
65143
56368
63866
88736
85758
40548
31202
47828
73896
8438
15146
97797
4373
70422
92557
27272
98089
32235
34871
70245
72393
38603
39693
73098
29040
42606
17995
10611
98662
25551
61714
48523
35598
46980
81004
5812
21798
14793
34673
48263
43185
73099
85969
80662
15474
75395
37139
21818
75075
40387
17113
16920
47684
38192
62168
69053
6885
94503
69519
53496
83608
87383
93966
14800
80174
71680
43275
13150
69008
32084
87552
15852
2857
46530
79727
23459
66886
41004
10132
67062
48009
34243
98984
50503
37892
80231
98659
421
43052
62715
73670
35102
19530
41819
39786
20653
26344
48811
32016
32504
54246
96722
47510
87952
17593
8851
71776
78786
5930
13632
39289
57073
89706
10183
85686
88153
40375
99746
79129
59125
3737
70345
85139
32670
63599
81342
80797
37820
98480
6407
73992
90445
50591
96871
38628
63154
32861
23399
87786
80562
8371
62805
19099
35043
84829
91937
40166
74288
50109
1596
9134
62042
36596
10319
11992
49266
95103
99685
36725
50704
81077
60379
3924
75004
31130
39052
47043
96169
11844
84321
53631
23943
53316
96433
95621
86144
14487
35351
74257
33207
79809
35186
85115
74230
55258
4074
54822
61568
74313
14146
44735
42290
69865
78532
78828
85398
60918
10157
69708
90812
76471
64739
40147
98058
88826
53700
48103
57745
4185
35767
86325
72810
39132
85586
49494
76814
92008
53564
66579
64924
10075
31867
77033
36009
71616
91910
91755
78913
99534
1287
84896
21765
55787
88515
86519
31456
44922
92687
77350
32776
78709
15021
46676
73184
93474
33936
19237
52778
28389
17300
10628
38307
71659
23095
90987
52460
18092
32683
50928
74026
47490
12659
5613
46207
79750
36766
20392
57444
61226
17186
32360
45571
184
57143
32838
27770
90
33100
38250
68375
68612
58276
78139
20574
30310
69010
62716
11203
72856
38822
64069
21770
72984
23923
83894
60073
83766
35581
76510
31196
84600
89113
84037
41976
56414
60538
76617
85678
58964
81543
64877
12824
53442
89811
69194
19900
97170
53716
60908
82902
55409
20413
77806
73230
61765
14246
1020
78424
77438
11492
10729
2088
33985
50644
57383
80700
85264
73501
41287
46540
21891
69598
66761
40341
9527
74777
91415
79914
48282
12774
85197
66348
74107
23427
89127
36364
87025
42878
93512
17236
87888
59799
8516
38959
30778
60249
75865
34049
91905
80248
10470
37762
86381
86398
46525
40160
12389
63680
29060
45151
88253
48840
22492
35796
3610
69573
92203
82185
21430
13858
53599
1986
77060
27078
57591
47606
47954
48028
16789
54866
77530
78434
73589
48567
86798
66243
90740
73897
35455
42964
10035
34833
12885
35986
63156
55324
66806
81752
90511
63395
27538
64176
11726
8018
17399
83208
83777
62668
2192
4202
54649
73100
98436
44913
79540
86125
16670
74208
43132
53894
18201
7430
91650
1927
26207
6080
77840
59495
90421
47524
76376
95325
17948
25438
28239
87733
23621
5190
89240
55489
57351
36556
60186
66692
83158
55970
74302
9097
1211
25454
72962
23342
29881
27179
3061
40512
46106
87971
27471
65368
36093
13959
99291
84127
94526
46669
64868
37192
23155
99008
44442
85127
67384
66186
43607
5696
80123
81588
31803
13128
7756
81709
64547
73767
406
29868
39891
22031
51774
77858
33758
56754
36240
19308
6562
38314
29946
77789
85326
76756
90114
12247
34778
42640
61416
48702
15147
43311
222
12663
82079
49185
26438
52254
29002
73070
55666
58388
18655
49306
77268
91642
80589
30367
21085
79439
88084
3885
15417
63314
64019
73492
78773
75616
52245
20970
8006
66394
58108
67409
51306
28439
88116
1119
46006
32406
83582
58566
63158
47579
74941
34089
88368
8154
11438
36906
72237
39331
91465
72889
23210
46817
69529
80509
94600
29797
35105
84079
11749
90725
61949
16194
65990
51856
42600
93822
92680
96099
74651
71436
91727
10872
16040
49855
88714
45846
18417
33977
8431
56752
86557
85514
18960
4980
310
13578
86080
19531
28380
10683
26386
84826
1495
40524
7853
69680
73405
6767
81433
13713
6978
4458
53076
86322
59425
60768
76469
99229
74613
64053
14972
3618
28857
88225
23061
67938
19814
83841
59392
60163
95499
8173
67889
33695
56876
52062
27866
82491
25087
7918
27859
63463
42194
6502
74962
92262
9824
63856
5136
18241
66622
40034
51951
78237
96780
68011
16328
44731
14268
2389
68988
96145
76201
40069
62658
56501
70785
58997
60065
11518
89023
33231
60177
92748
12759
68278
34104
34682
80839
92069
73152
60145
41447
40702
35386
71566
43984
2864
8231
68394
2012
64540
89760
69147
85078
35876
78689
48184
64873
79260
90171
11323
58892
37549
90433
79686
26141
65616
91365
75043
12692
80134
36989
23471
15725
6022
94957
7484
70574
72550
31003
74498
50656
23131
58120
8053
97320
13843
91049
20866
71772
64306
49307
29742
81727
16185
81894
62640
53142
73018
97412
99227
29738
96953
94807
11233
82265
96372
98962
1270
34371
99251
85905
56362
33829
30127
43531
71995
74421
20149
149
36634
58858
38280
88813
53557
26645
39992
96519
35607
88873
87437
48707
85501
82307
82280
24916
75407
52174
98540
41010
12427
11158
11980
35005
37317
48789
87635
92804
97206
34524
27657
65764
59260
50542
2784
52267
70526
80910
19679
50601
46800
28537
97942
9343
49555
68969
8587
3569
12684
21273
9776
8598
97882
91677
85273
80731
750
14199
62020
37946
4083
73541
98486
58701
18326
17427
6608
61601
75504
43358
77436
62462
89869
17608
81505
35907
73278
7212
20953
86725
23263
57805
48629
41601
31409
16177
97838
2655
64181
93099
72540
39904
99137
92176
13808
69847
47711
82767
37142
16669
79274
96405
73214
4564
23887
95584
98619
43571
90153
57997
45896
21300
59343
46474
61956
11977
27749
83225
49676
96569
14217
1204
8588
90991
14181
6914
62899
74353
83227
30649
87658
78933
60971
72108
45976
42539
63762
91983
31239
71898
51186
54193
96672
689
39393
79012
72771
49003
31380
81065
69664
40728
19751
16954
99870
95839
3215
390
7261
77943
12278
76200
68757
50853
96575
60911
10663
59969
4143
30262
11380
69795
51110
64243
5871
58876
44800
95608
83899
83498
83895
94612
16966
40859
79137
5487
42854
37904
69427
96671
88606
47778
79278
90628
49864
51032
95779
11613
27838
69577
78751
53204
18120
33099
61773
60972
50654
89484
62732
6638
97194
99480
30100
93420
26602
71507
35539
68852
64296
59063
57769
26028
878
23329
23474
36762
80000
34834
68947
90957
68396
48058
55043
17884
32713
83860
75147
18037
73271
38926
45664
28570
55394
58560
45543
2035
43382
1909
74761
50300
80629
75207
24424
28541
63300
93524
99638
5336
20855
44332
76426
68677
13193
20241
74787
23386
84245
55167
4510
20367
56198
27665
52587
68280
4908
64971
24546
16804
23148
77320
10080
10486
29413
13709
14091
55573
65619
71512
27201
13605
83137
39482
98333
39537
88784
17217
89423
97190
96090
48112
11428
25888
38236
35155
30407
14999
73466
47052
28576
93507
88294
30775
51468
49221
18789
20218
72558
16268
14152
65989
36018
92440
17287
53325
12398
89790
12301
22048
5734
34656
25270
65562
31732
57237
19370
87579
75462
78879
84750
96999
8270
51146
98871
30909
94343
67040
6585
23590
7556
79556
85685
50207
54583
83728
9781
28014
83673
55259
80853
46605
91972
42565
45591
90699
33115
34276
82544
36644
27044
3273
76207
47646
46782
84434
45599
35816
18325
12618
54887
55288
28421
34435
30353
53260
72832
37599
9666
5028
33871
68433
24794
99294
53281
82500
15933
19382
63769
62982
61405
66757
74871
34991
23811
90521
67253
414
69863
14344
72303
19783
63041
48690
59087
53707
23510
41128
17872
51865
16538
42861
26107
39977
21253
45065
10438
83270
30561
39629
32738
71975
9032
14324
51890
53441
71490
35900
62726
26565
50735
18158
9475
70532
49333
42209
38140
19440
3142
76804
50683
78111
73590
49583
11915
38283
71519
97016
13216
85095
58715
27432
42623
2168
79269
80507
58353
5196
70454
60522
18110
36418
66686
64171
10389
17903
97416
56253
81379
35340
99953
84520
96586
43005
66496
30464
66599
55676
65836
49473
32743
1052
50886
94168
31834
34338
99640
69185
73524
76414
451
8532
22618
94697
56954
64244
38645
97393
59575
67153
64854
32217
50602
35384
88821
28434
7600
82484
84662
33750
8957
90578
65767
70320
492
15136
11818
34511
1694
7905
72956
24793
77173
32387
54032
55134
80221
32216
3321
49934
77154
31921
72388
78195
15403
85546
19596
6164
72489
73701
6543
15315
41676
26981
11136
79275
67277
75370
32999
74345
14829
82536
24660
43209
6961
97392
27956
5405
12176
63325
86495
64095
94903
14730
84959
82707
73053
79243
49149
86337
38515
36060
19723
91253
80233
42903
53688
4242
83204
50237
82211
34368
59236
59009
41379
36690
70640
17172
82591
79709
16426
37838
11322
30908
61700
98908
26738
95873
5062
25689
66610
7540
46193
69490
50073
28801
18307
53877
47968
73385
51302
47698
92334
1238
78620
86472
88432
64905
99064
44738
49284
38789
59420
21988
39188
42880
8388
6532
29290
34700
32250
55226
43145
71388
37416
49346
64224
55951
96168
20094
44149
37660
97323
87734
86236
77102
38471
25890
34443
87999
18196
22655
50581
74007
78960
44021
30608
92230
17476
37011
73802
36037
29304
7638
80821
28787
97546
26801
78460
64784
23311
20810
69866
37973
42588
31061
50060
88783
53492
94123
42704
71079
70164
9084
61003
53203
91692
81179
70458
29618
39096
29055
35854
69597
90332
35616
61038
72663
30341
36344
80192
44475
66392
20338
3169
31812
2996
7369
73510
82090
99520
16233
70543
41800
42257
59269
68907
19694
54462
53328
35166
93839
81262
21437
56614
28786
32708
39381
73081
42893
66454
4497
68125
52682
69240
23074
3431
21163
9274
36749
44950
7221
48372
39635
38150
30751
44618
42089
93928
631
74478
54710
19680
70250
55969
65697
1500
50971
65029
19768
70123
37633
58337
79528
54608
68076
28515
38497
78921
56629
58839
36397
53657
44594
32357
35678
68285
16759
25714
5736
24395
37160
87318
31206
84355
83335
60722
83847
62729
62942
99072
27945
12186
98411
26791
19350
69629
31099
25164
85316
82468
5604
14968
54657
58629
96252
65551
51265
53704
17543
62138
75996
39653
77955
81917
65237
6188
86061
41280
58617
77697
18986
10948
63957
76318
68051
21687
27120
66971
56307
2092
47227
27664
94145
44275
88851
76110
17213
73253
82882
17159
64160
53241
42363
5488
18271
88892
69845
48482
80126
21732
4122
57660
37486
37583
94572
41404
42115
61286
88877
32389
96699
21326
81471
88626
26859
26625
56305
24978
29700
77964
24695
77144
42405
72362
5482
28144
87346
79435
50108
48389
58741
65773
71201
59714
60420
69955
85585
82031
47687
84141
66157
27327
19368
8434
19249
88834
29328
12378
85835
62283
85756
27679
17938
7724
54170
28246
61840
48846
69760
74193
80302
73905
57864
26009
54855
15085
59618
80066
12810
70784
17284
14576
67890
72307
93307
29758
19168
27639
30390
37626
36859
31871
6131
44833
64711
39210
92048
1434
14334
18776
31273
83784
46320
97556
96617
88374
53509
32681
74273
16619
65958
80386
51922
96801
11186
77307
74226
39225
18381
93788
10108
39605
27647
25355
54908
65112
19343
52433
72706
13667
74364
50655
17796
81125
43816
2054
61851
9346
75844
24545
70122
52186
54501
2331
12929
82659
232
68219
42769
6869
85558
97254
38735
66171
30457
58380
62458
36094
93815
9872
77467
84257
87560
82684
27141
75105
79347
72384
34336
71803
79502
96271
49509
92853
40164
93030
87322
12249
88397
73194
81770
20452
190
25896
10703
38715
50792
93542
39040
47338
29130
69702
21076
64237
39190
57923
70693
27333
44923
16686
69734
86927
28367
84330
99735
74684
72528
72336
89522
3546
90940
35228
37545
8459
59382
12778
66202
54292
98922
74238
18228
33417
89313
87265
34998
68061
29782
48140
97615
90139
3408
43334
58089
32774
8582
94618
51548
80001
84698
92756
99306
22713
97987
10502
58855
18562
44533
46172
47378
79941
41308
73012
13486
44877
98111
34642
64510
93045
16930
4659
84238
29848
89788
70528
61243
77856
55653
22910
48515
24054
84105
76057
70360
59154
18807
31182
76855
5984
27102
32459
18972
49259
16838
7807
23205
77084
4279
61023
19037
66691
91344
63558
14799
52840
60983
56249
98536
10749
79258
58710
79643
3110
15689
65036
86801
30188
70819
74714
51124
34692
13937
38550
33613
50854
29171
5761
48913
53275
9926
84731
31037
57673
83518
64229
2958
67618
82287
80455
69530
91363
78476
50748
73318
98069
28903
47929
66967
49518
34859
26703
11015
5627
70587
70248
80549
61771
64618
71181
16371
28501
93007
3960
71613
24485
59903
91369
4782
80374
63480
24140
93850
50575
98373
83134
67187
78780
81202
92294
60473
96041
96130
80948
17811
39250
31341
5757
45777
67987
25434
86974
77708
20334
7762
38226
76362
48337
59677
22244
29415
89126
74642
4472
39074
64216
67103
83426
63187
3399
22963
4108
60853
18600
49000
47572
48627
43280
73256
83990
18676
43762
10151
75280
89251
48699
26192
72012
18280
85472
87563
56581
24442
32835
73044
39280
44026
74058
18637
6627
58061
72641
60205
6962
79683
85555
97813
18542
27729
267
34388
37347
66681
694
3029
58107
6991
74870
58813
6172
36033
64819
41489
35483
92505
14464
74266
33711
79493
41288
32520
88487
30682
41277
83427
12199
53862
7172
86716
70316
4381
33915
89211
43285
64861
8748
59291
24604
74360
92033
18667
31736
14714
20415
86882
71576
78743
15463
34531
24310
67565
72105
94898
29175
24521
61535
61201
79614
17161
722
47164
61407
70216
29126
317
50319
58183
20001
51082
45091
99438
49090
66981
21954
1889
47369
87693
69755
70687
72830
7459
36275
93588
5963
50529
22440
5825
90646
72340
56400
81370
44665
72158
9141
83451
92126
35971
91707
71118
31588
21186
41209
40178
94279
57139
84889
93543
32230
79940
15090
25767
37310
79236
32258
699
12098
60632
94360
9122
13945
92908
18790
1263
90728
51139
81291
67064
94520
51663
45711
35947
65331
72534
1887
46383
97196
62475
84188
31492
3382
15200
1821
1121
31474
54500
5117
24703
46492
17137
71994
54514
73980
31650
79773
41656
72036
46308
57572
19055
49802
2011
13159
86689
6150
37086
50306
53466
90525
53865
1163
25999
20341
8688
44642
21135
30200
4389
62192
18763
48911
70439
80547
23178
51544
9467
19582
91907
53528
40516
35984
9316
80974
28436
71350
31488
54111
87554
847
91726
33467
20049
8686
93582
20823
82984
56259
53852
51386
72959
57188
34966
77591
17931
51925
10524
49811
66336
66952
57298
42098
50857
38779
42860
74474
83750
27108
47552
31418
63952
5967
93151
89317
63103
82781
62493
84875
94573
42367
34307
75655
57382
32662
11430
76581
79505
89079
8201
83721
95161
37121
76675
11189
95820
11093
66762
93101
85222
20167
74949
6107
41228
19238
47719
99093
31740
55480
92957
73843
15063
39627
84095
98696
6906
90333
36207
13560
88668
61879
12299
41587
58826
68171
1112
41778
6117
75304
46437
30085
87482
98301
38117
7200
60138
5328
28255
79838
55499
19497
51212
31612
40325
65402
35691
40114
57910
36348
94780
89301
38260
96760
33365
38927
65241
23105
24654
91741
77324
44942
68324
33734
18275
7337
72903
55770
21350
52259
45249
24
74494
96776
3441
89385
81047
48599
19270
31542
36123
93317
7805
8723
13000
60681
20811
99830
66321
49055
22474
51537
57217
5401
38315
25874
92814
33661
44635
306
99096
12997
89087
96926
26874
73080
71314
98296
7636
72371
13758
56533
54220
84996
31360
86705
32794
65174
48656
18
33907
98488
48969
59915
20416
80529
33543
53383
4166
74031
21230
75318
21315
6747
7766
49340
23235
93284
50692
34221
49262
60045
34831
64645
96396
86448
50353
78291
83004
17672
31629
67487
25107
98947
85417
55556
72460
47265
32719
30704
16252
6191
31662
80051
49523
41368
67727
1868
8247
52162
30048
30265
88162
67632
52013
91994
6765
74392
89588
93509
43121
7363
51353
49970
8352
1937
16044
97340
82638
53678
64133
53289
59033
68074
95800
11144
18777
48937
11865
33426
60641
10396
20303
3379
88333
40010
11421
51033
12694
28622
76291
45792
25228
74956
43346
57732
97923
24128
75334
4305
37426
89316
14749
72960
68209
53758
46264
80125
21899
41473
89676
76556
27620
4008
66575
62474
20048
12110
50341
92169
29827
76014
99705
98771
94131
97818
21065
18265
51399
49790
22638
27310
13620
50479
63391
41386
58414
59130
43328
22643
24213
2223
44638
2732
13122
53545
42445
5202
80713
82818
2660
83263
991
87123
1098
417
75771
5169
43373
21833
37927
8794
2772
97078
54472
15645
47638
73423
30784
83217
80304
82759
83691
87687
20863
34612
41945
39890
13534
56097
11996
38449
87219
47310
94409
95402
52508
66756
73669
64605
81972
71462
27055
62809
45750
76895
49078
7457
75633
98105
7993
24326
50107
62413
92682
64071
8306
7023
47657
14209
59500
26452
19039
98655
40090
91952
51404
43622
7119
38329
51893
48864
42613
34903
64029
6047
60924
27715
28357
11223
76132
74133
46750
74843
7490
67047
66899
9266
96167
33003
23854
50826
67383
20390
70613
51129
90988
28052
89155
53403
29680
37103
11338
13551
77546
59938
35055
16962
81514
19908
15003
48419
46190
44081
45643
94456
75749
29559
16162
4369
34819
32144
27398
12434
92846
61574
13740
79622
80031
61445
22314
80085
8575
34646
70012
24531
10055
8926
30004
29313
54429
47886
78964
12757
50695
88009
26736
58144
13914
14922
47959
5640
32199
89248
33223
6586
16642
53116
52969
16753
9161
38424
94644
80122
49739
99661
95227
79601
31473
81314
13925
23930
63923
15232
36316
17327
26405
3402
28069
91563
12623
91568
96479
10932
3246
45670
34315
51645
54858
24386
10846
53803
92951
33873
60603
24796
40136
67762
48502
79099
32136
90441
91751
82132
12213
2470
65814
29005
64114
72627
92809
54927
69616
94347
78766
45482
45628
84027
34554
6653
9115
21620
36236
18077
47055
23588
78500
97180
15203
3008
58978
43956
19296
56421
6348
45937
86707
25550
14728
67903
44814
65468
96516
81139
41475
221
52216
80525
6087
91699
59912
41935
568
66970
94455
42870
24744
50392
52678
67809
10197
20243
39887
55145
18257
27799
79661
53051
91919
94504
41437
67969
16309
18095
24126
49893
1699
31024
72971
90448
27367
25985
73519
17527
43906
74979
97748
95365
42147
83748
94269
51191
40006
40660
18614
82401
28558
66538
10012
68015
13103
5032
21323
12007
63677
92310
76849
47946
36469
86901
154
94651
6481
48252
13404
53986
42503
12884
68057
62417
97540
34269
45377
16887
66132
86721
25474
33903
97343
49416
95152
79636
98260
29989
14131
46498
96370
73550
39467
67648
84642
25394
85368
76616
91567
89640
18755
71584
15447
26841
20755
72812
69401
31594
30337
50117
16565
75188
61762
95074
51973
30899
44160
97640
67095
50297
19972
98860
55094
49098
4128
44973
33892
75252
32715
47283
55635
28934
68661
3589
15324
59472
48803
86723
12657
38692
38004
67669
67036
29398
92925
24559
51528
90883
29411
75601
88601
49521
44488
53835
32065
43033
72752
62119
24704
59030
99465
33970
47987
25018
99005
88970
77251
93861
33280
85521
34857
9689
18551
97768
216
1407
67775
70377
6084
73283
31006
66474
51025
80086
56783
20011
86996
55071
39734
96443
11340
18306
70143
81068
35125
42368
17682
3783
51903
28355
64575
15748
84747
15676
65758
4215
27727
5275
71647
54559
63683
54326
93136
47561
9361
44107
95271
3926
50608
31804
85302
66431
14938
76476
86121
8387
93463
65188
48746
46096
37625
39720
9632
97172
53488
1087
76921
95228
11121
47977
77767
77468
72337
83496
35786
13873
41268
44492
96825
33964
54569
96553
59680
89941
51335
53755
77050
48777
92986
37249
22592
4341
5269
51889
23468
29127
88381
18489
2796
70427
97520
86998
17115
53504
28373
10604
93693
23384
75679
69661
26872
34494
88014
66218
81867
77302
33243
78755
32656
95092
81115
57553
31026
74220
41584
80441
70787
6458
2072
58389
73164
32697
34376
97536
83959
65455
92306
6116
50328
67402
89901
86186
41630
3206
76724
15621
84085
70048
97533
51172
66445
61108
78471
11741
37473
65261
96852
11570
44485
88738
55514
57473
49313
29124
54180
65147
35654
42767
32191
50722
58623
51429
46639
53604
50284
88729
34000
56188
41112
1683
43735
7088
41689
12220
42141
74272
16070
8692
25428
94995
66542
56840
4374
8538
14955
28626
63844
54298
93447
96969
40231
3093
40306
13245
31865
73454
45964
97561
99740
45685
23403
65420
99360
90163
20644
66776
41165
23441
90756
71676
6271
42994
74819
66704
2467
67169
68014
81200
49008
11292
15038
59038
46248
11889
46
87804
92380
28400
49440
96178
92792
48083
99565
11183
25052
73749
2235
56707
25542
70476
87636
90675
70537
56343
59106
32240
22055
84166
14206
94829
69287
9304
44255
79730
46311
55367
27942
54495
34091
69774
52501
31719
62949
21067
29394
53773
76891
18574
9355
93831
35610
20385
98157
28141
31525
99903
1224
99943
9932
60093
3779
18055
92088
96232
78125
46514
54531
12107
3937
11110
23908
82064
86706
82114
12464
61404
61202
826
55295
45987
73305
28598
28508
93249
98573
64179
47140
54884
2725
72315
30988
676
75155
41459
52916
30935
85171
26684
50340
58080
16653
12304
55359
90660
51977
28459
53729
54871
64574
26065
11318
83040
12532
6355
17054
42166
46961
6206
22113
8451
25260
45066
40205
15339
57678
93422
56990
99118
71131
97705
13630
24053
22625
89584
4967
62922
76357
10092
68546
52571
59175
89979
19364
55033
61850
10220
636
22216
64491
48290
91023
65684
7111
6132
29368
48459
22712
7182
87993
51284
3689
72891
51488
47013
36294
47909
3267
36168
49400
34251
61674
34275
70228
73336
2330
31851
40806
60190
7468
4834
55718
98768
77000
44067
50197
1949
42224
46987
84745
80349
20493
13631
84763
9721
58828
77182
65546
96410
96334
39609
45006
97279
35477
27738
52412
99698
93785
48005
99952
89828
63701
84256
83632
11706
40347
84533
31642
73549
25854
59844
85534
48455
59318
89860
43748
54273
61704
83693
93150
35137
64876
70983
58025
82851
60214
71136
67817
84056
49644
11882
64099
35135
25138
78983
8521
82457
35370
47248
16602
83502
96897
85397
60324
24357
41917
27560
9245
6175
89199
88911
54324
366
41540
36827
49522
63357
53605
68490
89404
62090
19194
24872
72061
49931
12385
43681
64562
7087
79411
54284
49517
73203
99889
24396
28505
9778
28514
29066
33148
44000
77079
25944
29249
20397
59899
54229
46233
62393
71831
94366
60527
73061
87502
90101
77096
58784
51281
58169
54787
71006
55577
45791
78364
25777
99937
25964
81475
87669
23294
87004
45557
37806
83568
9453
53354
82445
46716
14490
99669
275
66731
99174
89688
30763
67865
46024
45784
68666
93746
89530
81854
40079
74624
44123
69683
98925
54748
60568
48804
54991
32721
1454
42655
98666
25262
39168
25379
18145
74409
94907
13340
50310
2113
81193
22525
95822
10424
4379
34347
22873
83159
12138
46422
40658
80270
47541
40856
58189
53141
52644
91211
15106
55877
4416
28113
37682
13230
80705
99263
81573
15962
74863
26520
36062
42650
81726
48341
95681
15753
47717
3133
4037
79741
40126
59355
4560
35350
45348
56146
27877
74020
18782
92111
32001
39073
76435
48012
87305
90745
90109
94532
31681
42777
25954
96449
933
33110
19373
54832
70052
35873
43220
22983
86870
35046
41695
96267
27527
57722
4101
84222
19921
85687
11311
79188
88592
14967
84440
65081
1473
27239
92178
77175
75431
14604
90717
44882
85522
91513
3357
85666
73662
58859
63733
40441
75299
49599
67130
59976
25072
89964
85104
29960
65084
69076
39296
63614
73085
98490
2502
6149
42571
71956
67267
66390
20103
43606
55567
94174
61443
10963
44047
49227
80100
38012
49282
56818
37291
8670
11512
37799
43360
85306
5832
67814
6017
56888
50386
8737
21412
29850
23563
78560
28072
77875
22019
75777
3040
38340
44690
23119
17496
60265
24900
70437
59610
72123
46510
87403
66878
53738
60511
54873
74219
30480
53285
75013
7685
59847
29222
38477
6078
35430
50497
32385
77421
92697
96422
54445
1650
58767
97117
29061
98171
27779
19151
59370
42402
89276
29410
41830
89624
39126
56865
30370
29573
8910
5420
62351
73112
1435
77730
85480
4853
22772
91752
64035
99399
77180
10927
15835
39952
94586
11422
97212
86452
1614
15358
78866
24104
31300
2182
35917
68402
56544
65410
52750
48212
49948
36243
32782
97052
73800
55115
83553
39187
25711
39179
8332
12911
43768
32265
94010
51583
37041
88169
72115
62228
11571
65246
80458
72347
14757
36079
19863
67837
13970
79532
5615
7395
71755
86046
31303
14641
41873
56469
31734
74497
73286
35794
28551
7812
66739
13916
30903
89572
60670
30299
44545
74447
24982
51121
77923
57697
54517
10431
85282
26726
20100
48229
42045
82891
11670
79092
1443
53906
17036
61155
30429
79241
528
32734
32031
59011
37601
64128
14828
25540
37632
30213
8241
36769
61456
67785
97667
89205
805
70131
90115
67170
89334
22345
55230
96993
21637
58936
95195
56997
82361
66789
3894
98644
68250
61854
53273
20716
10656
44740
85291
2528
4314
89
93097
93742
69481
53881
25903
83383
99458
91499
19738
33055
36997
83124
81384
47589
35274
76053
26817
21930
11187
16367
20976
20056
92648
69332
43941
1948
85881
15984
63997
44032
46359
51482
43948
13608
7625
8744
30546
27501
57515
28809
36641
10783
88683
15115
83007
94432
5715
26064
67587
78861
1666
6250
4318
89850
93160
9325
91065
72765
60068
21283
578
79153
65097
15811
44301
69746
31777
37199
73518
20829
80278
30817
52498
31439
93441
48056
95677
99481
86572
47323
50526
84332
33336
94250
43805
87605
57735
42454
33225
35144
15294
35306
75584
7199
65099
3115
65625
29853
56088
52830
67598
1316
41169
86323
13102
61707
74225
80155
87306
92270
9112
37158
92582
53239
28382
22447
24579
38787
50396
1739
59771
32897
57413
61171
29895
45390
62990
59935
64679
59645
91467
86038
50103
65411
96320
44322
46807
14678
64447
36505
92471
63743
7032
31829
7529
6928
78229
53001
25192
75088
4398
61172
6400
33075
95806
45531
9614
53661
73263
64621
44290
63422
58736
15311
47598
4771
4869
44958
33934
63772
43152
93927
20431
32623
22094
59522
42065
2439
64867
72098
61543
95002
3557
37009
77832
22199
36535
95419
82106
20427
24792
95364
58902
97554
13686
52837
97485
29244
69346
42294
87603
88755
64220
62411
9263
72120
71304
36695
27030
34099
1074
87884
43371
88919
15305
13855
80978
41278
91697
98043
88568
49278
65970
79052
91900
81589
19803
43106
4117
3978
17396
31648
48698
60738
45899
39929
67692
57015
20122
7593
59298
26836
22795
87298
41141
11727
31104
79132
41908
66626
46861
66300
44914
89260
44774
8897
58159
22249
46635
15710
93836
14985
30131
26384
16883
17684
86142
38956
75288
75683
15854
20895
32859
43010
37221
45372
48512
55334
32650
33805
32878
5053
72203
27554
31093
29161
6253
31489
2150
69208
57373
85660
11524
58586
57549
14345
71225
45272
87793
7739
27372
80960
76299
98758
68849
80434
73417
70363
70567
16742
21859
26453
17565
97988
15127
666
7135
50189
6850
91435
47617
49969
95643
67475
36369
5219
86865
63374
30734
58478
66798
65290
29743
1897
14043
54405
79787
32090
91215
38881
76862
88542
51823
51869
30565
16706
80877
57180
33995
19246
17605
61682
59901
26913
64324
71492
17681
75153
15861
72044
70961
91186
5129
54969
76609
47314
28852
55533
43756
93898
17275
28579
21
76457
62569
66708
74458
21975
47074
42725
75775
72166
45141
50500
66022
81807
90931
18359
88651
68540
21652
43877
75788
95849
64474
8011
44633
50269
92361
29466
16092
7843
42266
51020
54025
81731
71682
61510
67283
20411
97924
85376
37855
48898
16795
82179
47414
68326
35919
51256
45883
30238
50514
99073
19023
41576
87668
80119
26515
60494
84340
54593
36274
40733
6095
36867
12784
52249
45509
7067
69551
46167
34849
18185
94553
68142
16905
18968
46881
95927
95821
8870
12675
38972
34875
57371
64655
15332
87281
97945
48111
30647
14348
8052
41614
30922
6280
92934
64923
1442
29602
37307
42158
31421
4757
85386
2090
55354
64753
39320
10576
39752
93920
44297
94119
54539
25171
89938
72102
39956
24115
6860
33869
52761
79098
17507
99143
38604
58848
15850
33035
60533
31989
29324
62400
19019
28845
2935
14940
30976
47628
83855
4898
14418
65493
77528
5869
61014
84204
17657
46033
73975
88399
99141
92333
8363
22562
56833
67943
29729
13516
54904
79543
4895
11948
17337
51008
62565
89884
73386
74585
67819
92718
29193
53856
98410
87300
15088
48802
54338
49037
1124
9179
10304
50415
38933
6130
83
48865
6016
33816
90799
70124
86564
360
20614
83666
81719
53567
10857
78632
81576
16781
43781
68920
26962
68210
54228
66574
22042
69534
17074
18543
63822
77103
74336
95903
31815
59716
68222
36486
35259
87019
51587
34785
82180
23555
32018
56425
80265
62966
4754
96355
30306
14038
2719
59206
37596
46188
51135
85172
50061
78845
77249
27876
40430
79016
18680
87657
80583
45104
32648
34003
62709
86131
90029
48206
73451
20102
65047
14477
54017
13714
97290
92994
95925
65818
36445
18281
2296
52931
78790
72037
54915
32033
78650
86710
4660
31404
34767
13194
69744
76096
5585
54892
62623
69989
94822
69277
98272
88912
79321
26249
28842
85193
75350
63735
14312
15965
73169
64584
94804
90016
35081
60857
78577
73046
874
61649
45163
15443
29929
26106
60898
2623
81259
54724
8045
66597
98094
34079
24941
12699
63876
30141
87620
9049
47916
77002
96365
47663
21640
14700
36392
78260
13972
58718
74451
31156
99328
67798
12093
35180
30642
8472
97928
53388
98828
20137
87759
32678
86002
19199
51567
79370
49014
36593
18573
60492
89947
78679
69336
74931
55061
85006
4781
20399
25173
71241
42549
87475
78693
87754
62015
31545
43123
51134
24543
29900
68523
69869
4715
70063
81571
24182
3055
76086
12666
8148
12202
93606
3892
96291
57675
84025
53920
79264
19272
32700
1102
18978
54520
39307
59478
37878
72609
33962
24847
5642
96474
7664
17126
94544
45906
27702
52049
38560
10160
85655
95968
19843
38739
53189
1108
53167
6516
34025
36621
91624
45361
97545
28959
61895
98918
22256
51984
88733
84361
77529
609
74446
304
88342
56989
44193
76011
49361
89059
60272
68264
8845
5499
40061
862
5343
25907
43938
56669
25307
69439
94223
86609
40750
5708
95803
8966
34086
95604
16681
9222
51097
47577
51149
13922
89876
17603
40113
40427
30256
49393
46593
31269
80143
21362
26861
81663
53346
73573
84264
72916
29798
34712
90917
27386
94716
37124
15544
17810
13998
25490
73237
40256
95737
60402
27251
72230
51827
22103
26639
10259
94315
39618
64156
45251
80474
35772
90460
73830
76731
44207
83663
59591
52977
65902
11418
25939
66100
18563
47346
41435
78536
34241
39575
32392
90867
70861
54515
33319
46226
41745
94310
90311
56419
84424
20313
16379
76025
43834
58204
34861
39015
8517
47251
5794
84337
63390
53525
62801
92780
18357
33078
66381
43404
16255
44941
58863
96157
47538
62035
50182
22380
39825
92736
75831
10083
82734
38175
6794
51928
31001
47861
77589
86117
2615
69548
4424
69613
63406
61944
23941
68754
43066
24279
89130
58263
23557
91270
58423
70441
93367
37918
12066
28046
98830
23087
327
85804
69334
74075
48322
80130
72422
58587
53998
1300
86039
36660
86331
74308
85892
75545
64106
93140
14276
17359
58287
79865
32426
85883
19335
58592
47896
82804
78918
67599
9567
1964
24825
19604
45523
37363
54506
68314
74049
6761
40282
66476
6930
94285
67104
51904
34897
43339
72013
34923
17836
62783
25011
58392
82654
50236
90217
20292
3735
98341
30666
40821
30879
90650
33627
64253
2031
15374
44808
26166
75247
82249
99394
9730
70287
30991
46781
26262
94955
98712
73222
96478
24823
51822
68012
611
40454
18778
98033
52047
29817
48676
39749
26149
14804
74550
95456
48987
11884
36667
16444
51346
87717
32239
64381
33307
4300
93938
18235
37475
42798
80744
3241
4557
46408
3096
73069
78241
58488
57763
97317
95770
77329
6892
94349
49216
68864
6163
488
67691
28172
24992
67526
64770
54937
53131
49704
56418
68847
67635
11071
87157
4402
74294
14456
14873
94512
58674
80739
78224
48814
41097
1756
72150
96133
51941
77456
88119
87748
52953
79356
41257
52485
90100
34676
50018
92995
63854
46312
28247
33173
56714
35889
77012
55833
95395
10277
61584
9942
67701
79386
84727
34584
1082
11169
21779
84495
29555
22073
21991
87746
24125
75301
67519
61259
7851
70486
18842
5175
19653
61451
251
64234
30368
95555
4067
69162
72762
33435
42786
32314
4550
32343
69884
8308
48293
45486
14223
49696
39319
78535
45615
27277
89227
2854
21768
40894
27479
20641
57438
5838
5706
13347
43061
96597
75157
11814
54747
61103
30923
606
52040
57950
85526
64534
61223
98995
63723
10313
52214
7333
63078
70463
74465
38347
40238
97986
88184
25959
49477
61726
8471
39754
2635
51111
12580
77128
82181
98622
95564
75156
28854
57432
57467
87690
9819
35512
9625
51745
50755
3111
80462
12222
59724
62193
38063
36027
4644
76013
59148
9919
28335
87546
84246
84974
88292
66585
73339
33492
27621
59857
45580
16543
2791
55114
87891
35292
26253
27627
29138
32833
45476
39838
87235
14478
87087
51820
89475
38206
99110
61640
49533
16779
90877
7487
8292
61054
51494
89755
4129
71764
74137
96967
96351
51787
11106
26268
3611
63508
20605
66958
14265
40908
43895
74531
12634
10154
24778
15559
93426
90417
19616
72256
72795
43759
83955
20540
59388
70963
35146
42810
37389
44124
14463
77001
83893
95427
97316
29705
19147
26538
70748
71697
89936
38696
28529
75303
8356
64904
86965
15202
45961
34619
33737
81626
39493
80383
9365
45048
51917
24557
78804
61622
44617
88571
58428
99146
8583
936
11678
28548
95591
75118
96544
34331
56539
57372
5902
69037
70434
65500
32856
9297
10916
49956
73215
34713
52351
49877
17844
61191
66220
55330
23764
51037
47835
66121
11145
28938
8220
72271
61968
90060
88369
98763
29470
18732
16933
29289
25257
78795
76585
59950
64761
99070
54289
38393
92183
46762
78957
47244
59945
5641
18677
85208
97864
71470
22465
27937
36893
36372
81315
44684
33714
45797
11719
79441
8912
32055
39401
48087
44110
87076
3186
57016
1969
12881
87048
6973
80381
9641
23865
63521
87517
89382
25650
28930
20957
22885
18312
34457
81552
29503
59846
73460
19976
35492
84543
32532
73507
96941
63641
19
85106
52268
79789
10448
10034
46843
44792
15634
20627
20363
71667
4928
87189
77758
21289
45869
42232
32468
94583
94932
19158
53839
75056
18457
91468
54944
79880
39665
8314
72143
14957
38627
18414
31408
62743
27341
44284
90864
35263
14620
14274
89654
42309
36991
51899
20375
44502
19950
39518
43836
73841
62822
95812
77747
49436
67453
2775
99837
44113
60029
96651
79213
36935
24702
67341
49620
39989
96190
84419
38440
83520
14546
89591
39146
59041
65232
75710
87485
19881
39408
28385
71901
78695
31691
61500
8905
24263
8452
29502
78089
10115
39649
56562
83312
82157
6500
50097
52609
4592
29451
18164
45798
4737
30822
48647
58426
18368
30102
40117
33113
91928
39808
79468
18702
27842
16800
94359
93482
84089
10700
40771
98075
95437
82507
41315
14636
99069
92469
52323
94474
68218
96161
74318
72633
19911
4144
42008
84681
30806
52406
12484
49121
4056
18618
79621
97674
43740
24734
36617
685
64576
44711
49129
92443
94372
41875
60032
52687
51408
15101
85930
38486
87976
10706
70261
93993
34288
91324
70751
21745
42998
98852
98469
44916
38642
78758
95062
72561
43597
24936
92232
6010
99703
46336
25042
81507
30349
54222
33409
53868
37958
56124
86770
8042
52389
12888
77169
76459
31470
66891
61612
19780
36140
86060
18899
30718
13626
37604
75122
57814
9169
32874
11176
89974
96943
82697
28895
84591
32169
19132
18360
38135
47964
97249
9006
6896
34339
23233
15560
50783
9511
30892
70022
53878
17609
44310
45501
13470
78409
48589
79414
65577
53497
70013
17303
43580
86239
78284
21396
87751
70202
43364
5492
92259
74036
22141
80664
10296
26979
29401
19386
46403
49250
35460
82319
13188
17178
30497
43945
52650
77775
58838
10465
91153
86922
78671
49946
3213
68760
79369
35045
30080
62561
30289
4405
80362
34431
92643
10362
42670
92798
18320
6805
87090
24989
77822
56374
18868
42961
65965
13677
42064
24320
6412
61439
82771
2792
94631
60996
28267
71572
43551
58957
55878
25987
4547
57943
37724
65841
84124
22931
26200
54372
52402
57936
37196
97622
16494
34364
83985
33209
72717
88114
68258
49721
85601
13226
76359
85718
69826
84016
70610
7622
99738
10264
33958
49679
61629
45460
81442
81231
26700
71356
94054
78100
50233
7789
17098
53790
89985
67252
10223
35336
71735
82217
47409
55549
1038
97998
59809
4909
55579
17652
43661
46459
41981
68043
4810
31869
69505
82918
43200
27236
96094
43434
1363
85082
76884
96363
96810
80391
13653
5860
45342
90536
28671
68065
85590
18454
48658
87280
93776
29643
92020
5491
55105
23122
70033
25741
16710
84916
37059
65360
88888
67765
85780
22602
67191
74390
62299
87005
72299
41534
37998
17144
69932
10373
40884
25661
57725
63941
76490
7360
19651
649
93219
55800
85461
29108
71603
55222
7233
38995
93935
83259
53341
90348
23036
38924
12367
8406
69814
13662
71979
92465
79571
67111
49694
4160
7420
99065
90775
13980
96279
97811
90794
90685
9415
65584
38011
45274
33444
17870
98495
29516
66251
87536
98174
10141
72356
56139
74564
52052
11192
81977
72518
41103
60457
59668
77374
22136
29487
64312
77937
42739
98427
67131
74644
42675
39865
21476
75565
67201
75568
44747
79146
38102
82687
98783
33428
91012
98907
14711
79906
43138
99689
93236
35159
29063
7936
49018
57018
28142
91470
1946
49776
93522
67412
36761
68352
1633
11439
39149
69268
81378
61663
9352
97605
88963
99354
31666
6006
32293
96511
78248
22593
13581
85022
84970
99162
73355
90391
39158
39541
11595
58969
33073
8501
26354
65523
20093
42101
90195
75610
67581
87323
5225
2418
19706
77386
18390
66754
69410
25300
21277
96445
5382
49947
55996
12959
29532
57810
60490
5647
50241
49724
57200
43534
12724
63021
30945
89341
82450
27548
27658
13818
93899
19700
50518
70813
19128
21973
10191
91431
28414
58020
21553
8612
9446
5799
50104
21031
44508
900
15754
40493
57004
71384
75585
51461
64658
12975
28797
60343
84225
17047
4671
67338
32783
85591
30481
23183
61187
81860
56956
86934
5498
81769
92024
91839
74685
27252
86808
5091
30552
54172
47417
22224
74021
11457
45768
23361
3544
56453
67831
75223
64389
55357
71692
92623
49842
10393
15867
82778
14269
32814
22315
21015
79342
12458
85851
28153
12917
44057
33517
1332
68772
38386
59273
69046
31626
49384
15583
37865
89976
44088
39375
78054
50983
9900
37232
48317
87929
20275
50560
19166
51516
79139
19889
60374
74178
88802
34110
90028
61447
48819
69832
29673
63446
50384
2989
33141
35252
46968
80199
39337
22360
91308
15994
93241
1678
54202
35092
24620
99385
58906
99111
73067
92914
18856
14406
88395
35528
27902
22412
63005
59068
39613
57384
68778
92393
98515
38811
97843
15256
45658
4116
3183
29167
66322
52635
87523
97448
24746
95435
94727
26572
3672
69564
4903
49137
71503
85867
37404
57536
44743
30233
1838
86994
47825
97951
10249
59727
58595
5146
21797
1499
1258
49913
52413
25927
53779
72165
8349
90510
61970
21084
29659
42943
74824
56110
12508
53529
66639
30112
65880
17940
6451
42169
31084
90718
15254
84307
9869
28729
39351
33764
43871
78439
60011
94189
40589
91266
11543
72259
76538
33819
6261
21643
19949
32298
99513
86012
99945
1846
65444
22641
54729
53270
30586
40663
19636
52570
69943
79416
41082
86499
54410
47058
79569
4615
78199
79174
31945
21970
13830
97059
47448
41131
80272
49709
54314
50896
34010
50222
63503
78499
5938
35315
26413
96568
67932
69462
61941
6127
31154
49981
71501
49788
50876
38680
34972
18409
42422
24805
13772
51921
25912
71823
74380
64037
76947
18188
36637
14594
68949
24010
14150
65202
16876
45201
83006
81982
97262
79279
94615
74526
71894
57333
66953
28951
41641
56013
69611
87791
38054
13288
70935
45209
15166
45597
8171
80030
55862
83057
2059
26047
15149
99365
58418
25294
65883
14811
84438
81733
61207
96058
46700
49525
52334
59329
39131
56924
92942
5672
52381
81331
83087
26450
32553
21534
31424
31249
38045
25518
81161
41428
91325
69391
99039
84403
9908
564
32410
40938
93679
13533
24762
41370
73372
45951
41343
55170
58324
13425
96070
63681
7952
52347
1105
1384
67437
83415
15955
80205
54676
41258
50901
3562
8317
44839
57654
36199
72953
22785
2428
58841
32535
72338
65002
13800
55671
9465
65868
82298
41960
24777
26394
7143
46144
3665
3255
95958
36301
87203
57979
82144
67285
52311
71219
92827
56569
50476
36167
46247
87211
54757
77939
67305
56612
43007
8958
283
26157
16554
67807
22612
49487
37094
92926
7303
33121
96610
33642
61277
39908
70129
5326
63578
49254
87619
12097
66748
95452
36334
7242
64303
79722
90118
40275
6721
65005
98804
60550
87256
27816
25297
68165
43829
49803
10477
78392
1157
21108
26741
33090
84773
35946
14304
97608
53129
21539
97283
33089
26910
18209
1414
7211
65405
9484
24142
18435
2984
91401
18729
13773
41821
14491
51761
79131
91538
40172
46634
79307
10203
93498
68063
99600
44438
62707
31021
94313
93296
99095
96001
46124
49827
70239
46158
9553
8296
89314
19156
29660
22152
14257
87789
361
12873
31599
67074
29461
38963
52181
64226
56474
74872
43302
83767
18481
56427
86228
97101
97091
14994
60689
51643
66284
37408
59791
83874
94149
84616
15599
6780
55135
92049
82394
98640
82404
86893
35291
1015
93989
31356
56688
26563
79721
84302
53718
50456
30626
82595
81553
37474
73226
56475
75175
61826
36674
54000
47053
77778
22185
15750
30273
12046
23780
87315
74365
55011
45235
36573
52345
45204
60352
61142
74900
78883
11867
80237
21281
10446
74763
70474
34932
83898
51897
34167
59852
50090
70544
25588
79311
53971
58127
64235
48927
49196
86206
16895
10957
55956
51813
85160
8734
98357
75391
49468
60220
5795
38618
56114
40063
85038
79143
8458
3721
58579
44820
67375
79673
98142
37755
76437
70235
23808
39726
24520
36642
69796
78322
43720
64724
39773
74672
92286
61644
58319
23113
16568
52146
67265
60353
96494
75271
55157
6052
58407
88259
53232
70723
15497
96108
85270
47233
66864
2632
60631
55176
26497
65301
20941
23089
70314
32255
38379
49787
33274
80625
73449
78200
91418
29144
69917
80781
63815
23973
18846
9420
39198
66988
60669
15018
59275
76704
86861
32499
49927
2043
31322
47760
43670
67299
39522
64750
89909
40295
17268
85146
66119
85423
70178
89026
26339
76574
22549
78289
86977
47006
27472
1819
63400
25136
53112
36253
65123
15910
79104
90937
18962
60515
78445
13589
72680
23066
3406
6668
11556
47108
96206
72510
85975
66944
34721
71543
40530
3967
10028
87681
15555
26218
96816
69120
52539
84994
96248
18127
76216
8967
91573
79959
82872
32963
58794
39843
9444
64522
3084
6945
90563
10581
25020
52390
52478
73667
41086
22329
4175
78567
47953
28485
24281
64319
91221
57247
20837
26613
79646
84488
7424
77445
6808
25132
7532
47010
99968
11828
17168
47591
81387
97025
39599
73448
76972
21893
87006
43450
76312
69090
81527
45949
48958
89303
99989
36137
41298
13813
69965
57459
54619
5596
31118
71848
36894
73837
1759
81024
79138
79337
49502
98810
4843
73856
87084
12308
32903
88085
20836
18297
74029
87002
82883
98088
45171
60173
72902
25033
95070
24786
97297
15287
27018
23286
6129
67016
51960
58812
23008
87007
6625
42059
59288
11039
10041
13350
23579
35226
43252
24030
4187
83858
64617
91075
93292
71675
50264
57186
26888
73981
66497
93145
41053
32825
97199
46859
82642
84592
32533
22333
90618
45803
50648
1728
96530
71020
79486
46149
46654
92240
72365
81131
71324
21666
89077
82103
75178
93745
38744
69367
33257
33794
41384
90226
35078
51436
89693
60349
87311
61817
85982
53138
15833
16864
4872
31226
68992
44804
15937
75569
30888
50800
29575
72275
32850
9589
85447
62567
20521
21515
74837
1926
10155
11724
18299
74937
23220
52783
75648
29160
54851
28513
40693
66144
47492
35682
38237
82412
39696
81685
23298
45746
82275
38183
46833
94234
14668
58214
87730
20036
1513
36119
34580
5151
41337
79890
51523
10272
39276
21018
7817
28190
8783
54087
35031
68716
38397
93170
70858
18603
23029
26258
76515
61059
36423
16893
14302
3016
59739
50698
59499
21235
56958
55179
4093
49901
47545
35000
44535
35605
41722
12445
39182
45721
70186
65348
10629
72278
14679
48061
97650
4052
55286
98911
13295
79015
56464
8339
68116
80488
96065
50283
62514
38198
39579
75494
15297
40949
5777
31537
67218
6305
44055
56330
89618
93176
22253
6979
65384
13821
12121
10481
64190
30202
78631
45228
37254
36765
95620
77278
10573
85436
58310
25592
31461
57894
65665
87573
34846
25408
52989
58290
88652
97024
4245
62259
25239
83751
72592
31242
88268
44978
3528
93159
26911
12132
55529
83143
52244
71955
34178
11002
16796
82403
23000
19705
69662
81265
74785
30625
19162
33160
11807
1227
83235
50007
9662
88483
85537
17951
37541
54816
47869
21120
40847
18167
33612
29766
380
78405
31077
74153
79513
54207
90258
62286
48752
77759
43546
36169
30968
89691
27376
64111
43210
20621
7944
17190
2154
31078
93407
73627
15026
52715
2308
12690
6265
65474
42205
95362
42313
4292
83573
89753
68887
21864
7003
46587
75080
78192
39898
6639
98834
52899
1014
29983
68215
35096
47622
4790
8033
71771
26225
19212
99537
12263
3536
53412
3036
24913
72677
73223
16931
63275
43336
77827
63837
24668
51089
19038
68759
25075
67058
65730
99927
81347
72670
48999
40572
56216
86494
88409
73623
37630
87425
60627
88261
34084
15175
32496
22710
77729
7304
68866
10755
65746
58340
3082
71704
72396
33396
98498
51410
47020
23257
87221
2688
630
15211
74807
30801
46034
8549
15810
97885
90213
83243
41692
35653
79788
73784
86068
2036
66770
73931
69498
42668
80938
66332
64323
57454
93481
13233
22367
18058
55023
44195
96117
10127
5247
71610
43113
91807
50676
9961
91934
84718
29206
59853
45734
98432
67879
72264
1781
27059
21405
96910
88380
60976
85571
29358
68367
61429
6490
39582
37695
30754
2602
16296
87815
846
23847
65372
97493
68462
27294
95667
39801
14386
66272
78753
15466
54212
54612
40991
32291
60759
98159
292
70056
99467
92847
45845
59447
35039
38200
57250
38299
82192
42538
30875
69224
4553
36112
52401
40582
3071
79967
47410
57083
33009
70165
64545
56333
87617
84345
24912
79531
38876
82715
90065
68773
5237
41759
64559
76300
39907
43009
84196
89756
65069
95295
4625
61110
65845
82524
12944
53024
72546
68615
73317
97908
67615
47269
17165
30251
26586
84286
67158
56223
8975
64050
58802
97841
78609
34896
22469
53256
76864
90528
32617
91534
96350
39669
67501
59451
14212
17094
53805
75439
47581
13651
87202
27782
61141
6408
66882
62234
90896
60319
35763
98957
8423
67629
63165
13520
74718
2251
2247
27900
34893
88690
31179
59406
38817
14747
75420
16101
53335
76553
15129
4861
89002
24058
86941
45275
77362
33880
61473
26648
77987
89117
4375
98936
75737
40593
70148
71786
91960
1564
38999
78411
16333
37260
22858
84615
982
79150
14412
21490
74158
86088
96327
6438
6528
98219
83606
57150
56820
24486
73996
63615
71297
79920
89797
8460
90017
61892
1861
40829
36606
44868
98146
2300
46132
58816
2661
78642
33815
92345
9482
21496
72428
58253
83473
17944
92485
65244
37290
36029
79759
99925
60156
14083
63266
28181
20499
80430
51140
90617
90797
4214
32475
19955
36019
85800
9734
20081
29861
31827
99639
94703
48436
47384
6411
27207
99386
64709
89107
72972
20026
75294
78763
83554
85955
64715
52611
74389
83891
46928
13381
48075
75229
99063
26409
94392
27321
52643
88565
89442
3706
43803
62974
9945
12688
31384
31440
76949
61820
93033
18165
53356
53107
36850
19716
60532
46357
95916
12359
16449
32745
33699
33664
87013
98314
61380
95110
16140
80257
24928
67845
2020
80771
17050
27892
60686
15410
84726
38873
19289
39987
47389
3943
40743
11935
18850
37133
74253
6037
4605
96718
77516
40193
48749
44243
5230
45244
65208
94767
44371
57513
37411
91457
9599
96684
51219
17076
67947
72059
83642
85
40840
58081
4397
80147
96841
84209
51357
86179
59831
17598
43857
35692
50150
95593
48555
43879
93238
4337
75464
86278
82998
9937
61043
86148
58799
10352
58052
61412
17320
11667
25643
15258
78209
18570
93567
48557
7707
31011
15770
70517
59929
17426
21454
65034
88852
75073
41708
63713
92810
10074
76026
71588
65071
49208
65629
5086
56617
37137
92160
34234
84619
30503
12637
10170
30601
69146
40167
77412
2142
93304
96301
64351
5936
38036
23558
82798
82218
76984
74464
3800
64774
17981
43041
40294
48221
95597
26023
17487
72562
68569
61097
66065
41152
30648
50063
8977
88226
67881
53434
97334
60137
2870
79432
56366
24638
92713
96192
45675
38366
82276
66809
70931
76534
66608
21980
51320
39547
85488
4395
66084
53744
99693
40935
78595
42245
6803
25850
84285
25147
71127
35160
83586
84428
15249
42464
96132
15554
89580
5353
31637
11551
61800
64487
71747
75785
3180
94438
39745
94102
6025
70629
75300
66411
98258
18642
7729
20193
2956
67443
55513
26855
14149
10017
51644
2466
26754
87771
21757
45918
38391
22372
29873
1220
17465
34174
36242
21695
14251
47126
4165
29269
77137
36948
80745
88953
77224
47149
45677
89308
84205
51619
92355
85859
49977
66719
76464
38567
46338
92886
48979
39587
41528
25941
1147
95758
6293
90651
54966
18837
27273
9486
15229
61587
11885
34470
78188
14645
32035
55029
64227
48849
71238
8809
60481
41977
41876
79980
80393
57037
63010
7674
11599
91561
69450
98820
39417
8400
35583
81398
53663
88692
3755
55768
53648
45368
29386
37858
93565
60744
16515
55059
49057
31758
43140
39085
18161
23524
85713
1380
30555
82535
63823
22067
12927
94173
11303
22368
65837
97483
34707
32110
3811
95884
84357
32915
48651
15744
55755
55456
16654
8331
20008
2575
59002
59430
67291
14531
28810
37043
55771
53802
15487
23513
87436
44486
35527
18159
48605
68020
99089
55881
32740
60650
55900
68945
65158
17623
10403
12315
34605
7264
4673
13083
46713
94457
79609
58239
85303
87490
93290
57955
7028
90921
79613
39722
46502
22900
85416
669
42716
63169
93470
73976
50892
27070
47701
41971
57327
53038
3791
9772
39463
73513
46213
56050
68724
84481
44918
58009
15958
12360
25423
73138
4219
34284
94196
20930
37217
50999
94917
12700
20112
6691
42891
18661
60921
59728
74469
45328
50639
47595
5677
80435
64295
869
6216
89887
50079
4656
11208
42027
44813
87120
66358
5024
73377
95144
81090
97130
4180
49529
40083
88470
99307
34918
25505
30773
48620
6181
70782
51843
91309
52450
60967
17538
32436
79933
56895
98178
68856
63416
16950
52075
11386
287
69971
35534
54829
29530
58818
97589
84650
91115
48041
63766
61382
83720
52939
58693
48498
66438
71260
30768
19024
21218
22496
52285
19683
7404
91346
59313
38464
52779
79159
11831
67037
97639
24773
96360
5489
7694
14920
8432
11483
86006
46978
68088
15780
49497
33221
8495
77599
13022
71854
53389
20310
4098
47902
82526
99154
88933
2902
76175
36880
81922
60447
43231
86163
45064
71785
45143
71112
27404
22672
49083
95031
96253
3156
52829
40321
81141
239
53230
52483
47266
14241
18420
85304
56923
92452
10432
58509
70767
41271
51769
26935
75981
9270
53216
16968
70145
46017
85434
18936
45420
72476
88448
79387
88995
26030
58723
4118
68649
13615
8866
27512
98770
24364
93027
37680
40228
80945
15047
62574
99494
7237
25005
5197
53914
9357
93077
77109
94162
92029
62603
44335
37465
99627
50770
2208
39055
35216
2818
24069
6950
26970
35857
26949
88557
71966
36534
89829
84265
88615
15296
45416
66276
66094
3516
62204
75954
74791
58005
1967
70297
80808
22033
86491
61343
86652
90125
14036
66057
69904
55078
99212
33617
89617
50309
4329
49145
95894
77586
47072
23197
23859
5114
21562
55246
97653
14195
82573
44197
51867
25036
54442
65509
73445
96757
42218
32547
67469
14647
99758
54151
82582
86212
86630
22051
19111
24226
63277
30348
3904
69588
79080
37298
82600
35780
73432
51515
19504
17344
39841
53247
74920
84413
26318
9611
70771
81045
87455
45412
85390
86313
90007
73987
34393
73705
54302
63787
80871
79040
3237
55966
3499
96258
34391
91050
45216
57734
65995
59424
72740
94328
32487
70879
56448
26049
45787
85627
58524
94571
20804
11542
9710
68094
43419
41403
80012
83304
12825
68732
42802
29677
15037
31198
18230
55841
40087
69322
17135
8867
20915
55413
66166
9227
47819
32559
59205
25990
18746
15319
59116
40239
82774
69829
37392
82666
35196
67115
11716
27789
92842
94961
56451
33351
37380
76599
93678
90655
92911
85382
97597
41364
4446
96858
6173
62639
18505
83333
42902
25503
46243
62079
31095
50005
10395
15968
50140
9517
75511
58764
67129
96738
73358
16463
73120
32347
60642
27219
82933
46291
89685
25547
9802
74379
78851
3725
50458
40484
89296
6225
25671
12817
93717
73343
53083
40670
6292
86938
77653
54069
3363
58551
66265
11346
93659
28493
92506
68981
17747
80018
94689
90059
69786
19015
82099
45024
7328
45673
38166
71885
31733
72463
72324
83651
70993
95487
29483
27268
86654
45772
536
80092
93434
33669
108
80695
40786
96447
6916
40258
87790
45281
84277
62962
18262
59999
94521
39840
11876
27337
78399
44974
62957
40338
81203
72398
10649
812
2829
14207
99395
39474
74333
67579
38157
3979
13917
62591
34189
63002
21316
82575
65603
95235
83764
56747
64524
87853
1369
11215
10184
34720
59440
91502
68806
10839
21736
84275
6915
69015
2002
32063
31622
75127
39628
46152
90872
70965
71316
64500
61667
40184
75602
97771
17921
83181
93999
4918
84754
19255
61401
45330
38361
55907
53864
22387
96962
42920
1538
89846
66246
24146
27557
82440
14876
72317
81836
35441
46486
33189
83252
97514
36395
85305
65805
29140
24408
90709
64659
57632
12162
81016
61943
91797
50432
64535
31961
74014
7452
18416
6797
76198
40757
90455
79841
94587
86607
6489
84521
40419
66222
12454
100
88205
81491
17417
88649
42129
44043
10508
59873
49453
81640
83969
68944
57342
63595
33647
91076
90919
14341
13006
8658
47917
93430
30304
48535
92961
29164
4531
38900
197
45592
75973
70921
66951
71288
4740
82717
55077
77246
94023
38506
97990
31131
94813
90945
13163
58181
18815
12519
73593
52507
43994
75197
38041
6100
46239
26055
78561
22189
921
36218
68106
58434
11102
98594
78863
97903
22064
76782
55234
21945
19063
31519
49964
95333
72869
28948
56084
31990
79072
58667
17897
86902
83837
66233
17973
64338
53722
7972
13535
12019
6692
96413
43182
11081
32288
36460
1828
33896
65105
85314
28539
62170
45099
55778
86680
51385
47189
95583
20185
52090
57494
74122
64096
9793
88287
3074
86063
45944
13131
55809
86372
49294
46378
32355
31527
41877
90321
3414
33528
46909
91828
7492
11870
36211
96748
42011
76566
30675
42729
6350
45155
99965
44679
52098
29150
29256
60840
69494
42055
55726
93210
75541
91491
41062
24435
69979
2476
34444
38317
73030
56801
14340
10946
93354
72980
90223
68495
52520
72277
86457
61710
71565
45317
51986
11509
20074
62183
23922
31451
36377
92520
34877
33079
9946
73711
96964
31432
17259
39293
64165
49514
40967
17400
25157
96175
22468
34624
51697
10722
25955
17625
1590
50537
5561
96796
20451
79125
78655
6811
15056
53870
70590
53792
9591
28077
55630
61501
42727
96977
5049
42581
54573
50785
66808
5422
27080
55124
86868
10851
67295
73545
96840
90557
234
88767
8765
90637
46057
93433
41376
47200
14553
99631
42404
67330
82762
9182
36500
7871
64297
93376
38929
78389
74074
36682
73400
76932
60159
11212
98632
83029
26211
81692
28597
23369
76137
80409
83815
77256
43837
28283
43294
14113
19749
51428
24798
4683
65858
2671
7822
19251
48413
27898
6029
50290
28853
26311
19543
60132
19209
79888
54301
2112
73027
38498
10954
7761
59671
8118
65176
93722
14697
91945
42420
96194
70685
76477
83725
81058
25958
37688
89271
7216
30937
40641
54239
817
23324
69819
19967
68255
81991
83491
23504
99297
839
15084
62648
78799
80483
80852
67543
48662
6904
70734
8848
68829
13826
1027
21498
99541
17876
83157
45911
74701
98978
97361
49094
24001
75577
405
7792
13373
9172
75636
22763
56934
73551
39708
80858
33490
67247
91871
70551
87706
95961
57865
16987
87405
33421
25765
83229
82740
3691
37002
54795
30215
20095
76218
83258
85431
59323
70026
45492
75613
21665
46879
74128
86598
16011
98202
26110
33071
4204
24228
87059
6839
83886
70746
19304
39546
28599
71235
80612
79185
92320
67871
85697
21983
2992
40760
46381
1619
84856
78589
3208
52575
31844
1625
87245
97764
48209
7387
30524
9643
87538
44344
68512
31429
10943
19236
86073
33487
76371
16088
50731
60281
1047
25936
95207
82161
6756
89744
96489
4317
41548
31091
1374
49800
65171
83510
79774
25181
79786
70853
64594
23075
65404
16840
97223
48128
73859
58498
62282
34973
24201
54687
1478
78747
46238
68601
94931
71832
2714
8299
63307
60825
55132
69295
98222
58649
89980
88927
34774
12073
32622
57563
41327
38568
87260
77479
21559
79660
12201
7672
93692
6294
33054
15877
80599
95247
14732
4507
67424
54227
77798
4319
71957
42093
88848
15471
91042
74307
55958
1836
75378
82092
51434
63864
55816
11104
42021
24981
37352
55665
64021
91340
13476
12739
21617
90105
12353
72661
30461
4971
27463
94032
32249
52337
73370
24940
32971
35778
22830
86090
7034
46414
23442
15069
65264
74657
2366
47446
64906
36170
19514
64196
19362
31818
12741
68330
29711
47357
81446
83412
78820
47907
92726
98897
58146
46115
59231
20843
96747
90583
52513
3966
47474
55235
61427
19306
82539
47996
90508
14306
99493
41995
81795
81160
30001
67789
67790
35619
11530
62365
64468
17886
54849
99460
74445
43006
27446
67925
72583
49943
3304
33635
31511
41125
90595
67911
73196
28092
78180
71542
93419
79110
83822
80033
81022
95562
77728
50348
43416
45676
35244
25010
80424
13294
24637
91599
71839
49189
82381
86960
57803
6711
27380
81765
26090
84898
90340
87520
61166
16857
89019
93488
79309
94710
20961
7834
67274
81940
21777
9040
23254
12592
5921
55960
3583
4370
69512
10976
83682
40464
29791
90874
27904
16952
75367
36384
28666
75905
75416
20935
39692
91342
43267
78102
27467
9981
47790
3883
59790
22663
76753
23820
57684
28055
73471
12479
25022
63891
23246
44471
1228
7617
70307
89698
32704
58678
9817
6863
22668
2782
57529
6924
76733
90551
26179
3446
45098
86159
9026
19805
87341
85466
25400
35843
77365
98929
19929
49879
40734
35844
72218
86451
34521
78613
74183
46410
88658
53186
40913
26972
13854
50910
63323
97846
90910
15610
61322
23023
70494
2471
65656
39507
23390
92968
76199
57086
35287
74746
80299
58348
31546
84878
22150
36959
82282
82018
47231
19171
80337
74825
47600
80241
56001
61763
32007
27066
78238
4200
71043
25261
16567
15602
57276
13050
93278
85456
13257
52136
25834
98355
55821
27282
11920
69983
10179
67699
13170
98650
29166
93094
57012
42626
80638
92081
68885
46163
84160
52020
50212
94035
92285
69487
86949
69469
42695
78652
73889
43846
12728
68113
57210
58996
19125
33094
66242
83085
7845
71389
33604
12754
15680
38950
12246
51264
73352
62632
81740
12251
4892
82039
49488
71581
90275
6888
3951
75834
99822
55619
84884
39972
46970
61567
93556
30579
59208
95280
22235
64714
92753
50374
36709
35996
46682
61721
76944
82527
48285
24619
86443
91124
24245
1099
91446
45914
76798
24926
9622
17227
94186
55468
16219
79522
15209
56854
1000
39478
61790
35076
39779
30635
16475
11220
73076
74943
535
68529
47204
91287
88842
1798
82531
48754
17535
7647
16786
8427
11016
64020
83866
49385
81990
57798
82511
9390
31383
79989
53120
24723
59829
81504
57392
84928
33043
30486
31833
67966
43008
60810
6008
81717
42743
9552
91286
80591
75042
72913
43991
77099
66990
62102
58261
25456
78543
63164
98842
38244
41193
9982
4084
82158
70225
78231
5746
29036
18348
40288
55639
41578
54387
93221
29154
53398
10730
1754
64824
93658
62840
79525
46268
31276
32647
47511
20082
56568
63739
60322
17542
74299
6631
46736
66716
82577
41840
66417
61798
5233
7551
94291
88593
7900
42710
98455
22376
40692
25318
91441
67905
19703
18852
51982
48793
38554
38224
66111
82461
83448
98931
50544
67320
28100
17740
48249
3837
2404
50424
96660
6820
80874
57365
18422
6857
74204
28865
85164
24991
23151
62335
68502
36793
90224
81855
78707
12234
37953
56357
14542
79635
5333
49153
42354
28928
11679
79877
2239
42082
12324
42926
75489
61825
42376
80223
21272
53809
89612
25634
61160
25638
76900
7046
44865
52961
13956
48995
37561
19416
53081
9246
65018
24601
6587
37104
88766
21721
51710
42712
40999
58733
94070
74517
45868
13301
24816
92039
95273
13165
97616
4177
50481
27226
91193
4549
23628
47503
13034
24803
44579
56603
26713
92996
73136
93736
44702
55972
16575
31978
66918
84190
8950
71071
34218
92441
33722
20043
39262
55851
19882
10283
61089
4954
57182
79855
24346
6483
33704
23824
21774
86791
65245
61385
206
31221
46929
46237
4716
58991
43614
66176
97335
69035
20465
94803
85084
79345
21694
40
47250
11489
54421
41805
29568
87062
6111
51109
75455
71919
34684
67550
72578
46940
70680
83783
11160
76264
82023
17563
28688
63958
11942
52067
14325
89550
25091
47881
31378
42614
31469
77105
16850
46261
55482
63907
66850
64670
12534
67521
93846
67539
52080
69677
56034
31316
45848
95946
87279
25073
28983
81689
4685
3197
22703
72447
13957
54269
56106
74405
92144
84309
67520
44525
60820
59896
14783
70873
19668
39707
18493
25734
32277
10563
15751
10643
45425
29286
52722
20839
92308
44025
36208
64708
93609
61530
80807
60708
71208
21826
46600
56947
19860
47710
35303
14930
73096
79781
50062
6141
94381
51989
74169
12277
12231
31506
12725
96552
65138
65532
56338
30501
555
57945
17420
87753
1149
86842
75473
4732
35236
58705
90677
32890
5628
29354
11235
47257
94241
39174
82453
29235
13688
94806
85691
11582
90169
79782
69306
31009
88500
60150
73575
25812
45608
16942
7414
17699
28349
81365
55336
10995
34211
49369
77707
24316
77800
44644
1247
26710
39583
28132
82244
83222
96839
2783
66327
38915
93246
79076
22601
3613
58811
35026
62550
38088
90453
58374
1745
85094
43341
12846
26578
1572
62720
94166
74232
32831
30496
53262
26685
77185
98225
27147
33347
92646
91274
49287
56270
57121
2552
74637
25702
6899
74369
85814
40514
84803
96537
37845
76185
95774
17203
55206
70823
9329
1240
61713
88587
50013
67342
97515
13812
38172
30442
71749
60210
71652
64460
47952
84839
57741
24071
88646
32222
25491
74783
50052
88498
35380
86872
85159
51868
30926
10482
84847
53691
40718
69434
42447
46698
40044
49791
85292
20598
64457
71413
43168
35461
25426
45061
95771
41545
8725
61236
90938
98986
99852
97149
9379
73442
96423
23546
46680
5331
29500
57801
41853
87287
63688
98148
84567
17483
37080
99539
39428
15142
62696
61524
51741
92113
91088
75138
67435
12472
72367
69062
43951
89342
95764
92917
98049
48150
6102
25991
15848
39371
65199
44687
89917
98397
10985
42206
30938
66515
87038
14887
67898
39122
4283
81457
50852
80063
2677
89156
26178
6156
12710
21440
79063
69403
79692
71789
35328
50190
55608
44004
72548
61596
46250
59247
11919
81419
61152
80870
73944
71807
43075
21106
35130
91315
13908
29359
14404
44686
54235
48382
852
84044
43481
55099
82101
80187
96657
31987
88589
47919
93656
31640
31190
35862
98944
24350
29587
79573
99283
68491
67892
54492
18283
70443
88776
96793
39240
19858
54183
23568
44580
24341
36860
90336
34485
63240
81931
85641
55835
53844
49688
66888
39025
58024
78798
48057
16868
49350
57350
32754
66232
95310
82429
52324
57319
77561
65567
80436
51160
21424
34931
31510
99752
47169
75094
13751
92339
35948
14766
56355
77686
39683
81550
18830
62788
13736
75441
14017
86300
24462
91584
89190
88816
81580
5411
18035
71194
53074
21587
4648
65175
52711
48158
47699
50797
53980
74061
37008
77290
10922
72888
85017
47885
57279
80229
2490
86703
70410
28646
98096
11794
64411
91129
38116
12896
67734
33459
20769
28452
44674
96697
44347
86099
64760
52437
90435
70357
41864
97891
35987
78077
4694
54881
97309
39950
68605
49354
39007
48055
38733
78156
71668
68005
93978
307
55415
96644
23707
11281
40197
27823
19486
12686
5929
85452
32485
35693
28261
56316
8340
24846
58442
17689
42088
9405
14529
35138
45533
62978
409
42170
66656
46267
69429
73344
93814
74598
66530
27661
56244
92709
95743
38468
80764
81996
31478
34365
3334
28546
41574
76064
36540
2213
8445
4587
17309
2064
99125
17459
64301
55674
56882
19254
65426
88876
35391
25523
16495
49109
42749
27082
88067
92991
64546
48539
98789
21111
77523
71269
50932
90712
15301
73324
2083
62450
32325
52877
45545
97983
57650
51217
57355
56016
96664
35239
33091
55196
38636
96071
97273
81712
10011
58527
65528
40926
34687
90387
87863
5828
95413
3444
39813
19742
87784
80928
10568
32135
98895
32109
68665
12350
9823
54831
19687
59043
91120
48311
37949
21280
47822
50997
91380
4269
35169
3785
59503
37401
2233
51847
87524
72434
95049
8435
18535
49458
75975
67023
59121
42295
2038
31960
23287
78214
29218
22127
92612
30636
62384
45788
42819
62089
41040
12345
42
32528
69897
46453
99148
10265
93102
17092
86578
34106
73051
34290
891
50856
59842
53562
15368
15409
71863
90306
19931
88244
64479
45338
79223
74177
60465
79048
78164
6252
46275
18388
31044
41905
46791
31847
35909
22762
92116
5610
15291
33512
84352
24902
83172
96766
21208
97871
30380
51543
97484
29389
93768
75262
2886
80490
74016
42558
33555
23457
91704
79870
87216
94460
56641
90484
60787
53889
47681
22156
57717
34037
45789
69297
72967
4077
32957
10852
86162
3025
9971
76122
31232
90930
41566
38763
71486
79475
75575
43569
63753
7206
43950
49082
87041
75243
85211
74858
87201
20972
26612
61192
5877
1179
60104
45071
16843
16877
6259
80385
70735
82191
76732
13511
2209
82856
1504
88128
10860
94904
69782
25150
14338
97213
99887
1481
5912
45561
39245
45082
40409
51255
38507
72584
16502
66070
54604
79228
38845
50614
60418
74028
95400
50249
41698
55303
61609
96583
43109
40501
75851
13863
10300
8385
7245
96326
48654
22853
78104
51553
89086
7393
69279
44869
73641
89981
2891
51077
36553
70513
2459
2693
76604
37349
71609
9108
59886
92723
97356
18076
22101
66295
30739
96908
1370
41237
7747
61784
17351
90746
85329
16060
39700
55455
61271
91494
11788
8711
99509
52240
55338
76936
13666
56598
67859
60164
53789
18029
89721
52375
20047
20190
87497
52980
50777
41067
20473
88495
18647
40432
33093
77793
66877
81953
8200
97691
80552
2572
55025
91810
77319
96629
57519
23299
66546
25391
11080
11302
29737
26864
65470
65113
16360
44982
42687
53508
74919
2357
84893
68513
10008
87036
40507
3228
20227
96482
57506
78998
76654
67827
64813
23323
30446
63024
81634
66486
34195
8013
1729
41415
66316
88425
69852
53768
38134
37366
43516
70499
66503
45314
37572
86167
45806
86586
26031
95710
17079
3184
33523
80136
98377
56811
74416
91267
38954
35834
66722
47494
2167
56789
28330
35785
22591
40638
16963
90969
46125
70820
32483
74592
27817
53948
60182
26909
49051
4481
43300
98715
47818
57296
90965
24882
92194
66158
93803
56458
37010
79126
98128
73698
60307
74707
66510
39138
18532
99597
25368
26734
7803
86772
73554
64727
74974
46116
407
85277
60897
45483
8114
24239
4609
62374
68279
75893
19642
3787
12158
31657
85765
93252
51521
98625
92403
31926
41825
72617
34617
86605
70978
29735
35343
65759
18197
30818
62901
95572
63124
68261
4994
34917
99983
81587
94964
90507
8623
93000
46156
44725
57175
4905
57596
59841
81172
33798
12594
33863
33923
80685
56250
65597
51154
67328
72488
30895
90621
61849
30333
30518
66403
22272
44548
74060
3270
25230
5790
43105
73966
93630
74172
34080
12087
6834
42784
28387
33535
52177
98001
7921
96184
4525
26880
52881
12270
99919
23698
28237
71817
61327
8062
57913
8464
83935
70857
13570
83930
41028
71023
63672
53527
82616
10877
50849
37969
3780
25479
29691
85129
15237
25590
47365
11004
19676
21327
25233
93706
62733
9253
3984
18996
44169
17583
17188
23835
96352
1176
98913
34594
7931
30971
52099
72465
34308
98147
54075
49550
24467
57628
39266
22502
89638
66959
26109
9292
9727
43047
57895
49404
46202
4261
28489
32775
89106
81899
55075
61132
44436
73790
78184
16636
11373
78178
50919
84165
49075
74046
64003
3955
17712
8980
86895
15075
28741
66305
34063
63738
47871
42832
74357
91341
83092
83055
75306
68440
16418
85720
97977
78889
41533
87321
22883
17548
36035
34469
72079
44162
601
98979
92349
51176
54178
56925
86571
42963
3574
93126
6579
94543
47839
24681
78911
52599
77886
25213
35003
91542
34150
61582
74129
76805
75239
43187
56154
52425
34604
79530
11890
34989
86317
74410
50054
81223
63871
3680
8204
69042
88891
95957
71947
38442
77703
36001
67364
12417
9127
87715
63168
47833
54688
2653
22598
33777
79114
73962
89396
29862
77877
86389
16422
94947
49866
58928
55799
27927
75159
85965
851
4347
17274
87521
66872
8541
26559
41985
15776
80886
18524
9631
48733
77733
29803
32340
2619
70392
15284
41434
88074
55569
72235
97454
54870
91
36293
25965
41773
13241
93148
87598
71798
17933
14659
57724
47293
83102
6218
94136
72545
95750
44988
69496
85523
24072
86537
93185
31062
52532
68382
2387
60025
33292
50183
15982
3806
49469
37890
55109
81812
59991
59195
15030
6615
59412
24153
89937
78550
59719
9606
26161
76830
31203
77954
60273
4260
82370
60035
3149
95861
63709
53641
73657
80394
82051
77282
87679
25158
99676
65516
70223
13445
74853
25567
77094
91276
80903
70159
2494
7109
39569
61859
3567
77565
53214
27369
69556
37834
98819
716
76815
1491
24814
24569
34434
15242
18841
91968
6521
68311
37554
42492
93314
56375
88829
98441
67039
10565
73578
81017
53613
67468
31596
20323
95158
45743
25790
68319
51056
27107
6566
14005
58145
96807
67417
34943
47275
50883
53989
87531
16859
76489
80005
7570
49939
33770
43510
85984
34567
956
35442
77770
55906
72950
38207
33048
84852
4382
91255
3896
15150
31771
56549
41715
81656
48336
51669
59511
70681
7006
75245
39403
47864
84435
56582
22942
1319
9521
19344
27304
92065
54112
20973
37098
17192
20882
96763
70841
52248
368
68650
33360
11224
85366
82178
12737
21003
91466
48494
54574
4408
78223
72824
18134
99607
89731
39444
27745
19775
61738
41569
69648
86616
17809
42223
38593
45981
9936
68913
14587
13290
37250
84402
67324
35353
46517
86235
69953
45861
23478
7893
7785
56021
80729
60985
2986
12555
98994
91164
30219
91162
71072
28078
36141
41781
15241
37658
9394
89933
24869
39767
11522
92018
37300
64059
49995
68608
10723
5849
62496
62964
62935
11899
84985
73486
64531
50491
72539
89969
83442
18616
2402
64966
10903
72503
76998
34958
21915
61075
95990
85870
1950
97743
86047
92197
56921
71024
5880
22166
66384
93856
7150
45192
46564
60610
84547
86103
22456
14145
89255
28736
93456
46433
45708
26952
70144
18366
17280
87974
93257
40968
17382
90312
2218
6329
7859
82446
9610
30947
51629
8251
92467
2080
36235
17020
93562
5463
71886
72665
11765
9656
29214
79828
20205
13930
65811
75424
44445
68178
53880
55867
82857
9308
86370
64142
51220
738
72410
21399
3175
57393
75470
79667
91297
28621
904
66376
8265
23435
90569
38488
58873
53353
5947
71621
33833
7356
78140
97472
91268
57170
88600
47092
51177
38814
72884
78273
70648
64015
61363
1685
65337
92198
5797
31600
70071
42940
92966
40965
64973
56805
32530
11521
33890
16579
77405
58436
22254
80900
26001
11808
75180
49701
88763
66522
38038
13042
43487
24198
83807
57358
56243
97719
29414
37754
94208
40005
96799
56171
46776
40009
92746
62998
55784
77604
29966
71027
79618
95828
42212
61410
27415
1217
9920
97596
51898
74836
56703
6515
83154
58763
28530
81782
94912
42022
72724
73534
30596
64716
69211
65238
92121
54434
2888
4338
63888
52693
96038
56159
83116
23978
3101
60517
44903
70804
20317
66653
45950
99558
64640
78482
77511
53646
94469
93540
9626
35818
5412
24318
98210
11000
88527
22970
81925
20870
47612
78023
72565
8373
86067
60230
20110
2030
92815
81648
29224
48874
76038
60291
74355
8562
66339
71371
65515
73039
79567
90633
31793
5905
58829
91715
66925
97363
14262
47540
968
37491
58658
74003
68139
93142
31955
64909
78904
58575
59559
6570
43826
33786
20212
77361
67593
25086
36628
28441
78557
72435
48074
73514
5435
72014
1845
28417
25409
9424
86554
33372
55824
96794
73651
86324
8182
86704
67503
34351
63686
52700
87033
16846
24317
70132
42473
64691
55622
41901
44303
75132
10241
14263
14759
88751
87851
42706
39917
8876
40568
17946
78004
27468
98630
7703
21474
82831
38023
27154
12985
59094
14673
53091
94150
52845
7431
35002
8577
82861
67976
94567
32534
70310
76665
60881
45320
70318
39147
76892
56830
66034
16788
48772
16154
75437
10654
74927
13839
46768
91448
36209
18740
7429
84737
13005
2872
3551
10421
25360
16783
6624
98776
57587
49407
894
77332
16209
66449
71159
35740
81332
81460
45671
19899
46479
68085
67544
51464
23832
86225
79316
94244
74893
78196
37718
13318
32955
53781
75109
80639
26273
85961
78545
77534
31767
34118
16363
75235
95892
18268
77025
80533
61590
27974
85120
4213
55776
9870
65287
89444
54247
93650
2569
44250
91865
95836
59279
37611
16462
81212
9510
19446
54363
12858
61711
81947
38459
41460
97444
917
48018
69873
6704
57260
50561
53067
80997
70090
57283
74947
45154
94747
42575
18432
69571
90492
87079
45641
63593
39432
31816
24781
73810
32795
90588
47781
7601
88037
26496
71468
62508
64568
91963
78915
57480
35920
51026
12506
46184
4622
25807
76945
20003
17582
85005
76215
73114
27881
21181
80703
85810
23011
30017
72736
10026
41032
57776
76034
42512
3826
16186
2845
64102
32985
11753
58001
87480
16769
26170
77650
62023
43747
80672
98461
2248
43263
78782
69055
24339
91463
54503
34491
87055
26873
44945
80423
70540
85575
8691
93834
4593
8689
21541
89733
13895
33649
7400
91103
78430
16013
88461
12071
65248
18628
48453
8712
81003
16428
25144
18226
170
63506
59013
20951
91930
50495
43451
85111
24379
16909
4464
13219
16316
95042
7901
60754
17926
42315
94828
69374
83326
77042
42914
77643
13732
62914
11888
62088
1532
4452
25581
41439
37784
18051
78973
39757
23337
37306
65403
83620
58775
32729
14354
97166
2093
67307
45326
47081
27146
4247
66767
65865
14910
99376
48522
21191
46436
35469
75700
65992
38300
80454
4886
44104
81698
79869
94226
48101
57388
38310
71223
7704
61570
72058
38921
21422
96325
28962
64067
67797
55998
44620
35473
41925
20601
27480
1488
56622
92350
87709
84087
10813
91489
36156
18547
60968
74063
12521
35728
48321
25478
67510
20345
66283
42656
57851
7473
63982
26476
27190
737
1465
24023
97547
8749
89632
61861
47852
6377
69022
25569
60644
60141
83257
824
30722
47162
29489
64797
72610
99295
28894
61453
27886
19554
71931
74528
52826
18594
87229
30027
54122
14533
34934
17888
75943
11051
43553
89293
90768
58543
96761
78793
92439
5144
96031
96879
11394
27694
65740
49753
18411
58578
10772
36023
44209
9092
84389
79237
90299
2629
2883
22325
38513
12329
41669
62886
4384
12442
10720
97138
8374
35418
68248
8276
61496
47097
62533
20911
30250
21344
74103
43021
46539
35564
41792
52526
62525
75084
70158
61493
59583
51361
299
23464
8818
43520
65824
3986
51174
29511
67387
17286
72257
40372
54867
34976
73032
91149
94982
19360
54674
45975
87180
51254
79711
79328
70967
23238
24779
57505
26958
90610
90774
10306
73927
51192
40477
25701
74261
59517
2170
3340
79948
78396
512
68259
94478
37231
59157
96800
15885
85676
96207
86471
89967
25272
4753
28631
84441
94766
54631
27604
42013
49572
42432
35064
78407
62600
81916
67041
16261
32345
38228
97447
67316
96163
33005
34662
54197
57124
96115
27580
87565
97248
36917
37916
58984
31035
72936
85055
73619
69088
99606
40498
74687
13928
30361
51340
60405
5559
13498
74818
89673
68140
42527
69715
82040
84818
43264
91758
91793
37102
58507
47220
64136
32334
65779
64058
94802
33857
36789
1651
76035
90294
65847
45366
81646
26661
73402
95433
48944
24064
17292
84406
72580
76037
26025
76977
67799
43473
92499
77140
18141
79581
17769
51324
86281
19404
86018
18384
37615
57449
8353
67302
70932
68537
61325
63413
79700
49553
42252
75139
37732
31859
85367
79723
68030
88462
66075
46598
81913
57600
62739
16736
51726
6833
74833
4027
4789
89918
46569
41198
36187
92878
30276
14916
59836
8039
93805
84534
46131
52041
57193
26382
65274
72467
7758
63868
80567
37494
97082
99426
23392
57925
90353
30720
33806
85728
71852
65406
18260
79624
27255
51913
33754
9608
73141
41911
91011
81227
95549
65114
57362
98641
24385
23806
881
2851
90908
24134
61168
53135
48584
95463
65887
82871
19178
13947
68406
86291
73204
35827
72249
68348
39389
75110
12402
67422
35352
15199
52029
29714
69448
79739
8111
6660
6331
86334
55911
63585
30210
79602
52487
16158
70838
94645
59134
723
87320
2797
75461
83310
93127
54433
55612
65710
71422
44637
50875
17859
8478
14530
57151
98308
43669
66103
82999
75694
98633
26213
76451
895
67639
92640
33261
22741
29188
91070
69339
55789
11585
23018
59023
98990
90444
38137
29818
39099
4917
42435
97156
86284
63297
25747
14686
57261
95707
7214
19478
31309
87296
23872
30595
10582
87703
56512
7580
79461
45995
54006
75329
11905
85372
85624
13870
33679
34880
44708
1476
69229
94482
69651
79585
64393
51248
2053
68062
95689
81499
19104
78523
2730
69437
78541
36852
48745
94941
36075
42540
92607
82775
26390
8426
46067
85943
80617
77846
36501
6939
60910
46941
76555
74427
32474
95232
22994
27629
78154
42029
65159
62495
96838
37667
674
7209
37655
17750
66801
92882
64537
12989
66580
55343
68673
58309
5025
14130
65315
17723
77395
69447
9923
69255
96751
50157
86460
16436
14493
78988
64557
77601
99077
64628
77052
91800
38026
22528
78017
40148
69576
2774
81665
37573
53030
61459
36936
48917
32085
57758
48468
49770
62112
8244
36645
26349
82799
36246
48305
34921
15726
8284
57668
19762
54779
23522
24013
22110
45655
12279
14140
70959
74851
63011
51006
13924
18011
76937
89245
50869
88590
1028
10039
54614
61378
6362
7981
88825
46759
64466
16643
52312
84703
22961
39550
5201
92657
17808
71409
3781
13977
87267
66814
71448
74816
36618
59501
10882
10062
73326
25667
77690
10705
41431
95616
2123
65358
44125
21423
83156
35511
50671
79296
1693
91535
79467
21952
77621
1922
58948
20982
22569
55689
39837
42567
33193
39867
38351
41926
29552
75628
69070
20919
51508
78467
854
27394
39821
34111
97673
87868
12331
42608
68860
44688
90302
62570
54856
14058
42248
72686
14660
91920
64879
76101
97460
84492
89574
36811
4060
84038
93022
73412
76997
20752
31553
15980
81760
99014
61302
92610
11825
79459
14932
67773
20981
83319
50256
93813
21131
24164
4735
74864
23630
34453
54224
29542
37293
94921
23226
76253
52058
80098
77851
21497
16423
46051
95061
43046
41208
16420
18560
19426
80034
61419
98729
85487
72178
53484
83088
93586
75393
5360
24748
63737
40907
94465
13544
50026
27340
38694
79388
24576
943
12017
28584
98388
62719
67118
95300
21046
62741
17972
34294
35458
86127
28202
38462
12294
16967
7816
6064
11816
27063
93137
16628
65863
61780
74897
31486
10964
73521
5348
53257
59895
14457
93405
46649
98450
48920
18030
66651
59691
85674
40710
72781
47302
51779
76914
41892
36522
70117
84459
58162
28833
61444
52937
69095
22586
38714
33021
48635
88830
22115
17453
13321
1190
27800
52461
23891
65016
34027
49243
64170
53475
67083
56576
65198
48744
65484
9385
68744
50377
40632
63428
5999
41420
57152
73785
93467
14802
7423
98559
26665
40917
90558
92893
15450
29099
89011
31664
24835
6929
93701
22264
92569
22105
3956
79557
62794
7639
80506
71983
97702
6640
57639
11451
86951
67263
61420
49144
56852
90418
9340
62067
74973
72943
53102
65871
1314
10799
71082
54268
49305
88471
18047
54213
88140
13493
21190
35591
1741
50402
31954
33291
39300
87522
41046
1056
14941
73904
1338
72731
99912
18685
52167
59385
53021
35134
92867
68235
26015
21331
69527
92725
7335
28495
37267
56323
58568
58792
23852
58594
13060
43119
38279
57790
43773
1597
60455
62430
26816
51225
12142
52843
40598
96059
10806
48697
27602
62795
49917
3394
64667
78521
13270
65748
82431
21838
95740
48957
28805
15379
9185
20183
90953
6447
39005
23453
63535
7080
42639
41688
51371
76234
21989
76387
11627
20055
91357
92221
83238
14099
58198
54100
84429
32273
45859
59729
37427
99156
68039
79785
73728
97222
49773
58037
53937
51070
17613
37016
1758
23814
37763
6744
1531
63628
4530
34974
75600
32518
52733
84489
95174
28188
71289
32456
7323
94031
18798
55631
57443
79097
245
92831
18056
78941
51796
4951
59294
73763
60355
86433
27193
42340
49768
49763
13070
57916
82367
60215
66389
61691
6333
30346
98757
5796
22086
34309
12984
51931
8366
42427
51297
94066
4070
27159
26338
48091
16727
85634
93093
36370
68794
56675
80367
7469
55626
36804
14447
32117
74770
32659
68417
71552
76505
62910
20700
4983
31211
96143
33370
34154
71184
78353
5207
24933
9883
59015
13840
78593
38084
15130
90638
4105
58398
45136
81771
96915
67293
12009
13749
35022
35206
1837
76093
24731
68999
42247
83328
63257
20461
65725
58837
25836
83550
96088
79214
54335
89345
53106
23912
69039
78028
24596
49668
47613
46296
62390
42188
5612
26045
92688
36533
70561
69706
10125
45059
68400
61347
99393
71899
79088
21724
85784
74239
62284
14250
12578
74980
77384
75305
88469
16676
80263
26547
54756
1111
93946
60895
89025
69610
9034
745
36299
66966
45344
59795
99434
78450
69632
27032
2550
70827
73583
38271
77958
56607
10065
79899
75479
96499
87253
47430
41948
72679
23924
22138
88187
95114
7722
9149
5983
56190
62016
1626
5402
76417
93933
31286
27656
86733
34212
70295
96698
89958
8885
69911
66769
3824
51850
54560
98475
87660
28920
52875
82506
55661
92287
58284
27901
35939
51606
79184
84397
87987
71779
61922
26150
93988
355
51530
95286
1968
60474
10701
11969
71670
84733
61452
72722
46953
18988
93684
92425
19319
2194
43023
20584
5381
51594
98271
71594
67479
19885
70570
57142
35970
93632
82315
30453
93260
43940
97366
61648
38974
11225
84456
15274
57292
22935
90249
19733
97258
69192
4711
49342
78423
99841
40078
57630
80045
94956
20509
60585
28545
67227
90481
7563
849
16240
61355
74719
26013
986
74964
63698
3332
98855
19341
72892
27635
85180
22109
65807
57057
75210
58589
62524
56621
21533
81020
60197
37764
32777
83897
90777
99769
33500
88494
18462
41469
58123
26261
40947
82313
55709
4749
24383
84506
98764
12254
37105
38524
63286
40903
25322
20851
66097
15052
48214
15181
68344
40796
4227
55438
29842
48628
67863
99192
4589
48818
93767
38285
13393
66586
37917
52161
37920
31949
19853
65011
10530
81777
5681
21629
57959
46573
24059
7131
86136
8059
44496
50688
47259
65823
84377
47618
85993
39323
55595
43916
71769
67507
13004
92542
25605
1542
94221
8948
11855
34769
4957
96336
27638
91029
31779
36483
8933
74120
80514
22964
53010
84848
54801
87525
11056
81803
52055
76842
28855
32668
89587
49084
78383
11472
18286
82390
57100
43223
31585
64639
62055
55139
98162
55879
98079
5835
87461
5827
31938
89344
98135
75266
52660
52476
92195
1713
21246
99223
31923
8359
51227
35079
66146
4401
45100
8102
93982
34863
52841
91378
58022
9290
56356
21671
5388
7732
60770
51294
67613
84199
91071
12734
32160
20705
39128
20744
73221
16512
42495
65967
33983
97011
70397
2434
43394
60334
32849
96602
95047
36779
86454
46416
34130
91347
56024
89066
60196
57701
76085
74611
81783
52033
40673
76663
50763
10794
75869
61904
89184
91165
92490
11404
69741
89768
2708
63618
1600
55992
68492
97235
45421
96125
28074
7307
33293
22111
73861
93790
43283
91954
13213
40559
87727
72020
72591
37324
86954
69784
78286
19542
49043
30197
30862
69406
36590
67259
34378
44983
94252
97284
17345
46572
75753
49276
11799
57144
50446
59438
43127
54162
21365
80987
66736
28765
14438
37419
49530
72380
31307
91523
80301
41796
75152
46650
53784
22416
12621
54926
36260
98593
1313
38791
77522
65734
25705
38176
36555
73379
34464
21091
17366
45781
31041
84384
85944
27002
61239
62399
92180
51249
27818
89715
4486
61052
12583
75799
57063
2595
98027
72749
43853
53426
96434
75850
2680
15732
40355
18401
25841
47376
80173
67922
73268
85330
18710
26848
47742
26662
39684
94936
59225
50806
47660
42400
20544
86490
9459
21027
38158
56289
81060
35414
34374
71926
15089
57933
83341
45510
97648
1939
44964
66964
34352
47324
27248
34500
15401
90892
69783
42795
97963
62157
23968
67502
84525
11381
80609
84240
9374
17525
43255
25151
99709
63073
48652
57008
55005
65554
71299
12968
7113
12224
65307
20182
50951
56006
54167
52282
25404
20571
49914
99364
89159
65443
80128
81114
6612
42673
6545
85123
8290
69939
12384
91474
12198
22411
40566
46527
32565
86208
25461
37340
12349
72491
78979
41314
60572
43844
36541
98354
35378
37915
35060
17710
43299
31730
4152
95290
55003
46105
58926
51190
13905
78228
83845
70114
63840
56167
43536
74428
86730
83267
52657
37025
88351
32503
99970
36455
28779
32854
12113
13441
26251
6436
95688
80496
46963
76115
97093
93639
89902
68119
11592
78813
8493
76436
15405
57244
16714
53580
99475
56686
23975
8659
29911
15665
5134
81849
53006
25904
15809
11132
34885
28262
53258
71745
67742
99417
95966
82166
81789
55869
29471
98505
25721
82162
73119
76398
35819
73270
51811
82905
96196
9563
215
93060
68900
77247
60919
87674
37146
90739
39108
71608
53293
22123
74375
13750
38766
20858
16314
56643
57074
25694
90845
7633
41635
84900
93195
23570
59878
26766
43594
20905
96495
37053
78712
63918
82915
25092
75562
37134
30254
59486
52924
3484
29181
40307
75278
1732
86280
99377
50884
11684
23296
78578
87238
90821
62997
1096
14564
58043
76439
34348
42269
43810
10899
37442
42438
25441
96585
79026
98752
22079
20917
37717
64577
19991
76178
22023
5239
32096
175
88171
38191
42905
86601
78226
29323
43729
82310
29074
93608
25328
21503
40255
54225
46944
74507
4120
52022
53470
11934
61402
80753
25731
23903
49757
90128
13730
91933
38353
33608
63293
91913
62398
54572
33125
3619
62953
51833
68514
26975
52076
84146
65427
83603
76740
25557
82077
57160
2309
84820
35059
24060
44846
70779
22260
67644
44856
75571
88124
45431
19342
66589
94082
56182
87575
52175
45124
49212
20217
76844
62555
5304
61163
44390
89956
76189
35762
92696
29822
49437
60899
32430
90615
98877
56035
98817
49415
92474
22824
86939
96567
12080
16745
41299
91549
62784
67531
58692
85569
52516
95756
66816
52788
88156
78744
69291
4145
63392
87100
81073
97013
75862
26091
46871
43173
70522
19757
62856
99690
65135
53931
70128
76063
4296
30069
55712
32881
37359
36228
59490
13676
53553
78020
89498
7710
6584
31254
88605
75858
35424
28223
93184
51280
69940
84401
85567
50900
8746
64398
41060
76099
22700
89298
31554
11791
70257
48992
96000
70288
24105
14990
34266
41604
21698
50354
84462
32219
35850
42428
31487
99910
76679
60358
73434
13655
43464
34835
37471
68756
17534
74771
36843
89463
98200
73134
88258
77699
97175
93423
14691
12269
62296
71355
68593
73415
31368
27968
23245
93848
58927
41503
57075
79851
82796
56834
63295
38675
7745
69719
94214
97094
60535
18347
76544
28524
82058
32536
56654
86474
1104
47337
51041
74545
52364
5768
94182
48704
63818
33899
67137
32994
82945
61681
70579
47645
47255
29279
6379
83988
6731
95563
99582
99675
17370
4931
23098
48933
95223
87215
15189
70755
55734
29267
55349
40480
69476
60876
16831
80882
65229
81380
5691
9882
85812
25496
33146
73493
37323
49430
68733
83202
42073
7642
94910
1959
13199
90307
53913
17941
40547
78724
41241
12497
62471
77581
99059
82278
90381
7419
35294
36946
69700
43408
4434
70381
99584
94257
61435
97960
15830
20373
63670
61812
30557
36631
72934
53191
44348
69156
80725
63312
33268
69252
59187
70177
8823
93146
47887
59609
82550
24040
61349
41220
35543
58119
72208
88732
67996
43739
30130
74600
29240
69788
92622
65724
25535
57777
25814
94740
8565
13526
44058
27584
53883
5775
27024
498
57435
1578
92489
63913
68388
37768
71420
79208
75867
55924
14925
49897
67794
97277
40511
40807
31685
7565
32906
58656
49784
88316
62165
80652
79939
41021
83289
30783
6072
85296
13189
43369
99420
70302
54596
26922
60124
78191
29728
50534
79876
42054
19200
78205
81246
91591
27708
49496
7189
62330
82977
29934
60647
18135
64087
66092
34956
39313
79803
46797
60769
48569
76552
19242
44145
4332
25653
6347
6435
83576
23929
21252
3266
51598
56648
72359
50691
9821
24204
24222
76118
15412
13557
65104
45614
219
37529
90537
54745
47786
39946
38608
47533
32339
260
56520
9479
33888
82714
97459
17422
1571
82002
35088
4569
77689
58002
30322
37163
55031
29703
90989
47436
9782
90166
41352
31888
35931
54996
29046
63852
1763
30928
74706
95887
44562
46960
69325
35636
5863
37493
10859
48867
86426
38599
12291
28316
99529
85144
90045
17289
78168
76482
97464
6634
81829
77074
66118
13940
1856
64523
50419
5158
5969
91756
95781
40830
65031
56941
58757
90747
28798
99602
41782
55057
78512
47637
5037
56706
84648
84716
58103
74152
66844
88057
41191
7592
36214
69036
90177
82704
55395
52387
10437
89415
6755
17164
11061
57147
70799
59014
81250
79335
68688
44074
12290
21343
85194
69957
25799
64863
85070
31415
77473
98319
12147
83702
4647
2282
71596
60586
17643
92432
21009
18708
96025
70281
90291
72851
13227
68301
23660
26198
78531
67085
77112
14007
58352
12430
96509
99213
90553
31854
52580
22717
21910
42144
99484
20171
4119
90770
19986
2294
31840
68425
9033
60995
80139
94925
32418
30345
1649
78074
22955
95626
18803
47500
78992
17612
28528
82668
35344
6504
7223
55706
38948
46880
3823
8007
25346
52794
90382
37308
64434
66110
16389
53847
88539
39876
82581
85125
83103
62346
16226
89494
83458
55748
92047
13764
82492
18007
84942
42732
68979
92915
49974
51120
61430
7919
20528
72262
71370
94819
97735
54054
9670
66177
4679
45215
98218
30950
43632
28347
53315
40887
95084
23564
92492
78414
41399
14813
61828
87460
18669
47516
18438
44980
4574
71066
97733
90199
98018
59551
4232
12432
17479
97124
70673
67405
78097
53500
46623
66836
26908
54513
58163
33937
14923
44401
3524
35121
6413
38108
76595
45321
96784
5223
81467
63468
72168
71212
29366
45855
17016
3934
80077
85737
36527
92042
61577
20592
93674
22328
48594
63
72630
84782
61981
51879
92141
48909
37614
69973
54466
72748
95532
55739
44574
57592
42757
91022
56571
52831
42332
65255
74452
58408
9638
37644
44657
53586
51216
93038
91708
45152
65465
66571
71545
45080
44613
7051
44451
73727
26595
80952
82129
75087
4934
28592
59815
33019
48510
40182
53072
66413
80497
84886
95672
63861
32938
3538
7665
50025
99358
3434
74539
61495
32182
98179
8843
76688
67139
75837
50253
15424
89839
22406
78788
38254
60399
95711
54092
69134
32124
26461
65312
66289
62086
14888
89383
91742
86896
29070
16697
58755
50231
95618
97037
28480
49184
95746
12364
89295
69492
76431
34148
79428
13028
33825
79611
60019
79147
49882
80665
44741
14033
65844
11427
14417
85412
73399
31083
38734
95384
26591
3112
59017
25397
42187
36449
30319
49366
19965
9121
80252
25686
46447
55603
30952
88055
4968
45594
91581
7408
79062
41810
8167
60999
1097
482
51506
80152
11341
40543
21731
11629
64309
93058
30312
18891
10890
63095
50535
15145
65483
71
20057
48989
89022
86216
37445
16777
70472
21971
39538
30292
91495
5112
36341
47551
65076
25140
96376
57986
61356
50037
6895
58257
73648
838
80167
17579
29136
50202
80522
85043
98136
57961
28851
56670
8123
71435
6357
4860
30192
37803
2593
29513
21940
34711
91836
87115
86405
54709
78416
4303
10051
37251
18319
63775
57204
514
49314
93361
67576
1800
18274
92179
40899
2951
28152
28870
64675
3535
35510
37876
17733
3596
60707
18345
77835
42441
86590
13388
31547
529
47339
29322
66732
14205
74246
21946
53469
40326
78440
67602
13513
98773
88716
37683
28422
41725
62436
76140
200
83970
37350
48281
25045
82543
45156
20542
44907
9164
57179
57966
65663
16645
70137
63727
6577
89542
44305
52378
17853
37149
50082
93381
78449
80464
38836
82034
32403
77619
34799
34052
993
94198
23377
70227
53990
61793
64918
18943
51654
61959
57624
68290
15467
93902
68154
20733
6670
31992
2342
4115
82371
26393
80908
52373
8208
19005
91090
19470
95606
22551
3875
69466
79421
49016
40389
21992
89361
82647
29472
66293
87616
22006
21942
45283
393
3207
17526
42618
68783
28128
348
36701
74473
99387
48680
42128
83119
71736
92074
81908
93942
79905
34572
67108
82329
59402
48201
19354
68481
683
57666
26747
5660
25206
10399
6497
73104
50239
42731
28457
99679
63690
85973
39288
73319
14822
95257
45472
92828
58655
19524
16026
89380
74401
94820
60242
1847
53892
25878
41148
60497
39172
36159
74091
69976
54976
18611
91421
54358
21635
88458
20456
14497
90888
94535
1525
34493
27443
16085
3646
21290
1710
51751
95022
36461
54147
82968
97147
29480
3649
50977
46162
3459
78216
4001
25674
35440
26439
57181
51239
27028
65809
98795
62598
56235
71657
2576
45239
16917
68121
74812
97271
24881
28341
27300
64563
71865
49206
32324
76800
24829
82964
48295
44403
30162
49060
19177
56256
85614
43789
65891
74827
27475
16229
37591
24000
21341
82205
44132
84323
30147
7719
9895
67824
44221
18367
95729
83273
34651
42403
29690
21182
52610
168
1984
76343
77562
77097
84281
12022
36454
5510
84009
58750
96542
44046
99734
34121
7284
74077
90008
41627
15278
36431
71193
96786
10655
85300
82610
8795
70713
32287
94030
79257
40941
77118
4728
19936
69823
43657
18063
70339
95253
72478
9566
4620
86759
75405
72862
92085
55184
54528
9627
44091
8935
65050
6159
33632
94933
48478
31538
17955
81718
5866
42272
96174
90605
13332
44698
82190
52578
74594
18513
51777
18750
58125
18003
27810
50574
90181
71154
51316
83296
1920
4091
39545
3021
22580
958
6147
37322
73908
23540
22277
7255
77481
79053
19129
47911
16450
77159
23762
99916
2890
33741
61188
46810
90069
13964
75039
87284
86021
40739
31907
7454
74906
77539
46455
86622
34985
5359
34947
82210
27355
54070
82354
78334
78634
13572
42956
50139
24937
90827
19389
6103
18857
83561
23509
50200
94016
20220
21837
58616
81247
54362
72220
41425
77628
5818
82156
45260
59214
18565
64755
23861
29844
69378
80498
35369
36052
29650
63879
51234
11880
5591
96357
68739
77321
53568
72850
28456
32070
59698
99045
82046
87192
32180
67297
56144
65742
81096
82423
44993
57236
7994
25599
68354
10798
99443
46926
59368
94076
65124
76579
81804
56860
68158
30398
27587
23609
68016
27622
91156
4764
26196
3018
90127
22738
60435
57129
87317
93638
16169
720
84909
54714
22859
19409
39186
86912
5502
35769
95799
90678
63012
62903
11024
57148
47303
1705
67065
62074
46490
93264
36321
1706
1320
76361
78233
64532
17829
40310
82288
84668
74094
88924
49380
429
59509
6065
65495
91067
6070
77549
78457
18178
2380
63081
49610
34870
10776
33112
73689
53777
98130
90215
46984
69446
26448
47939
61673
54648
45137
81625
22467
60793
50192
89571
13990
56281
17748
19483
61314
61804
88913
76217
34696
17674
21198
51328
99814
27852
72805
28178
79752
51778
61522
99727
75552
71732
80181
74222
21285
51377
53617
31166
70188
43107
60683
3593
33773
50327
286
94695
90192
71637
36394
76681
92944
81372
61803
85393
23788
62659
28410
48155
76976
57517
83397
13893
5433
11859
58206
26185
21602
80576
85040
32048
71965
68798
86677
78166
32130
92415
20305
12020
88071
62207
65421
98865
54078
23476
12897
48563
28359
91197
9597
80313
56589
79427
80003
4919
11928
7370
37905
21606
10398
53706
11032
47639
90179
9766
2370
11926
93914
26263
15768
68987
63145
80554
5995
95126
55791
10905
67051
85214
5676
60943
48836
98943
11671
12144
71326
66985
30068
51226
54879
91330
6674
6323
24884
13062
14810
10893
78013
75949
98993
51849
12847
20068
38028
55616
2450
23315
91757
1411
75211
22745
87780
32102
71093
55919
12736
6245
27076
56226
61123
41678
91753
58689
54160
11747
11981
49653
1672
4699
74890
66273
99309
70222
27305
80693
96431
86360
45144
61659
58939
3947
32254
5645
10665
66472
13842
42079
71674
66774
16635
38130
92488
47217
44340
14186
26882
53459
6204
1770
44334
13627
62252
53853
28446
99009
85630
99352
58554
14699
66737
53202
42680
64693
69318
90949
13223
89142
2193
18182
26511
39598
46335
44317
89424
62797
40857
50917
27788
81271
41750
94311
86485
25589
70773
92184
74996
13435
93179
63000
89435
7749
61216
5010
22354
3007
45656
63943
87489
81888
20394
23322
75691
58988
22938
57167
84433
94325
34925
11275
66527
49106
13130
44543
74683
1900
44677
50125
18310
73123
55614
93223
83035
80156
75365
10862
40577
96042
18730
89515
39321
83637
31087
65001
21830
34486
75946
56532
8802
27417
30870
93538
48287
83719
58317
20021
35040
29775
98992
12864
77204
3599
42805
57752
46985
56493
95345
60279
39535
88180
82837
25620
4765
76994
74298
57537
99641
66415
87512
24389
64454
65025
66013
99010
17176
21129
75499
89648
98442
53274
25664
51043
44345
68329
58998
42322
90850
11557
1345
91690
73587
87249
29598
53157
21288
34439
23462
90683
9016
707
3711
86675
43529
2077
5638
20517
22536
49251
90408
83816
78815
57638
69622
96395
14331
71398
1002
21127
69249
72974
86543
70874
21398
49761
68124
32200
19808
20482
48194
83916
28479
77409
56274
40870
71876
2255
96134
1687
20722
40027
54146
39294
86502
35063
64757
37697
27387
82791
87231
24866
91399
36276
52018
72010
77566
7660
18216
86595
1826
56905
88358
15605
4455
67226
75130
34568
91812
44556
46592
84374
82068
36732
9003
559
98548
83634
46710
72351
629
70578
72897
88202
21138
28752
62014
75390
92140
26825
54415
29443
50825
49722
82483
49233
13136
61945
81245
24562
15231
95646
47571
75342
86569
27334
7283
41975
23135
90656
28813
49751
68310
36003
28148
85346
80009
14726
97110
5378
87093
16204
17632
78654
23812
1733
3231
4288
31611
91565
60716
24694
48202
28336
16148
45678
49648
65741
95702
44732
85262
29932
83631
98772
91381
87056
72838
32674
50587
28715
91044
44073
80189
42063
59834
5740
64566
1521
30024
37830
47535
48377
35431
13239
54992
50768
76009
46471
43090
53674
15858
90744
97150
63069
46390
34004
37429
39712
22135
91857
43400
9038
57395
81775
95302
80212
91637
85428
94750
37390
25910
6461
70553
22232
92770
22350
95072
13154
12640
66937
46744
30296
61061
71720
19609
11786
83760
27445
68339
71192
95488
15464
31063
8846
17354
12092
62708
623
90914
5095
3417
32747
49174
60365
46465
8752
51307
89215
3460
80219
47392
44493
40040
80954
65399
34097
21878
73744
88950
55378
44342
30645
53577
79966
37165
92278
71618
13829
23871
97114
53181
31235
25817
25381
55185
10913
40570
24887
44932
39256
52160
67608
76858
61307
90009
93817
91498
14868
95678
83747
87839
8145
92863
40497
16159
67569
17052
2755
44630
95642
45122
63730
73634
60172
47077
28275
4380
23691
29621
7877
23443
72642
20080
92592
81895
9027
20886
73045
83236
45562
22195
55539
58393
94055
62919
42958
13437
4807
23033
60000
65602
40959
27240
83462
10484
25914
54293
16610
96073
72705
20432
56966
72090
89920
96048
69004
25335
98868
53132
79903
40614
46174
47267
93592
74477
48751
68742
30026
22197
99021
92924
61164
96275
72964
68182
20529
44507
8266
80312
91612
26360
89213
39736
39031
20913
48187
19074
19265
59433
37073
51387
85618
79124
73064
6417
54602
15721
97113
39947
94437
13723
38686
81244
11745
15100
73926
88990
56125
40809
97415
15946
63789
17516
36751
44102
26938
7883
69667
13909
88383
10707
89816
37395
55151
21650
57070
97338
29361
71480
8847
52795
35272
58739
45487
19271
30711
46195
18261
15736
64046
95687
51659
68366
32295
62368
59550
84083
73842
87783
52503
80802
27533
44034
77532
57254
72028
62355
61483
19340
23366
67763
47079
95170
60584
8819
50201
95536
44134
14872
74537
9256
84660
46260
64897
20113
31825
55053
141
88181
30264
36688
52586
83028
74669
48806
25345
64104
54590
56782
48597
95955
13191
73129
13260
93275
36007
1562
79145
4847
26677
26605
6830
94773
14794
3317
62095
60087
88533
59028
99444
42199
82115
89675
44286
6485
23507
93349
23015
1913
22140
90907
37039
32149
77702
26996
14667
15640
58270
57233
42095
98806
14401
49167
90033
46343
8759
82357
95795
66328
12965
33202
59124
10618
52755
78965
19672
56132
90183
66223
37318
72276
90440
24994
43403
63587
11744
29190
51597
27967
55812
54467
92629
3522
60917
42116
60604
30641
14517
48470
77486
43643
66802
40925
70591
34722
89575
2825
77833
73252
77831
43295
61222
62467
22825
83013
44201
82613
98113
33905
49806
58045
60694
2645
21248
94949
22427
92503
79376
43226
11875
53242
57495
80614
94892
99108
69081
27047
51090
82637
16983
66965
68221
93287
26696
63752
4033
63999
4838
27414
43749
44065
16477
25236
32330
20731
94775
2051
18402
27742
81399
86227
65689
97070
20228
92656
30536
69987
52117
91936
79042
36768
81217
23972
20404
9856
55929
3622
8645
59513
95793
71770
30196
53991
11464
73788
58047
19508
98387
76273
59767
58805
71723
16576
91419
89348
82583
7913
62145
93454
26579
85449
42746
96284
35872
4763
16311
91339
33350
97927
53639
83373
45182
60477
92251
3250
83710
72866
4127
84224
35600
20271
75220
92763
7388
33496
27805
26530
89820
95960
90829
42459
13679
69026
75509
8878
55558
35864
39063
62261
16595
32116
37642
82859
71661
8202
33387
46627
95575
8637
35218
27025
60027
94178
72287
28368
43499
3485
77222
19234
28795
93660
37240
45396
63399
68486
71432
78356
20875
74970
1279
70943
35446
58429
49175
92717
21107
43028
35614
43602
12449
17556
90787
54804
60676
60695
90363
6469
29518
31908
23881
77541
39420
12268
63933
16067
10174
76938
41383
23108
24624
52377
12478
91652
92907
56227
15794
50400
50789
11638
62479
79984
57967
15915
3106
91296
36492
21869
94498
82411
54998
33678
46918
96805
84039
2939
19578
88211
22291
51048
98812
30598
9470
53816
47830
16671
87499
59349
7071
17746
89372
32488
55959
32764
23317
54603
79207
70119
90980
73310
50338
91318
51670
89852
32326
87892
51066
40517
18587
47983
41679
31524
88344
70166
86113
65065
17174
47024
87597
85151
6454
28670
30999
12993
66646
71684
66930
45727
36158
15022
6531
56104
69685
74223
11091
41296
54468
14562
14259
37716
89265
85200
92367
55536
57320
66563
832
70009
27946
12051
22030
87127
71295
14760
91437
24246
32967
2377
51696
14346
52956
27045
44981
17148
85695
80292
12112
53778
66543
4870
10495
16392
72978
76841
33814
16350
54226
14289
53427
53159
81691
63519
90013
22702
73638
52672
63749
68002
45318
12685
7445
18015
36332
92168
10610
74461
6602
7857
26810
40218
29282
7874
33143
9295
3534
21998
87904
521
67094
91245
51511
13038
94059
76433
43898
63566
46685
8916
42196
86819
13339
40072
42466
7619
39058
59061
58518
50801
83400
58917
14602
99299
62792
37312
74987
86753
72129
55483
64376
41884
49596
26259
56222
58540
33727
2758
82784
5415
67808
73079
76407
87206
85799
89329
9021
56180
99748
48741
44283
92747
34129
55443
63193
66435
17452
71533
62549
62604
16743
98588
90150
46332
51423
13989
57578
78573
79460
35177
77215
80094
74394
79674
17263
21358
77879
71169
8355
27978
45329
43900
85496
99731
90161
60023
20417
56133
80940
58908
49689
51163
99714
38263
49161
19575
67262
41134
15760
46920
54377
75570
73426
56141
82631
41969
42661
66169
51200
40224
42127
22588
4173
44171
87494
34894
58229
81542
17160
45489
31152
71229
44443
68592
36855
50146
45551
10309
78019
78375
27913
23236
91301
9558
99226
53994
7192
36538
27787
70718
95782
45567
21527
79551
60959
76785
21831
44285
57019
39042
10021
359
82272
41790
69870
70479
8240
91586
26609
61219
39113
17484
49124
27223
14079
1790
77890
96263
17904
90749
18559
72083
44415
83700
55284
14585
88311
22687
64413
93026
19701
95111
46565
56861
79181
14075
83439
15465
7992
80559
44940
7037
64956
77288
89795
22794
22382
73475
73291
32120
63685
29059
63191
33952
64747
1523
48607
90044
94222
70888
84912
6229
91947
45214
79359
71859
89473
80215
79404
26718
8801
84825
92980
65514
28877
10173
52421
83322
53625
52967
30567
76314
91846
93390
21390
32489
83468
30059
73002
69993
78003
47897
6901
15195
16734
95398
785
47134
4023
27735
38281
25453
21948
54499
28806
95824
252
77662
35439
39884
26920
15423
98381
68162
7136
44159
74760
8756
54950
10967
16820
49600
3639
91621
99499
51887
70889
63996
13357
46301
23572
51797
36175
8113
54013
867
40749
48681
54575
29023
17599
48601
31031
48302
45068
94945
93276
134
71213
29294
93266
85293
97863
75165
68176
21445
25350
16507
88101
20813
95627
69877
39136
83903
21901
77257
19506
20927
97861
19764
3573
4104
39620
2970
5870
27654
71896
54813
79221
78391
35748
19879
64151
64264
16114
21545
41483
86851
77982
98725
10757
93624
41093
74549
2901
23500
36784
12204
61292
2761
40118
86980
22507
26752
47273
83560
47708
38768
94435
48215
24944
23091
26424
22145
28404
74186
27126
83685
48065
75428
439
39991
53211
94205
40274
81582
57985
43561
11398
68810
1241
6787
80390
94922
23955
55693
85701
75730
16674
23586
73512
32082
50163
25678
37713
18054
78252
82133
71612
62925
53650
74805
84179
98866
51126
19427
16348
51959
83197
42237
7456
59380
46309
96388
3290
85946
45470
73084
26985
28338
7491
60179
24323
41400
21048
90524
62721
2814
72360
50441
8560
136
74988
76126
10673
53992
55571
495
89398
31071
26147
28121
74192
83758
99176
74593
12094
96618
56052
59151
87009
21258
25720
21631
32598
88778
4488
15277
24373
63200
15942
32362
73685
40293
17150
50229
8499
80476
27655
67066
28260
54182
80699
17195
63947
75910
50187
61034
37999
7838
49341
14488
47213
24308
50946
73101
3078
67554
4522
14410
12760
2202
67931
86946
47457
21796
66921
92631
25883
39509
55500
77817
17489
44668
14853
90722
13179
43814
8839
78717
7663
92456
44908
35383
50902
27267
64371
12215
4987
65153
98257
76583
16826
1123
92152
73506
33633
47625
27161
78335
46299
59917
11555
50095
55160
35883
9744
12780
33979
24446
86482
73929
59977
14893
2273
80573
51571
41411
38120
26742
93259
94133
20573
29448
50890
90635
92550
3808
51141
53533
30094
25624
40811
64475
1602
1566
19661
86003
32122
27929
36121
38761
50980
67743
86104
15050
72499
40235
49840
92862
79518
37413
8289
56972
52252
96098
52108
91158
86321
43809
79724
96512
81526
4937
69631
90778
6706
61130
68390
21571
14064
53537
66318
90614
46930
27759
43029
80951
82889
46742
9761
74668
5058
97177
57474
17424
52154
84045
64698
97532
17906
41963
2267
39086
26035
30088
23100
68881
98457
25909
46668
68321
41962
89552
39363
4815
83888
72977
50703
66526
42945
85464
47223
13326
96971
34803
69111
23801
57749
99737
62976
44836
58505
45206
75250
98528
64712
83708
74370
43273
65397
45897
84446
14156
75726
70714
2
35192
83618
3582
42523
4920
96066
435
67999
84857
52363
6042
382
59104
98525
8621
3577
4686
42921
40426
1
60167
51610
8026
4331
47061
89131
26477
771
65020
20471
31381
74775
7881
41494
54986
66451
89402
90477
53329
942
36351
47356
36904
45471
70008
6124
60053
58277
36872
42372
3303
25607
15585
41527
59230
36510
23174
50530
88707
46563
14258
23910
83600
81619
50411
9653
84565
49035
94811
96213
95450
87691
1907
9842
5824
71812
31353
30662
39968
24838
74047
58470
46197
44516
678
90653
50138
77132
48195
33581
33624
21716
22967
43766
90434
17896
3185
65380
4357
32465
12175
49472
99052
44588
40576
77605
37579
47451
36653
6877
13915
44768
24112
96312
86401
5071
90076
90429
88597
59470
38018
64435
58881
89770
32390
88070
66317
25459
76968
78275
53199
77677
73565
98721
46329
97275
86123
58228
39346
31005
40972
41042
67650
90943
65286
46625
5243
76258
55702
52767
43287
70379
11994
96911
86082
24480
19355
7151
7503
63235
60850
20107
65643
35555
75475
14134
80346
20079
16907
6160
85244
82835
48198
36161
64815
54842
951
68678
91555
53321
43913
9199
78465
69799
90080
38303
16767
63980
30105
166
56615
66876
29596
90331
55391
35967
39035
21873
48548
34986
51010
77674
59748
31512
51509
64403
39502
73199
77431
51242
30872
89534
71382
9335
50599
50259
62022
40867
65389
32071
68267
67926
50474
50387
85773
6405
61795
6371
1257
24372
58753
32480
38859
75099
37276
30185
13593
78534
26761
92962
63017
31675
34392
3839
82213
4396
51213
3088
16395
44700
84084
35836
96401
36195
46975
35594
3518
17645
87537
47949
83876
6980
3558
47243
61810
32405
13617
97627
90549
33529
45542
90692
20820
54859
21561
10040
57541
71591
87503
18683
42955
2703
39549
28691
52361
79326
88512
53297
50664
70696
73011
94390
64437
45254
67248
60520
75037
26312
1210
12244
76384
35639
49418
99339
38149
11209
69003
14355
25612
25295
58708
49945
82836
205
43286
8534
61386
97537
81590
42378
4511
24515
58367
76885
51119
96729
55655
94247
36777
1367
57507
72804
76778
68369
91057
40958
6848
95331
99561
62647
84855
30239
79247
11583
19122
52073
12565
23489
6970
49470
2403
50681
31466
11159
709
11682
26260
32620
54238
29889
72316
14307
99464
36179
69765
75258
95173
42156
23276
15103
40769
44463
64426
89062
94650
17321
54241
42728
7330
93628
76187
58143
61186
87797
66239
46927
57044
27412
3397
89465
20034
20158
19857
97682
59907
99331
77904
18722
59776
5933
90355
68625
52070
1519
65227
93972
3449
28758
91695
86221
22674
67664
80109
97429
33123
56753
21487
12140
77646
52553
76526
51112
42307
81560
27761
94790
87416
33638
55261
9166
16891
47168
57294
5639
95348
26412
83239
93506
15757
20694
26421
36953
88007
18480
88757
22010
70709
38888
16322
81428
67984
53726
67003
14646
66383
3505
35647
76410
28365
86455
41612
64931
17421
31464
77625
33463
27411
29824
68508
46043
66424
45530
38890
47857
41501
63276
14111
15281
71380
33354
44601
88227
23084
70409
25385
75495
14870
63464
39553
96727
84633
67392
29684
5766
32034
88988
7790
32748
42370
11336
42714
92572
8983
72201
68445
17293
5786
16750
13761
30243
22697
99645
74854
38936
42476
64572
806
51091
50859
24022
39680
78135
23216
231
50620
78014
46314
10439
23792
34081
99573
94588
85721
76068
9989
62582
91095
19400
45463
52585
66654
51024
60690
41183
28082
57053
71838
78442
41936
73490
51231
3632
91464
81636
37944
84064
40189
27338
15134
81910
21528
36687
84364
2376
69862
52601
79718
57917
73855
77047
39359
50952
78143
27315
49992
82089
9406
78540
47122
50913
99902
63951
38755
42830
58227
95155
34143
98678
89627
65445
89812
67710
50950
91337
66374
53563
36087
2374
99112
32557
11150
2822
80653
62297
20277
40629
98738
58552
19068
69842
90592
52744
39919
69467
89696
97453
31420
43819
70697
10812
73009
68989
98762
96438
24002
96508
93820
84647
93472
81269
86643
37372
98336
16303
92057
81366
77512
91739
18291
26493
25769
4032
18333
65905
51808
38737
1358
87106
74911
61345
21265
62999
1444
35149
49655
88370
90151
22012
23610
46964
20903
42409
65923
80623
2542
76770
63576
99301
75113
58191
49058
77092
25447
97668
35629
68489
60008
68785
18621
25182
29085
68781
21953
74201
88371
28183
86834
23695
52981
3971
53714
42949
34437
36342
58756
11137
94667
27522
4721
82339
20741
17024
28211
64472
72504
53871
49774
8415
3547
86246
36403
24950
38994
95772
6934
32630
61225
16537
20077
70016
68637
71775
22681
1998
48795
94611
28980
88971
56264
40246
64410
79668
9473
91434
69292
99351
71437
76059
82384
66311
60203
62421
75161
704
78855
54327
41194
43750
1534
24477
75343
90061
20467
80905
64107
30609
9400
99764
89769
86151
73424
36933
52821
45699
77186
56423
77623
16885
47090
79259
23759
92779
28425
4761
36339
8500
41471
2211
5393
48983
50429
11049
70421
83347
36834
18588
31689
40694
21227
3054
67256
98322
1092
17895
1560
53911
97690
70670
53031
71750
26482
1609
5159
34725
37794
53629
8487
19626
49426
93520
94617
35094
16286
97905
9071
20862
22296
35229
48839
59029
28230
79148
9095
12001
24822
83387
59024
2455
79672
69818
16695
45168
11094
46290
98453
15357
78150
47009
26815
47464
43654
78455
47507
93393
10192
4222
84501
84968
95018
68485
90705
1387
64321
77639
29685
98045
67271
16897
70426
27719
52325
3856
60600
79495
14328
20613
60431
99024
32162
10316
38939
74055
61339
65520
76963
33096
8729
93450
10718
50531
90350
51093
74552
46950
99397
46039
77145
32974
71797
7497
17206
67020
22771
47150
13
99262
86752
43604
36310
66746
75412
35738
64593
3384
7675
71060
16593
67467
30757
94868
30106
88932
94563
70562
46660
53296
54276
99130
69099
73235
71882
55445
18926
12376
63621
66019
93380
31042
55806
74653
34281
48262
80527
49953
93780
17916
92099
73125
59060
53843
16010
46377
19410
78826
42066
71162
28094
9528
93167
15889
82269
56796
75884
18742
23278
66391
16972
38239
93211
96950
85722
38015
30090
76060
34137
15755
12726
35838
99827
63988
697
51540
27897
1293
33058
86777
92728
65866
92459
75793
86489
6291
14629
93723
11219
12374
80691
12646
27227
44483
62824
34496
95614
44578
29293
48350
33256
97755
83900
4142
28192
11339
12216
19592
36598
41991
2831
86001
46590
20358
13798
9924
61021
94646
10758
46965
40050
80114
34270
52332
52534
14298
24560
14128
15995
46794
47586
69061
94797
193
86931
80816
91361
42829
5354
21397
93187
44154
3594
2128
2352
11845
68563
34668
1888
87177
3014
16416
32450
20111
11856
97095
6694
48747
20335
39451
12601
69006
61966
93754
41074
41346
82686
40180
49271
29096
83649
17869
15298
28562
42865
50746
10802
6793
85959
43782
89109
69692
51762
81805
20256
66684
94238
83538
57558
28767
44531
83577
52764
51700
38230
2107
49179
21848
53591
94187
47632
56759
58241
19743
54951
18883
17847
61894
36782
40982
32877
33380
13464
91424
81723
47433
45210
86836
810
54288
87314
62416
21847
38644
36054
61238
85279
27976
38585
93602
5215
37403
64763
99349
71080
41536
20109
21754
4717
32155
77746
16253
91420
34082
79766
21453
12880
16858
19010
23977
64283
25820
90726
97607
88086
61929
36153
6040
2739
91822
79894
2212
1145
79677
69157
38964
97229
61573
38193
822
92238
78488
84617
54195
97066
26503
34797
47777
72071
76044
44798
61106
65733
15609
45693
51501
30121
36892
27874
85999
2563
19412
55950
55352
59533
29554
40242
54065
15813
53342
29087
66418
59806
91264
8859
93114
22242
91364
82168
78566
87981
48915
96084
47914
52786
67858
17521
89679
2600
26990
61918
52748
72293
9381
32322
2277
74615
60590
40324
12574
92482
98163
17007
9119
61630
12480
48088
20719
17215
20207
46717
37995
51641
64762
44697
6956
80209
61655
77347
1862
2130
84408
34691
27181
88233
3469
12930
22210
99655
75422
90885
46166
16398
15490
48385
98934
77165
61698
67172
61653
99449
18721
6375
33922
43240
17771
79769
33568
35709
64429
86969
37641
5376
82369
12805
86910
1735
6091
67230
98060
48935
64086
96856
85116
38570
33666
95297
34182
70362
54875
93255
63053
15406
87608
95029
27532
96185
56948
85061
13287
25134
75373
54057
87841
66287
20454
62684
18355
5224
60773
79533
71257
21654
34954
24085
11630
99160
43691
81043
94975
62751
88710
19708
86610
66052
54974
78281
10186
76530
67273
96255
20155
84894
19131
90292
66825
64627
61617
75857
63961
43875
91134
62078
9816
62532
66624
14543
41902
58019
29387
26495
60571
64928
54882
80417
6278
17294
9650
507
19773
74551
60854
5356
48743
40001
10119
27948
86341
1294
42864
87558
50508
43405
50181
77287
56636
75126
3905
29504
19318
57209
3695
20145
29986
68226
83735
83798
75734
74131
63071
91180
83736
42678
38385
77951
18646
65999
48960
46743
66400
24590
72502
3319
29216
81999
35699
27681
67626
24032
14175
11894
19608
60259
16815
17355
23040
54921
28704
82888
55831
29784
45427
64215
98052
44150
12689
17987
4436
57893
88130
87303
80433
18336
88595
76470
51241
93213
17821
27132
60077
14229
92824
48600
82364
69711
1657
49334
45491
31281
45158
27052
81041
76383
79974
87252
86105
93553
27323
39285
55318
9218
82258
25703
42736
97370
11165
75482
26019
57946
96923
16308
21569
82652
18484
59229
90409
73008
9173
88051
82623
73416
40203
49263
38771
84603
36040
31712
61389
93908
11795
63311
58382
31448
44206
9183
99851
63254
96642
75481
31998
39615
6389
12924
58094
50834
38773
1009
68857
59797
52771
76183
51910
32181
52846
94421
87942
77613
94062
3820
60413
78896
3912
10226
33129
63384
89432
16936
5102
3635
72130
51526
23874
80319
35231
84260
11479
41579
96638
27809
59676
54726
59139
12970
36821
77153
52567
17877
14903
48716
63859
17755
93009
60439
41338
36801
56015
94662
12181
86250
88270
14236
76613
2174
81520
35989
99080
18823
53312
87766
53229
30472
56029
73026
55319
26044
12362
21949
6157
79171
30344
61962
1372
15271
19629
1039
99531
83880
66502
16381
14118
40356
40929
41372
4579
35008
9029
33732
39212
17423
2102
85854
97227
50238
57420
72872
23856
58950
56245
8300
45724
51011
31265
85994
98028
836
60079
95910
46619
95116
15738
51798
19844
25402
50004
76904
77794
2788
75450
49486
81853
90344
18576
34659
29442
28056
137
31165
7266
74422
90048
44176
42152
72745
82311
17913
46816
18495
95147
82648
75619
37684
80330
22953
48014
11462
32242
92072
28763
59987
38701
93730
77925
8554
65196
120
46601
20066
99612
9456
36746
78025
34995
60060
99002
48701
79470
56914
46560
25742
37952
56011
75684
35867
33640
93599
61785
56444
40551
20832
94598
46857
18318
97772
42046
65907
35648
29092
47320
72318
54267
93062
58364
63542
42472
20693
56551
22396
89427
1769
57361
55555
73038
67869
68377
16949
31314
17152
80500
55201
34557
60718
1884
36481
78951
79680
9673
59715
81173
66253
39647
43518
5370
96461
4788
1012
20285
26467
59655
51380
47416
85045
33918
56829
87364
66703
8850
20698
10318
71650
58062
4617
83233
40276
59993
85640
52608
30405
12755
28210
55251
88059
93931
22233
63654
94017
84833
73148
59418
12964
81603
29517
8269
97766
21231
32228
85524
95434
92300
96046
8863
47654
22652
76104
97495
88742
84783
99954
87995
52806
90347
76440
9941
92437
10382
84906
51376
57912
78119
58751
14172
17942
96430
85181
6466
69438
97645
34047
28947
35983
16387
31171
3533
19774
49028
65775
92447
24016
42699
54204
25757
42582
91602
49826
27487
81087
1973
84579
61786
89644
16106
49557
67627
35992
86885
11238
29141
37143
24244
72757
79732
22768
2110
61062
57547
76139
67816
76760
60500
76346
46399
8287
11913
38831
92196
28755
81027
25489
83528
31023
59051
99279
18597
7434
33538
86156
20166
51257
11143
62163
64507
82
92950
89036
81660
35621
76593
50409
26481
28753
78095
54169
19445
65892
28244
29143
81875
18137
64607
28650
69417
7068
78528
38626
55923
30113
56238
43793
56219
71709
53693
26425
56095
72735
25576
65683
42244
35815
81671
55964
55640
18445
99203
48869
28794
80749
27365
65576
68471
28145
41295
86646
31323
45393
80472
54837
91632
32576
42442
63809
41791
87307
93648
36934
41024
50669
84356
57461
2348
26215
79684
81406
34267
34147
64735
17788
95569
66437
84700
26533
50065
17659
10630
12225
63553
76083
31549
28669
15675
29021
33889
5119
24093
27332
44593
50891
68185
85102
81159
42568
80138
4701
91233
10032
59664
14855
8324
47543
56107
18619
92430
24516
17486
48456
65578
93347
54521
63829
26187
72791
28884
51492
44158
83408
20966
88028
5550
10137
19790
15711
92565
97148
14805
22028
1162
69189
22375
58801
83800
48813
51834
76116
27313
71814
8955
39845
9162
36034
69674
86687
31749
23960
78153
27732
23521
17936
68159
28423
9154
81431
13078
23387
48621
72006
22886
23021
2875
13767
64652
87654
54282
92227
41644
32564
32658
44417
71487
84442
25415
70909
31388
34126
87187
44902
21513
77317
67813
55572
61831
88864
92289
58943
97347
2798
93591
83910
50245
73483
86672
37391
21618
39204
50130
48472
70062
26878
95634
8424
91427
66768
42720
87680
65485
13049
44552
17454
15479
96713
83419
42818
4689
30230
21565
74144
6304
23065
496
95189
5345
99435
6582
19635
75257
88678
85413
14285
60594
69054
11250
81464
1394
71856
65013
94137
75978
15765
35929
15201
53944
99533
10818
34678
77440
49684
43568
9206
72376
96442
53013
15501
21961
52581
35233
25141
2957
14625
10613
7879
61643
84268
78117
48669
9791
22124
6501
97008
57168
98695
77262
29035
92266
11449
70929
30439
30969
1941
94099
12708
74254
86788
79161
6171
30060
3130
15123
35839
72939
74831
30028
54918
56382
19425
61193
53503
60801
10498
29813
29904
83867
70622
25870
73469
29578
28883
75537
35791
20
92406
39866
26743
9975
91404
86588
77946
57664
57651
13126
89170
37707
75561
84630
74070
58363
30294
36248
15683
38019
94825
9980
46185
22986
91360
10767
81480
65556
75112
51342
17935
10990
74057
8040
38750
64874
9372
13900
4630
92953
44242
19591
83132
5474
91178
49508
87116
12361
67451
38410
8581
44611
30051
21570
35642
62146
22742
42856
24611
12079
50291
84327
3098
49017
74967
67167
84689
85825
92051
45755
52295
4451
63058
42210
11950
81570
80469
49157
69595
61157
90289
49013
71850
5987
55501
54798
88602
94864
36589
68403
13074
52284
16452
21023
41766
15540
37634
8627
6415
58039
72308
45830
92493
72621
471
77545
63079
56940
82961
44369
84958
10068
88792
89652
97122
37575
76923
11781
69202
34248
34487
8108
29501
64632
53109
16116
67682
5299
46000
86962
5685
15735
72290
94879
17839
96112
14568
45770
84023
50325
95240
84713
67838
88655
33386
24262
23789
25009
95356
5033
40145
32399
23727
44542
21240
6946
51765
85460
10503
56019
8141
77614
49128
66562
81686
20585
46532
8665
39021
90155
44191
33150
17075
29170
8223
79823
66291
53084
35640
61471
92093
27774
49229
93281
65117
73396
4254
20234
46787
2312
89168
42883
37279
97906
92323
73115
95497
26355
12818
57497
59998
28138
3570
37481
41089
84253
23653
34786
11517
46201
7437
71276
79685
41798
35533
8215
89384
33751
24797
35230
26746
97089
45426
27972
9807
45488
27932
97933
69561
14106
34944
92491
2285
98964
32875
21038
70134
7818
73208
26866
53319
21174
22208
77366
50072
1776
1956
98339
65242
31433
10093
42950
88985
20566
58283
60066
72589
6183
71002
944
22786
9474
70419
51317
68670
9080
18514
71528
58475
18398
2506
80834
85745
21586
99767
63345
12860
29948
44112
72859
58895
85257
1477
80845
80596
16203
49849
88016
77285
54753
9732
75341
73610
74994
18249
31757
87350
15188
50592
98604
8786
97907
57672
32167
94862
91560
43690
84486
12000
66170
88849
98887
19559
8871
110
2334
38080
75727
58961
37870
30041
5623
70230
63453
92837
34664
93230
81164
51723
59652
85895
80595
55301
38511
31398
21251
32823
768
79821
8135
2530
55801
82749
43609
40380
74059
45758
69591
81496
65605
85768
38982
55233
78385
84553
82463
95460
14380
6541
10933
51418
36635
43851
5444
52626
89564
7365
7609
81593
37902
73411
20322
2927
94800
63186
79796
51907
65701
9966
70332
40460
49573
19092
3253
43678
20498
72418
89175
92277
75803
35374
17923
54150
8380
88449
57208
57543
22632
39473
89254
88811
59204
16291
7489
28708
28227
50543
5191
69326
5908
36579
76703
6894
93887
4850
32635
73973
16808
81676
43101
8229
61029
55056
81021
19834
73558
74482
20794
66290
2516
52870
1057
55337
24095
86562
38928
81983
90098
76500
58326
16188
23935
92609
11491
34112
34988
64492
36491
1953
96448
5974
58737
6801
43908
14775
23821
955
54296
11793
63820
28567
25159
28802
60194
34313
92271
24593
87456
46758
58703
42702
64031
66635
44723
44494
52773
88337
93789
17313
53292
43562
74603
79473
68281
51738
25865
83321
68726
58157
70356
23247
12067
20555
45780
48126
40704
60893
67738
82475
48668
6677
32349
17905
16095
57858
36004
97714
4191
67840
59324
14864
56085
48603
40410
56092
49543
76320
83842
14296
809
2048
0
73868
52380
34851
57892
58291
80992
19741
75801
89794
83628
89392
77796
52752
41189
49252
47462
52134
53390
62130
49590
76563
90582
73047
21143
25259
2614
431
24946
73381
21019
64241
91837
18343
30961
90875
55175
43458
77331
5040
75086
74407
89401
41129
11606
82061
54113
42106
42982
85035
53720
41366
20952
78969
36833
92429
14545
87195
2905
90000
34518
76739
79610
58273
70099
76723
29490
99505
86479
22393
32543
13406
85459
502
44269
5694
97954
29633
29020
48304
44568
16638
87473
33573
51674
74420
2574
32633
16762
19691
28896
26430
9060
43841
57402
61360
98566
91257
36155
57187
8139
5182
68518
53822
75255
20629
61811
734
30770
2152
2627
94966
47659
51660
46134
87063
54533
72240
70322
89368
87777
73353
52576
78312
97996
9237
84443
50453
75287
74797
65351
20365
83717
31555
49876
3002
97573
32925
87652
6629
97083
59461
59631
21595
12377
89711
85897
86886
9556
23261
77933
82723
7075
86734
10007
30535
2468
76305
83032
28497
17640
30712
38467
4134
71996
70860
91217
20054
38742
42143
14122
80768
4021
72766
48049
44087
58315
56465
7079
63485
72206
92597
98232
31857
499
53827
17279
41712
29364
26637
68042
74838
57609
29449
897
31717
41831
72172
7306
79645
92969
75382
51716
755
83480
96341
82505
32742
49004
71753
39639
539
63893
81951
71939
42973
97127
18939
52853
17125
49587
56867
16082
3462
49119
71047
3095
30534
16213
8574
52156
19649
63171
45701
22979
6882
29779
11450
61179
51350
69309
40257
27574
38301
53032
5
69859
17406
23548
66350
88146
99390
96581
50469
31690
65560
87506
39033
72468
22516
88489
29944
18073
71246
41847
18088
19646
74809
69040
72213
87264
20309
38053
90216
46747
49988
90993
38574
41293
22106
23746
35213
58545
54502
68038
44450
87951
19160
35868
70072
99343
89039
56308
75083
49574
31447
70210
59178
25963
79710
58000
70496
83636
24061
4018
5155
3166
72404
70609
46206
93947
34964
82522
59628
28873
23863
38081
26299
74898
44412
35975
64957
2713
85392
87950
26980
55611
4559
70616
37110
25209
16865
10753
72697
69650
49324
22200
35086
2135
48331
89283
38816
36489
48093
17760
66256
36030
25413
64742
31889
69005
24969
6552
56012
44706
23618
85801
2067
29833
29037
8592
12347
18192
6287
53489
53908
88524
26183
52907
6517
88795
7782
46488
4826
75248
87557
72547
46751
63180
81857
7914
31155
75137
74654
10181
32722
97914
59812
85785
68123
15226
75630
2184
76821
2165
12418
98318
1917
44610
79121
62043
25034
53344
65263
81287
51990
66416
1752
75098
5560
56413
42514
4264
60625
9418
81565
30393
11971
153
41621
63278
42364
29114
43883
54118
24780
42342
72927
8320
98030
51835
81498
67946
18215
55553
6844
96842
99231
46155
67725
8655
35024
66821
74757
73622
74211
85246
10644
80149
84491
66665
98138
70020
481
18844
63449
36290
4198
44875
71105
4409
91932
72612
42374
87426
60276
53791
22609
8450
41479
72803
62558
67355
43731
65918
57425
14020
77342
44912
4770
9440
67186
37130
95180
42910
70915
13253
34566
90720
19495
6441
49337
98718
54835
54738
10280
97623
89935
48674
38367
31670
75934
32267
56649
2351
10483
17162
48566
19387
27089
6650
53136
58216
99043
28304
32977
28961
27808
37456
47342
24431
66614
28177
35957
53339
96690
7066
86678
10120
15863
39910
76465
87966
55325
1146
62515
32942
39222
29172
38792
6004
7125
98658
66345
25570
18921
11076
15375
866
39098
86657
28516
35042
58015
7693
75835
72286
69011
53658
25662
55829
72836
49115
74529
21491
90488
26658
83484
50736
82199
32537
97397
78944
83697
61836
47752
30258
15216
42579
30248
87458
56157
85875
50840
9785
7050
74788
59923
88428
84080
74419
75268
18743
91006
63087
83385
51804
44854
99859
37459
74926
5653
128
81340
13745
26468
25285
36730
2364
64704
53797
77869
33808
9859
96278
23138
13529
35085
41342
87175
12326
98237
99940
60512
4466
13101
73757
3154
30389
93100
73251
3294
11561
54021
97151
18490
53699
47184
61436
83890
62375
55684
97034
59933
6626
25960
89896
13202
43774
74547
19602
34952
6520
84915
61095
2620
87807
97427
51980
14309
65452
66685
52486
21712
70539
47047
96916
45130
51100
10817
3069
2819
57190
38082
84529
80742
95336
62123
36526
22419
52552
45290
88967
26845
7085
55523
52217
75459
64036
92613
99577
44140
8375
87626
43390
79245
18431
53220
85408
23013
90297
6884
89110
28697
76509
68022
67681
7186
93583
14272
69045
53197
73489
53233
19909
36476
4287
14566
84697
4546
56529
72618
8477
88677
10968
86258
97553
91366
58668
47536
88713
10085
42351
53675
41538
47069
21979
82865
67971
80683
30189
49225
63351
3991
31225
2859
20041
841
62950
2224
94927
74450
54713
59319
60736
4306
22578
4995
72330
96514
33401
83840
44478
79736
95537
40865
91583
47395
90791
74439
30053
77358
55967
59358
94007
55618
28665
75559
33875
87633
63613
52903
64
43291
15788
12750
89135
47873
89044
1260
42822
72590
5097
35829
56790
14067
18254
5066
45207
63885
34784
3223
60622
40330
8895
62121
54089
55963
14297
66873
58725
48641
41559
2931
77960
63083
21753
73678
73479
45635
16970
59598
15422
71818
42799
2729
53002
92625
1048
711
23553
29896
11140
74786
20831
89312
22679
39771
31897
10854
46015
30820
89874
74170
40449
47208
42301
80697
26145
12980
10819
30412
23729
77782
95735
31672
1515
1830
1356
2026
34173
84379
80207
15908
24508
73783
71866
6177
95050
30402
90476
4459
76237
81707
40998
87599
46323
40986
56610
53064
50907
80548
789
54776
65236
46677
30076
43479
44100
34753
34862
56887
41607
85787
66198
62
62491
88769
47023
45709
12450
62564
61265
30664
95089
57584
70999
99710
22705
32139
10855
36082
41811
4467
41362
68811
32888
60070
47477
2210
90926
30184
11587
35963
26411
74455
65156
90837
56206
51214
4962
23766
18225
88493
17384
62664
7920
33771
58106
78365
44649
95970
59742
76941
35788
5008
15310
80914
9619
9600
78885
13576
41645
6535
7734
96358
67988
39791
69393
48882
55209
4133
85853
97102
42755
37829
16195
76058
21597
88915
9229
58399
92549
39880
48816
44296
41105
87261
35531
38162
77997
17768
78245
99113
39996
94704
7241
54746
52230
74209
51624
71351
61047
61264
98750
20723
83611
95202
60382
95744
40937
57883
39053
10984
68525
78080
7614
23475
82047
99326
44336
29418
68607
49890
69575
81236
28940
12441
46992
29377
51631
71226
61203
49589
96201
99325
9293
18285
55402
54401
70971
38364
12789
22834
52031
32921
62557
92475
58252
81037
2322
15977
5820
66382
68679
25894
89284
22552
79134
92866
64316
42547
52630
16304
42788
88172
96914
61269
16733
35052
27894
6482
48319
41595
38485
34603
59927
26184
39269
53582
29281
99637
9887
49991
80159
94821
74608
66225
82345
84404
31893
18363
82724
9847
10580
27200
13367
62678
92193
35411
44802
79813
63223
76990
99340
95647
17841
87472
43205
30181
11532
16731
78661
70822
25202
83332
71427
68633
72807
84241
23668
41852
28821
53146
49764
27918
46074
18198
40678
21092
98158
63039
83037
92189
23864
44564
79179
46754
34324
79719
45294
90589
43996
80275
15482
69296
71699
53745
23224
20506
88612
23837
65864
92293
1078
69369
13335
39273
93911
52914
80856
56176
68214
16281
35898
81052
44048
45400
21173
5756
9664
60340
23431
75445
69077
7016
49758
70623
16624
9244
37470
36763
58439
41994
48237
74808
2440
44586
3068
78920
52341
31066
55507
11576
91455
28442
58474
32280
17245
10949
872
9117
11388
68245
44995
36837
79383
20296
54485
27610
25283
53676
64894
11074
94514
74476
86843
78348
40931
43222
20899
44152
92558
24858
62987
90648
95360
58481
61231
30845
72778
86915
99542
59062
10288
81970
89633
23405
36574
79908
65993
55009
87081
76758
6971
27891
71048
98303
58
67835
36704
65968
42189
14589
77416
99543
87227
65685
4035
89075
16621
38912
4662
19660
53278
63636
47531
1851
11848
52836
68227
81651
64937
35182
73652
22577
22338
48925
10214
20496
30672
67527
14744
63102
45
26598
29250
77693
28320
41849
90534
76474
12155
15611
64322
99842
41455
40719
31330
14352
85502
62185
7870
54634
39930
21537
71007
89625
61576
77670
18156
50021
27383
82028
41919
49818
23946
59455
45980
90835
54121
65257
41939
75746
37603
26329
66659
88443
60317
73108
23035
46288
25775
52972
27129
68499
37804
6249
1131
32248
46475
74027
68081
84303
13178
37119
49352
14357
83166
49039
18781
60719
77737
93198
92105
4311
71768
82246
26748
92419
621
45169
94397
45187
70834
40622
79410
22669
93240
33240
60338
74335
14188
76621
63420
43960
35977
2663
72415
88326
41704
898
85235
91647
22527
76762
60278
99564
14758
67399
39834
60808
3531
54880
4469
31317
89960
20115
84624
44429
64098
58501
82783
26808
30560
28310
48357
76159
65621
1492
79857
7599
41632
97700
41522
73154
41638
77636
37048
13834
25726
68186
71873
48257
160
58168
819
48729
85939
75363
34622
18724
41043
50220
38232
87878
29488
34534
46767
20191
22302
36735
91510
45888
11326
20480
67686
26554
5000
96345
85383
46522
88457
27906
46812
70919
77535
24062
8953
93749
46550
23995
47073
68439
76755
55853
50151
2237
45121
27163
26084
607
83706
47368
66229
46971
16872
88401
51485
72403
18253
53975
33653
63326
89747
98874
78624
33902
44096
81229
40049
23886
91001
2937
608
28388
63329
71590
88564
64340
95175
85143
9398
33047
18658
2521
58401
9260
55895
181
34669
71473
66811
87932
60779
67788
68075
96124
99025
16995
1194
90878
98313
72159
42713
21151
74396
55168
22707
57644
48390
95914
80273
65035
51238
88831
63901
79083
96973
76438
23161
2978
17058
63880
76340
26423
16376
60245
97728
59367
40462
45102
93279
62520
99151
27555
62094
58450
60495
35358
83372
46444
21489
1544
47300
81815
11612
36975
39775
35215
80530
7010
81833
83365
40384
87101
93329
8817
69801
32822
85805
54378
11131
43792
3474
37132
43687
61847
7541
72306
69169
84169
98751
57424
20494
35965
47593
22047
55049
62409
63249
12354
20565
78996
69601
11681
49264
91537
63568
94142
46470
20549
97183
59737
98009
84269
1975
75474
64631
38447
55613
95675
77818
54345
47806
69424
18775
76333
29153
53961
1720
21536
17143
96560
64684
90412
21916
17060
91894
80770
37483
37627
94096
11538
37135
63492
75830
47706
80395
68504
77959
94768
30986
9562
38092
57820
81429
50628
85470
56325
64349
16829
47154
35953
7795
60905
69687
14135
97407
7219
88833
5830
15658
5088
34717
78505
26827
12316
39235
87348
87847
22373
30355
29427
39666
40605
40851
15883
86799
20459
87764
36464
25055
80537
7717
20661
78316
45237
62385
25908
98524
95699
10330
61978
24021
85475
58980
96580
70868
18548
42284
21458
77029
24300
83492
67757
26620
72877
91144
33007
89620
69274
69073
75102
88276
68799
18407
40844
37447
39853
60274
23164
65080
97859
32603
73072
81153
23730
57056
56889
97268
29892
992
25695
52647
47656
45291
29219
49460
88719
20707
37896
8245
60432
73472
75150
7907
24444
19479
4137
76429
36517
90018
23623
25306
74141
83091
78779
93377
86492
16201
12409
18173
88092
15699
5892
70745
58958
97386
35985
6825
10579
27060
41507
3738
43915
90036
97930
69937
95201
29569
36088
82366
14089
73094
26088
10002
85847
12330
54839
47100
8156
29909
68467
35467
99942
91558
4926
21393
69621
72292
74126
93762
32556
37333
23274
82224
39281
9286
83984
74700
9687
71455
29248
96406
16611
15926
52370
66099
48371
3121
23624
14318
77606
89895
54598
37941
38425
86541
97226
98615
47432
78306
58806
24687
95978
54216
68616
82435
30762
44180
69482
29351
56231
92771
94522
84152
17462
11042
16107
43338
83316
19041
21890
26832
51855
76642
24250
50611
17361
92580
74376
11306
86242
29540
51388
43139
33213
5425
95109
66927
74876
18124
96790
75140
77073
94006
63337
49732
33133
15286
91338
81569
12485
98974
16259
90286
78220
64972
11204
98586
13395
4756
84770
67640
36670
89487
77026
29192
25969
59825
18659
60551
42153
41070
11523
67045
17509
76051
43018
63389
74171
93106
17237
43545
25596
67421
93353
56630
72711
59860
73923
41224
95251
7498
40236
49461
36898
68056
63912
12569
87361
92619
91242
95923
39047
7047
36352
13919
2599
4993
94837
46382
84020
87066
23937
29343
20672
8909
98850
28952
96444
38375
28977
22020
53474
36326
25450
88754
38898
64246
66064
41900
94717
62073
24358
56145
71091
12414
59136
90986
86493
87105
41784
30169
44779
7340
76208
9035
79453
18738
75070
30240
9749
85667
58562
98061
12243
37226
62683
19880
39902
83772
57934
71718
8708
86845
95053
76607
42411
25457
17443
49712
77418
97204
7568
32799
55036
57345
42062
71999
89328
87939
19632
76453
48604
12853
2216
84348
56928
90178
87921
23875
37948
46574
68648
92989
12209
65802
73862
71310
62492
75497
91536
7324
47260
11083
60075
88540
30235
75
7533
19925
91680
42467
55020
79807
41491
46345
13993
8389
20623
524
18989
67282
79090
61712
55731
47854
97303
13661
96309
94509
87112
35702
24388
40580
43779
40393
68488
9428
54424
42320
94151
14511
97192
49941
15539
54367
72459
97939
99463
3268
41419
52978
97562
32550
67386
79103
83622
95726
23117
16236
70329
90143
55371
3813
79708
27312
26633
44402
27666
86015
74555
66492
59576
88278
20389
9890
92098
80780
88121
99774
8014
15528
22949
74586
42866
31802
92330
40737
34420
99057
59476
59777
86270
47930
55658
29606
72416
81358
3829
6575
5279
14702
96419
7588
20448
77837
21217
78807
80327
20725
77454
78991
70037
29071
9896
73153
32900
2383
20201
43234
42663
88068
35412
38095
65628
69007
52473
6033
44208
91454
77595
20786
16118
10896
32492
63795
40969
75447
2111
411
90229
51988
32101
88664
73090
81744
87849
22053
38182
4959
59450
26950
96998
34959
82476
37815
17306
35572
64005
35390
24530
90112
6239
27887
6264
14329
50684
94934
12153
34318
4013
78924
52742
51542
82418
32177
24836
70584
19292
50936
59626
32268
83525
30149
17996
43618
72505
31942
87373
89725
16163
82222
84978
24922
25630
26206
57881
54711
64730
88459
13888
37930
53376
54044
4503
46850
45705
29276
22206
48017
48019
86146
44954
71451
13935
178
60812
55069
52808
53972
25186
43866
21442
8548
57417
51876
25811
92734
71510
14628
69312
78697
74942
52874
16022
12311
97726
82538
33693
31244
87146
61657
8364
69350
285
1130
94093
43547
96453
44377
19942
22914
77491
94687
38339
1172
84467
30731
34067
79554
3913
26759
35861
2295
90985
6853
53397
41126
97626
64284
71073
93508
50721
63211
76154
75631
3046
44720
46452
39842
93330
19432
71585
50945
74541
55565
71715
8248
59150
55189
25787
56435
52470
5584
61877
74977
92224
94652
25197
66279
17588
8535
74963
6442
70294
28179
76766
8283
55155
84542
11245
40536
71447
25167
6260
30687
13894
97744
28143
44524
25541
92536
51729
54374
87547
48949
80062
50584
3844
56341
78368
43312
83340
65704
1982
44944
36322
59909
60018
65867
36247
78735
643
21846
87434
99692
95862
60580
36049
85469
35318
67067
75990
39761
4736
10560
77554
72849
90897
31753
52735
9039
83889
62764
11649
420
18070
49615
94876
28717
45930
55248
68921
92366
57899
82615
11874
47037
10471
31040
16396
1191
35304
10815
60685
41658
82565
95644
19848
77657
10880
84544
30570
80633
13039
78769
64800
65552
84821
3079
83106
3236
23944
41426
41617
5085
70104
85311
95418
52530
5966
34023
58880
64589
16192
12090
26891
2630
18865
76380
61101
50914
6897
24772
49568
68277
53205
59620
13058
88504
43961
87210
21201
92206
38421
72180
88334
10428
57047
19498
89662
48325
56213
69091
9996
22832
89891
39491
52756
25781
93929
81610
41696
88166
92760
53372
56299
47665
36114
86614
70254
47723
22884
75766
95933
48137
93331
59584
26805
2982
42803
86132
79566
11295
86692
48496
24483
38538
27266
36753
81906
58011
85233
32539
69604
34013
81529
55596
55161
86498
57574
23994
81439
3281
9723
626
84193
88583
25131
19516
15925
82665
11635
13644
52627
82746
49238
79426
77874
13738
64305
20249
65014
37284
80380
68580
83283
73388
21926
24196
57695
31509
94446
48236
31374
93107
3430
88789
69016
52577
53724
95026
76301
2368
13682
26096
51072
65538
24366
64047
95768
65976
18602
41158
45577
84757
33363
6251
44313
73782
14465
69947
33369
32589
22388
93828
3378
67407
31284
20225
78865
95498
71168
88623
68456
43297
25797
7553
86496
93157
23652
77018
88015
51049
18744
2284
32733
72890
91917
31756
67741
74597
2263
67776
87572
88884
60433
65431
45450
83559
53098
7390
28975
83180
79912
84466
70482
78087
86072
30101
73321
11903
89663
90808
49456
39036
64883
91117
84282
40481
20819
19311
65957
4922
19678
18787
40418
70035
2382
25574
85001
99636
67275
11589
45660
95082
2699
72725
73398
29274
91785
66475
56702
17508
35966
28444
54038
65211
66649
34343
43449
59865
20646
71725
86297
30109
87943
78149
63858
45667
84416
36188
26129
67516
11520
40052
48967
21544
88782
99053
10094
84979
1883
45176
88340
58463
77206
5150
38359
22685
12843
14400
59107
81937
88029
74435
49760
83499
32796
40541
10874
85931
17523
28063
41195
64288
64623
93193
13598
84244
6855
48683
9480
14124
90842
5814
31972
57312
71883
26925
70752
17545
15575
73878
43227
84145
34295
26385
10936
66226
95954
50780
89955
33458
83940
23241
73925
97146
64209
29928
65798
35269
46333
50361
29697
25732
78085
65212
95706
66271
28270
44683
95655
60193
1992
94271
14939
15686
93986
10166
8813
26219
21478
43436
84189
42604
90939
48185
79829
33330
46898
80681
65662
20226
79268
88249
4361
34891
59636
77889
33893
85453
9360
22292
8551
14979
19161
46765
39572
16989
70083
86092
45953
79156
31150
78130
66303
77551
58441
84214
32379
94593
39434
85395
26834
97944
39440
7587
38648
86669
42563
68667
22044
29615
95217
47940
63160
48266
708
55728
95692
67180
27618
87050
23940
39357
36021
94525
98635
88952
41611
11997
11851
96224
92977
97517
57085
2556
6068
7170
18653
38741
5668
60316
48537
14450
27168
93707
56656
96129
27094
3179
8829
91225
17537
63810
3227
15530
99131
60356
65182
43847
33017
13285
99511
13086
12078
75259
25448
94177
10736
80754
47157
16481
63531
41047
50651
39878
55586
29004
64079
22624
20327
95565
71498
58766
65795
11371
29579
14321
48835
94923
72876
1289
63033
20469
53330
35955
11594
47380
55433
82433
81178
74297
50116
15219
81510
49789
60640
48166
14177
49874
73959
7090
87941
20515
36064
9248
68993
79499
101
54010
71580
64280
26003
75201
50979
33821
41818
77543
90927
37339
16908
99527
21402
62379
45373
7289
11972
32948
71135
32872
88083
99474
16216
42857
45613
25916
33494
82943
2109
59720
42455
54457
37247
76741
24193
79626
28587
21427
65473
79535
75101
87817
96752
14976
68498
61488
4614
58105
93671
28054
84686
8976
71130
50730
6122
96735
77774
79801
86052
67680
25299
51113
80
20546
19124
69142
82349
22390
44288
43656
78715
17305
40468
9636
56388
9987
40465
58373
79790
46266
33539
94538
94978
69805
57718
78194
28986
32919
70923
55044
790
8236
96679
31702
9799
59132
39070
92383
33140
48081
33572
44956
99683
70658
77514
89336
43292
80988
95637
78501
36020
37123
51848
39829
91817
34375
47827
24124
71133
7635
60436
37781
36756
24014
28722
72577
82466
97776
8362
45969
35219
44728
72742
18117
32075
14956
44054
17857
89576
53750
32445
44044
2673
88240
85267
3473
90204
9949
7888
13369
49601
62758
41754
32629
31167
64197
71881
93987
43658
63953
96141
95775
48139
87352
55143
37619
34422
49390
51327
59143
57483
49389
48593
26963
14780
20828
67860
37258
71353
14948
64602
31970
49736
11548
36528
23126
85985
82547
84226
14740
4640
75651
49446
48596
45230
61549
11217
1295
28201
67304
17789
36470
9371
8530
80894
61891
8370
10569
17557
71740
43418
8150
26697
38630
14051
90682
70575
20174
84620
78357
8085
37789
16410
62093
76250
62315
68293
87078
93777
15556
83000
67010
79391
47696
56055
25746
17064
86185
61756
68741
62834
33210
22168
86971
92397
69936
22833
1417
21803
88676
61088
69320
77498
14995
49242
55885
51360
23682
3563
18882
32311
34836
39850
69984
1197
17693
91530
23133
44122
23397
2493
77270
27746
80743
34990
29939
19937
83224
21438
26641
4933
74203
36328
59746
51575
38022
67908
77692
71733
27926
47718
99455
48578
84289
82920
75637
3464
21291
32514
85105
34185
62796
65085
60326
66901
95255
57994
45785
17154
50276
99998
65972
91288
35842
96909
67414
7682
58599
15098
55520
45630
56165
19030
62380
26991
86041
54680
75809
65101
56086
33316
88473
74747
32087
8973
69618
3985
85664
42023
5318
1232
54772
34807
94202
77633
30382
21839
11095
78800
45927
18132
52625
30133
22680
42628
47012
87085
96733
88087
53406
61253
29479
82393
92343
41015
77490
7043
68570
70293
60846
4462
59754
81168
31387
76100
99050
42463
47437
82059
41458
60634
89147
68269
21810
70669
6750
20659
91796
62420
66412
61734
77962
4896
97236
14911
10209
10064
63658
84706
91438
52289
67367
94436
46287
46901
1272
91794
65558
1829
7416
49730
70364
47978
35220
1640
85617
51229
68104
79546
81015
54594
76454
91505
98882
87963
90529
296
8844
64690
75077
33059
73105
78444
53183
59170
8580
67702
68325
97411
24851
11723
10792
8193
9376
94594
31127
8520
54138
12207
50596
35559
23112
32316
77049
44662
42965
67264
233
71349
13281
82087
4565
32020
74951
94785
63586
92102
44246
39308
26445
90095
23571
82063
68990
81979
40722
23638
10716
61173
85934
64356
83659
30740
1621
7813
19088
82611
8419
2068
73202
82045
54263
58496
8864
14193
96636
28259
6051
7657
51368
42954
8115
35298
91447
45384
72121
34946
89089
41625
70431
72229
24658
43688
72637
33856
36924
32236
86178
8942
34552
42924
48340
5536
32924
12284
12878
60302
7458
39494
89481
1297
89508
52027
45428
17184
26282
15270
44999
87542
31568
93448
50694
5683
60408
5300
74889
44797
50369
6760
47402
82309
71057
95124
27994
92391
44260
36669
18866
92337
81278
25597
31667
12691
7772
97707
55441
44133
92104
12553
35940
91089
29754
15717
59704
97993
35545
13727
44427
26148
12943
73834
33957
72494
69776
23132
12627
58230
19928
85183
85639
25666
97328
42580
32373
57225
10358
86755
94935
41986
65949
40470
97611
12703
93050
18896
66313
96979
19674
52071
756
33451
76632
8812
11846
39194
89865
40320
54007
66534
77333
20221
95085
67334
40778
71778
34139
75200
65488
37472
30469
21624
83054
556
26480
70207
23702
87567
16886
18687
56909
98077
45454
36468
40388
17470
76294
16505
78253
1507
18413
27388
81163
92411
83814
49147
80717
24739
83776
44261
37521
52490
78417
24917
97823
42253
34631
24737
33836
52813
73338
22281
45601
57700
17177
39953
35420
91566
99744
5327
45834
26269
46394
37364
40092
14430
36580
68876
13436
15504
1267
83206
96200
90935
82335
23749
98881
30504
54437
89732
72779
85566
69337
56411
99067
33174
42488
91138
60688
11287
69028
9096
55983
48164
69649
73296
45191
87991
4783
93320
96236
20937
19459
72184
23319
3871
32283
73349
91987
28629
19981
99158
13619
77680
75071
46054
75347
62321
78602
72082
43477
78132
52883
16433
48980
68635
82067
88608
88838
75961
27570
31981
45208
11575
86636
68804
42753
98724
65429
65213
15987
12451
61546
34337
97845
33807
58292
52207
51453
6391
52086
97120
6583
11207
13693
53866
93772
62622
73133
75270
87354
79457
6341
69846
14510
55197
38453
78686
67995
60957
15092
31119
69150
19975
92504
77046
33631
72182
68832
73677
78051
6959
18305
31010
52787
93012
23303
4014
71292
79364
86332
31898
88961
30232
1331
19511
72142
46748
73605
60870
45966
8076
16848
36976
42890
50553
59297
92162
43474
87022
47893
46983
69520
63719
46339
13663
22151
2354
98034
40946
54423
41303
30715
65580
52302
67914
24052
19647
99100
69547
22891
51812
48265
96290
39787
97321
13862
36016
65794
20194
63842
15299
261
50260
56116
10175
2710
26966
46380
89833
18931
58910
19397
40626
84629
13419
52484
46419
73542
27253
35097
87756
4441
2549
8816
62607
29497
68763
6019
31929
66109
67113
72268
24329
35283
68144
59813
47076
95262
7072
56230
18472
78372
46181
37068
52269
18957
47501
23048
40309
80970
91137
8447
63638
19170
14644
58654
72049
60058
38186
97948
8751
99691
59615
30044
27984
22247
71152
55306
66915
21114
68507
8545
19750
98351
40381
79976
13120
47889
18426
48997
5371
65371
91882
15901
71857
5391
78600
86905
21578
33736
98742
64477
81549
26426
41699
13389
82086
66524
72581
75654
51742
70370
54586
43769
85443
38825
14952
41398
82808
33719
31372
54317
50471
76940
59317
22542
64538
23260
32435
16996
54797
57761
86833
3006
14547
7767
15013
61001
98546
73947
80990
25707
98153
28420
94706
23498
45627
81075
17191
52123
40115
57877
91826
27180
80439
76875
24422
29329
25648
66294
69047
12031
47143
78842
76153
32193
64042
59756
10169
24492
51078
17085
65922
82177
41834
86737
24880
20368
90148
5366
27116
52631
23367
35646
99451
55350
64484
72668
82519
43318
28687
83912
39765
81391
46999
53407
90594
30799
87672
39894
82683
7202
21286
23650
52083
26381
74814
84940
82368
87316
64483
52043
34546
26875
89219
85856
48782
68211
53467
29616
99908
82935
41177
84090
60479
71414
66949
61862
1662
37555
21312
33188
74534
36471
19110
49073
97318
67448
40531
77336
47918
21075
50781
98173
58691
64997
87662
19996
72169
61042
27740
16258
51045
73147
99206
19269
46571
78802
54041
64847
66031
12870
83740
47141
91336
82252
51732
42273
28891
83853
5398
26214
27250
32594
96626
302
71485
89925
37144
28924
58588
51702
4276
49387
57154
21052
58280
60606
3527
31306
60679
53886
44316
27912
64377
7522
46060
98734
7427
91524
33237
80466
78295
76020
83818
29686
67928
19086
36280
43541
93771
35148
53029
83731
89712
55846
2006
54914
44685
11809
74015
83256
28328
10285
81761
10800
17540
65469
53601
37497
18128
20270
71909
21967
23172
20039
91671
96809
83952
4047
41858
28470
25220
57458
60116
61824
62431
47352
30906
62934
47950
55645
58990
16904
28568
78857
54351
23845
90496
23741
34051
24954
97036
61514
64140
17046
29883
21213
27230
30000
10841
50804
78897
65517
91387
3302
56518
69524
22992
54258
61503
19855
73409
29225
24296
88438
99888
93704
41084
25231
66629
22457
6715
25216
87309
47288
19184
27405
63459
53137
30392
40558
38795
40681
89764
9826
27943
4974
67072
37060
88916
95388
87643
19435
59168
57844
31247
43431
57263
20258
83466
86525
44811
18147
55864
94873
57855
4493
98839
86824
33780
89810
40886
49998
68559
89511
80976
41114
74259
72648
69938
50498
15872
80363
61808
2594
7268
44164
98246
82094
80236
84452
12953
24020
95393
96121
18786
97466
55277
86359
73041
56667
97282
54453
5392
1627
32049
10677
77762
3120
87909
7562
27802
63992
91302
52793
52261
26216
88697
64115
71471
94827
39120
89563
3467
46022
80740
43296
80799
14408
86574
1164
46811
26883
55510
95317
5286
61605
48487
79954
90207
88510
26792
47685
23192
9380
27110
6657
78739
70646
2410
46556
58026
98988
99781
92321
83566
6511
37661
84272
50966
44130
79194
44625
78068
66773
83811
22875
871
16911
30653
37850
80154
47050
97651
8341
47161
52749
46402
89318
63049
45490
91740
77458
23370
58458
48501
26821
80057
97251
5910
66631
57786
44947
34427
90761
56246
90522
61316
72933
71440
55902
49846
72727
13390
90736
43427
42939
93409
21212
46687
88060
51477
16094
83695
70942
31107
4413
23217
40175
34
25974
73443
15459
57538
29146
61068
51086
77900
76019
26061
83301
68573
11989
33453
44987
12707
51034
79657
39488
27005
15644
28820
27389
22385
63584
31064
98976
88299
86008
86376
78038
34492
26331
26322
65043
39516
76995
40866
94539
36045
22149
27104
11931
56300
94638
41857
35802
387
17224
98213
23894
96774
12474
41147
2742
12926
95068
78459
54034
42327
78410
58448
8842
50435
24985
93052
29238
34032
36111
22865
42135
86929
39747
81427
45805
18294
10260
69019
75114
20636
65295
84354
82655
59986
26483
42475
87944
40672
41087
97086
45056
34914
14505
5302
47884
52646
6369
79191
43348
66310
3427
94561
61654
2453
5617
94589
11750
24727
45875
79922
87663
21318
19837
86023
50863
12151
92274
31400
59794
22880
10826
62956
43987
28577
62028
3812
19980
64022
68689
53895
38519
276
70285
47230
44778
24166
73697
69688
1585
51184
94824
16062
46719
53246
2696
82679
11476
5763
27328
59445
27489
68368
90976
7692
66553
43581
1118
10650
81290
29722
99832
50246
43765
10698
10532
63388
9300
56204
75805
83474
61008
40646
30766
35674
66724
74104
39770
15890
57141
49403
76908
73552
80803
26094
88435
86783
14231
92997
67732
12547
84096
46640
50002
12101
39299
47421
33671
6948
43411
37057
98446
81650
53735
35810
11324
83380
46035
94900
7735
63731
83044
61947
18958
77968
72094
2463
92744
21728
86606
64508
29197
76296
83743
26027
72138
26168
67985
61921
21078
36957
65676
96171
3418
35707
85731
32232
78421
27525
43265
27454
1674
76306
54030
32197
55211
27854
12779
80986
26367
43279
67989
48250
59280
60329
20579
15907
58603
22472
63228
1807
80467
33178
62377
62637
6058
61529
81219
19873
5619
79014
60243
44319
1392
457
74946
28315
16359
7624
16021
61232
8077
71252
51857
94899
96507
2033
44229
47008
54218
53859
83780
14270
53425
39448
14416
22554
60998
15772
7526
93006
62250
79091
74733
47564
63865
23348
60963
18832
47049
54511
93827
85375
93816
8648
97160
34750
34418
72267
63201
65329
54333
17310
97873
42517
68034
46595
4132
85714
90388
10245
14179
12630
52541
23816
12715
61305
66591
58335
57332
58402
59226
87571
64539
36950
20439
54565
95985
45717
28102
31389
94212
7281
12438
97922
33399
97178
15322
46113
20650
94491
2087
91683
5143
10061
64974
61946
67961
37643
60160
40800
61484
66193
1317
70047
28478
93670
58342
77472
80864
14998
43911
14015
2421
90149
59108
35921
83630
3039
54440
33992
23292
85565
26181
38858
37773
66912
31645
57472
10326
42709
8361
2280
33554
99311
33818
75669
38870
90876
61242
92239
61699
52621
62387
10452
30424
41822
34551
49223
26119
38717
57448
97729
21947
72576
14651
300
63121
19195
85023
65959
98642
85118
30074
56201
47475
45991
20279
35515
36559
85401
67768
14025
81432
46952
35890
24696
21203
55742
85340
45379
97256
576
81038
52945
79574
40188
27969
95889
26853
19828
7640
29898
57173
45822
18482
99915
96812
22937
36017
67857
52036
28544
3370
39645
47082
46570
21727
22391
11098
79738
80161
29008
45718
84993
59758
69195
20141
4674
24025
74604
95685
68704
99164
61799
26296
80941
25627
62407
42497
57493
89162
26499
35194
47960
66616
65876
82020
82569
10271
39674
56845
10737
61994
2592
47438
27601
11065
71549
25196
66603
76226
28535
11766
90426
50451
44917
59646
77531
82884
10778
79205
31680
60458
41136
96928
79729
53286
95451
6758
51590
21494
15411
84546
91310
56698
50947
18066
89192
29757
21040
78029
53473
17235
81346
62174
47206
48856
56257
91762
63476
55216
69121
31620
53628
17547
92495
13804
68089
95142
53510
73769
90186
74173
28327
81555
61809
92106
25204
88230
40119
91582
83602
61888
52886
949
85688
37863
5087
44632
93657
89523
99190
67769
3910
23659
91956
8798
55360
29614
24839
16563
4637
57885
44828
24266
32753
26042
14892
62606
44111
37889
61920
97501
24264
5632
89472
97521
5321
41505
45853
984
87091
98610
51002
73821
83010
31534
24175
50861
72656
30594
47676
81281
56631
56051
91858
89429
76626
19836
17218
24402
67651
63047
57082
91238
79717
23846
57317
83449
11933
53377
26953
58035
2759
83687
16306
77752
11043
36853
67343
51785
18774
34449
85871
24354
97280
91736
519
46790
16435
41009
45919
70064
99218
29409
16111
20648
62588
87808
70678
43708
8217
14356
82690
25365
52801
59597
51612
25830
56297
51364
9073
57585
87378
12584
541
32693
49922
23676
6822
83638
27634
99087
8437
17022
65218
40100
99694
59722
5341
4829
97158
78230
39698
99332
6972
61195
45448
59849
54980
1877
25868
74174
18446
94175
33127
29717
79623
7557
53249
57508
41622
90296
6449
85315
71892
52057
17448
29980
73175
52536
77910
11017
38160
73292
92122
15399
2358
98276
45565
71058
19801
72486
60486
46712
62548
74506
42346
28189
43129
11817
65588
57677
13272
86102
72031
88807
19682
75272
62376
70922
55463
2544
90813
19753
15692
41955
95090
72294
55283
35150
16550
22693
25027
43684
94334
54331
29025
26831
85791
47522
90480
63113
89524
15460
72753
13774
60351
43655
73851
70674
75977
66788
61261
15192
48852
11652
18412
75913
40495
16455
80017
77139
7670
28796
15700
25584
70664
80923
2930
26103
93896
68370
37282
74679
94742
31407
78186
67844
60841
72146
22236
82589
8506
76225
12904
53327
62918
2062
49320
44480
6527
36825
29785
93117
79096
94048
32202
59780
81758
46084
49924
5116
76091
10590
82340
70412
92678
23002
20968
15032
14834
40561
3456
99878
34216
21867
57568
10845
64687
56098
83615
35832
62628
11298
28771
32964
732
78875
475
22728
65024
10661
96988
61491
54191
63591
38344
93411
31004
56457
67496
53092
60815
29968
26561
48636
88886
87051
69273
52525
78581
88011
64314
77381
38067
72414
38832
93615
77349
106
38854
38969
84136
49783
86435
7415
71980
14987
16157
74241
77274
86197
47945
47478
38235
95553
64511
67075
46656
47527
26999
68796
27536
38916
71877
47044
12292
75685
44771
33716
74710
14202
10534
26076
80193
68358
9283
46505
17843
20022
40868
71107
41113
71782
14787
52193
70675
87610
47366
86211
86027
10073
54971
6655
83665
22442
51750
69281
45740
82153
22933
91402
38687
62187
85769
62085
85886
11628
86641
18948
64441
99979
60646
50586
51929
41182
71701
14526
34060
70275
93274
56252
81893
88837
48903
55624
53554
12004
16458
35128
69113
54716
2564
976
78480
44851
727
36531
94429
38491
83192
35017
56094
10299
13104
50399
81864
86952
76989
36521
35074
23651
73847
89898
6977
74311
47110
32933
43038
77158
95214
30302
42855
96562
8779
8969
58506
41675
75846
89686
85694
1764
64186
51210
52172
24587
62991
23986
91311
72770
9505
7875
79222
96470
43143
38588
5669
63748
71973
25341
22494
46346
75693
14008
30236
29467
4362
48968
10142
46434
66782
48622
50023
63592
80406
93194
12731
34824
48467
20421
37330
91791
24758
74930
48631
47088
16207
65919
7152
66550
91013
32506
23582
34176
27490
76667
51591
2750
61692
25037
86555
90501
97468
46097
7412
30808
16613
42617
83201
84247
66505
60332
53769
96085
13976
60472
57028
22299
65545
74138
59158
85717
43161
35502
71822
80095
8074
66264
49690
59303
67243
4412
93513
80376
25280
81879
94339
3614
46576
24314
13201
98132
90767
39115
53513
46948
47604
17019
12286
84005
38156
70831
34078
34026
78377
3879
80450
15742
76578
90055
98996
22478
4240
45398
52092
48895
89024
19244
20393
28705
89239
48801
60389
35049
86375
52634
941
64471
94165
15895
61082
91943
53874
49560
82541
67994
46858
18304
19307
13262
27916
28915
56292
27290
69354
18604
49629
26464
89495
35958
10761
66448
64624
7926
27977
60861
20670
41577
49088
98917
90468
92854
92579
36568
31
29320
83541
30749
32947
15656
57091
46877
39219
13823
48387
50916
42968
14544
3763
87422
63262
47634
11502
23933
73823
86953
65317
50214
40873
82082
53698
64294
80972
58307
91977
76809
81616
13684
54540
49853
29306
51013
86940
38313
76956
89201
66560
28458
96230
24457
12058
22977
66668
94944
83797
59826
94738
33854
28769
96601
3328
98268
12530
14314
28911
95605
46849
49019
80906
32275
37538
7302
51744
54056
58412
5358
5888
1193
81263
72816
37782
59607
48708
15632
87413
49839
68430
76265
59709
25467
16251
30508
26514
78919
42369
42521
6118
52707
4171
66149
51031
27354
20336
69806
52664
27723
83705
44456
52912
53514
66043
69851
46512
86771
60153
70876
61134
68843
69717
92685
33410
89806
50368
30758
31457
26828
665
39263
64845
91705
41170
17048
65058
81831
10387
60401
67261
50667
57265
32123
42596
60024
30493
43284
86194
90242
96128
11213
79652
98680
517
73345
52130
76295
59979
93631
87140
6210
41789
44214
75899
72234
68774
9289
72243
28101
12821
91009
90964
78155
40974
335
81343
95120
34040
95230
313
96902
80569
18691
15170
52105
17241
82206
56203
93028
25305
73055
15371
34957
49454
78161
48475
20196
38917
50162
269
60166
98743
65659
35681
79864
15345
96694
85182
29327
46367
77157
57446
74412
94383
56450
45570
25497
85872
23556
17436
3831
59619
16913
62581
2979
77134
80566
18459
56809
92864
81019
69093
12413
93781
92134
40654
51756
51421
60939
84210
48650
44910
56883
66907
84510
79896
61320
63426
69779
37351
23857
75154
3674
226
64717
41219
96937
76725
35720
21805
85963
76909
62755
57604
6893
13574
89294
47523
69245
42148
28401
28589
28394
75659
72728
16046
95249
34477
13628
66320
47962
25938
51918
63350
59010
96827
31962
4621
38273
752
50512
1254
40585
76810
75536
29543
17646
90643
48159
38724
52947
93192
55786
77852
93537
40222
57071
47888
99580
26568
25880
59848
2005
38381
39043
62381
64962
84284
55494
38849
22477
74347
22257
69390
34041
60037
95513
81881
86561
10320
36998
85925
57867
16198
40158
99536
37593
46840
63605
80648
90173
6988
2414
63234
97956
27839
48234
16855
94530
31838
52415
34124
41888
14475
46671
5588
4581
19580
56806
70716
94480
90106
13991
76245
38582
7140
20765
63020
47804
11642
12928
91496
27695
10030
28517
70708
82203
34993
18143
82356
33690
10268
10353
12461
31515
58217
28981
43117
13383
38975
32602
72718
82903
47163
82780
42353
70764
48440
43195
48640
72831
15151
62891
69457
33901
64992
78603
84849
55657
66663
8263
76353
28844
21133
96261
84984
88044
45037
69640
84185
20405
19062
92027
84531
87269
2133
73183
44894
12833
76551
94231
59632
43886
30433
54252
93853
61417
42263
75707
45020
29245
57829
40647
40814
98638
13066
95640
26395
34419
5446
41560
93878
84094
23275
15836
50858
13567
61583
56758
47695
54390
10016
81500
87800
19613
43548
88365
93874
89758
23605
30566
27418
9836
39769
24892
3891
39521
35550
15812
1978
95996
62592
10831
41973
79070
59272
86904
43020
57206
20477
55307
32022
28408
60529
42573
32593
11591
59811
19258
36659
36360
65674
40159
97745
7958
75989
32419
71061
6358
28061
26304
4973
6288
50814
63741
30199
29547
88045
11644
72713
5581
18415
92378
32600
80930
59086
22954
20403
96557
47557
7545
47106
66190
8808
80121
70508
39270
17978
38651
85474
71325
84859
76203
700
86024
59630
6673
23170
44777
6499
85570
17084
66452
72854
13017
24621
63545
25527
82558
69500
66997
76165
10889
63175
40933
31354
96714
67449
47704
84129
89667
27755
63732
41068
75743
67419
21823
74899
65354
59346
11107
53898
53787
15067
84682
51545
4053
48405
58565
2360
82095
59
66683
87068
4102
47866
20445
52427
78985
48770
83329
28829
13363
24755
90849
68715
67547
84550
34922
29678
80736
44252
43804
91926
14147
93173
89597
62960
9564
36103
41058
20053
83754
3218
10097
7935
65954
90300
30050
5986
11293
40194
66956
20963
17555
83246
68830
82869
98792
74006
61367
90303
90416
27991
17463
70652
73231
81876
31236
33673
13296
57948
91834
79776
70805
97359
49025
8526
61864
79542
92014
62649
12967
89339
76356
62353
12579
18269
23396
67286
59862
8874
79925
50178
86758
75092
41388
4619
59638
12494
90284
40269
62938
89191
49959
98637
21373
86149
57196
50194
94420
42602
69705
68233
84599
23533
81880
46664
94041
81002
70920
64888
21951
56586
99198
36238
73363
48966
66512
71428
441
65614
9307
31366
54965
24627
31140
44068
63284
11352
617
55136
74767
71489
48841
13872
1629
52555
12808
17132
1957
26782
42037
64199
92006
34065
92402
10925
29352
66443
24677
48613
12590
315
5743
40105
35609
71836
59752
39234
81171
86516
35014
74372
19769
44225
19585
62700
67647
27518
48416
68147
55323
84417
42684
56525
77612
25736
68721
67833
98137
91970
62770
98478
32672
40529
14965
51805
85561
53890
61805
38086
58371
39730
15402
27407
26194
75060
75503
14640
12091
9268
583
28523
92936
30744
17713
57872
41693
71681
65894
50020
85506
80460
74558
50279
50747
18991
73715
65068
26407
20486
43269
84131
19225
40352
8043
86240
75980
85409
76069
71634
90346
75924
67485
90287
75750
19816
46826
40041
2063
38557
11092
58787
25265
26903
34328
74822
53788
13444
62884
40391
6396
49814
30297
64400
16667
10578
83324
97931
28402
32073
8902
89466
913
46845
37515
17397
17619
74925
80876
47539
70731
28731
23415
3542
96016
80035
34638
43111
37036
6837
8329
36608
27760
82860
62843
54806
49303
36943
85028
66173
68447
17239
39400
53612
41146
73865
84951
44745
44387
76525
3345
72148
66212
50541
50568
22881
7055
29052
68959
99224
58130
57314
28663
66846
99049
98263
98451
77679
26610
1844
43399
29649
45585
71155
49114
11768
71312
15682
52164
55279
8194
51401
22597
66849
63243
85816
86207
5451
53464
55493
54307
87799
81578
56378
52518
33570
34191
31722
34727
10224
49336
56690
54102
41743
99303
18895
44931
99873
29441
74703
11452
36963
87714
54663
18930
80577
53665
43663
68096
64033
87427
90371
96276
79415
54609
20802
57322
2047
8079
86871
2472
80594
42481
76822
17569
64436
73457
83424
82782
28428
6776
53026
49844
81843
5221
10131
89414
71669
20942
74940
71341
68111
55412
65828
83146
34171
37780
17957
72802
84621
78526
17638
18502
46040
3801
5476
16747
997
80523
67269
3160
24413
71615
24334
62358
86738
38487
60764
13568
58734
11099
94562
58940
50970
78818
29943
45629
9354
49551
55291
26458
71051
56985
24602
22408
89448
46259
57268
26846
30859
95631
70722
58099
76898
81142
82660
85845
65055
15608
65859
96051
19310
97740
83141
37145
99563
37241
82693
82601
31187
45604
75463
33762
12890
47137
93494
57586
17673
5664
843
79544
48736
84792
77915
88137
66521
32208
3204
13077
15697
39596
42151
5752
70867
62025
1892
24255
9970
10735
89766
35450
84320
41263
90182
73739
46458
30812
45566
3034
47661
9741
72289
36743
94287
52542
23190
422
42359
2134
51301
12388
28605
2821
92501
46179
25968
21451
37028
22414
68505
77309
93267
64345
82406
56169
37993
37281
11361
14715
66183
38583
43869
4586
91400
96313
18753
2811
1275
73946
76620
80830
16807
52519
62816
92712
52148
51701
44788
12869
15413
2178
37496
61911
44651
98872
32145
20069
36303
13365
20274
26101
57040
6952
69368
94555
47136
66491
85030
35372
17037
84596
459
46460
28037
68780
97543
62030
74881
88291
70760
83067
91860
97233
50616
91638
35463
1668
72386
67418
64528
59543
49929
60992
14084
35706
90848
25089
14688
24121
47505
94625
33782
93489
64841
67514
67473
16372
55808
35053
34261
55131
30673
31846
12820
3105
59859
93439
28841
71287
14579
30275
76480
72018
98029
37978
88254
24935
91533
73063
72853
79443
83402
5665
8755
84776
9639
76129
57960
2317
35433
23693
85774
10195
86071
35457
21677
54496
76680
12610
28319
25565
28683
93076
66941
24962
92616
57616
97084
19887
69422
51677
51564
1791
38617
48711
19681
91481
66377
57839
53240
41242
62302
18910
6788
46892
53221
91108
78486
6642
74008
15935
994
22758
96952
24722
82971
74267
54144
54019
63336
76540
7231
26892
87724
15000
18071
59077
80182
91961
1447
4146
22510
11841
49519
51840
26870
60880
4478
77400
25053
88862
44204
42697
74402
83405
81443
79825
56131
96510
76865
16639
89577
71319
12396
82542
61448
63264
59965
82750
83062
72464
94677
62070
51068
4258
34474
19188
51003
65827
84425
23777
61599
72649
69537
40406
27198
24305
36506
715
2924
11147
76491
75642
45383
30221
50839
22689
81474
31832
80242
86876
45140
22670
35912
66898
85274
43808
23554
62463
51211
63404
52876
19657
64590
71296
51475
84469
12620
59554
46187
83534
93572
96119
37652
10479
20667
22722
92851
29854
95505
34068
68191
20869
99869
13697
99020
77967
44278
36971
78899
92517
91223
20125
20267
49920
80875
38652
85074
66337
15125
53840
69668
95920
31552
33259
86663
21226
79119
78756
74690
87738
97658
36490
69397
17111
12184
61394
62141
9004
45220
86914
26956
55278
5788
16123
21205
23734
58537
58200
2181
41544
52446
75815
82537
69675
38298
57953
59573
27830
89018
13055
73025
23123
47152
80226
47307
5705
55570
59623
68654
42251
93282
98015
81784
45518
2546
70004
76799
27843
47086
60487
97064
42797
34145
52462
88648
69261
91620
77638
73102
62182
16771
18327
70366
28747
93181
71385
33882
16574
37929
63027
19974
3814
70300
1103
84665
24975
87111
35224
90838
7379
77579
73444
4910
83254
16006
45242
32864
69101
87088
91077
93108
13569
62201
99595
10052
84514
92012
49785
30827
34373
97174
47083
2290
59222
247
84866
25859
35573
34316
71744
23231
1061
6682
25229
87955
15970
54460
45679
72983
56899
39292
90535
62546
31277
80782
1352
45432
48724
68055
53461
78463
85355
87208
98921
31139
58065
53113
86230
51345
53506
95749
8930
2153
16775
45097
38296
81261
56058
25078
59870
31328
48558
56893
64260
39391
22001
57589
38338
6599
28031
64916
83986
85938
76230
45258
93968
27378
15427
49911
64097
28931
25780
81426
9754
34847
21546
64119
1155
11005
39826
85225
4161
26905
42953
74981
73535
41998
89601
58528
2140
72567
10521
41026
76671
17994
9873
57277
45647
2942
43514
10708
52457
16214
60139
76851
17531
1351
95052
60157
60267
18425
33473
46130
41466
33282
10409
8775
96118
56862
35518
63338
10637
71052
6185
17501
26478
94497
20720
49113
78700
46900
1340
58534
61972
44852
87731
36116
97964
32068
76065
75845
76927
27062
39271
73586
2969
13298
74580
78010
37338
99854
34574
46068
28089
83844
75870
38276
94243
54595
50556
1325
53635
61398
43675
1453
66905
78208
76870
5661
44515
52620
45360
77896
92836
81642
2018
5896
43177
542
89735
19075
47139
98801
18338
69327
39597
64844
45997
35385
30575
29112
77261
11840
40738
32264
72989
63031
25945
40244
83108
96331
43274
86992
8372
39453
51623
77051
22724
4612
76986
94135
58898
68522
350
47167
59512
27640
25577
97425
71397
62775
72471
26144
80891
72183
33226
43787
23410
84341
64039
41410
66932
84156
35556
79886
73522
16191
4257
25770
21733
40621
50294
70949
43253
90451
84684
65540
77265
10516
52305
74756
57770
19299
42989
16147
44837
89488
44905
32067
54196
40532
88669
1186
72605
84162
56370
5981
432
15448
45145
77187
73500
32141
46304
93014
81221
92807
22310
89360
96884
38345
2790
73895
22980
86253
59568
41233
54568
7235
12667
56432
13904
6226
83003
4657
81944
92173
68998
62862
27575
14915
76817
8476
85592
67944
57339
10282
51079
44265
74510
46481
42003
48370
45008
88749
2940
94952
47089
88624
43290
97508
62115
69464
24682
69413
67886
98728
22754
37588
52131
54190
12470
17772
84728
82931
41807
24585
79019
86921
91575
38615
9369
30332
8412
95007
89499
18430
68482
95131
67340
92040
40259
67538
66934
49728
55202
92003
40262
82176
88302
45606
3749
16926
8410
70724
74713
40363
31395
64612
70484
51205
59937
39165
47509
52288
95727
77713
71179
96625
87349
28285
81170
13698
13076
55476
43710
52911
91133
10150
20495
21444
77379
69140
23594
47979
27744
53541
16585
95354
99768
34575
44062
70566
70726
12850
74633
5006
95355
25024
95010
62279
94433
92554
78211
65095
17727
48178
58918
16812
62197
16078
1285
3381
23900
79182
7210
6739
78506
60341
65568
95387
25135
86671
54402
16231
26057
31036
39426
21374
77087
27483
41498
50393
80765
42126
79582
60879
21911
58136
77513
78309
47456
19192
28955
21582
24443
95490
59934
6298
94107
47125
13696
18510
14154
45131
90623
85838
23223
15392
49715
29102
83677
92971
64527
50438
20357
18025
95038
91888
79909
3840
6849
18539
43628
3347
53687
84751
30837
31128
8288
43091
7546
37914
34405
87417
13717
34278
22594
49780
43648
62084
97195
38287
89321
63415
71445
41171
52504
45621
23039
90493
84058
40745
76400
26745
82862
96851
24752
30231
64195
70753
96426
67948
40765
11849
637
84549
16735
11392
56975
58173
61467
41842
93770
95639
40112
32253
16811
53053
51448
76860
76999
25104
98000
53452
61580
95162
95246
11118
1460
88773
16984
16453
84061
2787
23373
96995
21788
85335
56856
74689
76391
1245
83447
26456
2909
47583
57491
19201
21278
19912
8060
63501
63931
223
8071
28295
89054
4271
10837
45322
94467
80250
18650
92566
98010
62634
38199
32968
70365
40121
18131
28212
75828
56725
86459
88296
80709
36354
40022
59258
53456
32787
95239
16946
33636
19786
9303
47121
21359
56028
12335
80336
14786
57146
83612
18915
78157
65160
88535
97780
23059
57766
93652
33101
32545
67433
66548
92899
66312
9216
67177
83749
70815
392
64443
87347
68545
40503
42919
95515
16237
38826
9347
54669
28468
43625
5454
40924
62780
56032
94459
77226
41755
96359
67803
69636
9204
75444
20759
95531
61835
35016
82353
56662
98967
89040
640
88362
32892
96678
51209
91087
93502
18485
94508
48171
15655
99901
11126
71103
10386
24345
87209
68391
9220
60863
30082
97142
92302
68814
27033
35790
23163
75516
31665
84326
49155
7274
42515
68092
92250
64292
3330
17622
21296
30620
54919
19345
29458
47240
32626
987
3479
8444
72755
98054
80020
22187
61677
81230
12164
16488
63219
86743
99441
43745
76854
32639
87984
64817
65394
40984
7646
98198
18511
76737
55813
89991
56415
49742
39723
31502
49614
15251
91185
24436
68914
64129
35553
52556
18023
44003
67595
8875
86603
64985
39512
50431
41003
51566
17330
22417
71514
5339
58197
53511
44925
44970
36110
88200
52436
26341
38723
64221
37269
26498
63959
86045
42637
9180
88356
89118
18288
38980
45913
49772
10679
2321
64978
34729
74025
16867
3338
82813
3259
1911
70021
86464
81545
67138
76145
45089
62052
22267
50292
2535
72155
76672
82434
60536
32696
31518
13685
1498
90003
36826
63664
89730
56632
71450
29408
93941
30029
37664
16979
1796
19943
20516
32573
76375
86220
31059
60219
85788
66086
40500
91716
52452
95373
94929
95043
32908
46356
77785
23495
44056
26043
90102
63710
69087
40838
22718
76521
24235
48407
85364
74734
34259
89983
27235
59308
7292
88618
29390
73729
22808
35885
74292
4164
73988
10045
93665
28326
30274
23153
87901
67687
5858
28200
2221
49449
67646
95506
15096
90502
38387
85832
9507
96652
24447
4828
41552
67921
98038
46702
39729
35968
90674
78470
44838
2438
62295
84851
46321
49186
62033
21794
21812
91190
58615
60588
96590
89510
45886
27346
57127
35735
13735
69400
81780
93016
52293
41463
16953
7948
74426
67721
52002
31428
36013
20615
81039
30836
49374
22154
34438
53105
48618
8151
21377
45754
99221
27155
65304
34355
14086
72461
12369
89259
54597
13926
55893
2690
18300
37439
4542
17575
43978
79619
77475
52828
77947
9508
93004
8465
24688
8486
52982
13521
3789
2179
9445
22621
31074
57311
53058
87039
66942
27837
85836
27630
49478
83020
19797
93316
55993
79093
47045
70407
30951
89070
62313
13068
26811
9353
15268
43521
6136
94951
41363
88005
8422
51261
42338
32446
28392
27413
37690
42429
71651
71264
42283
15337
28659
82107
92788
2503
61150
19274
90782
65140
64367
75621
21295
60613
18292
74079
65952
70600
77908
79509
96540
22491
58036
47075
1060
44750
23358
84903
11836
7389
29199
13106
39465
27419
25142
20440
31895
56778
84676
29759
69928
43153
71400
22608
97259
33845
73547
24133
820
55038
54084
63008
20590
90932
34380
31020
20311
22193
26012
76961
53268
30705
34674
95811
13742
36070
10824
19181
25513
56604
90659
81797
98774
50795
78511
64862
58135
1457
71923
60229
74638
42937
80719
11641
52157
26675
76023
23182
8394
61589
37270
89266
46709
27364
63236
83961
43254
81517
19825
3523
94410
52670
1016
87980
67101
81669
83619
23436
13588
58255
33940
73361
85354
92575
32583
48833
45511
91409
84122
62825
7830
52565
19870
50206
23584
65388
30656
14605
18520
28557
94283
395
69212
93017
60578
11103
45196
78925
75325
75531
62808
61927
50423
17580
24319
86828
4410
30814
46424
18136
57991
68084
11957
75778
77120
27065
64419
48773
28080
28918
17233
99379
18496
72227
93029
78222
79166
7181
46959
49552
60979
1413
64943
59932
25373
90649
22810
45573
6125
14877
40106
10726
38797
7873
60889
23899
15335
94889
67
99275
68960
71891
68850
37081
79013
55434
50637
36986
54024
71869
28673
97339
531
11385
82454
39795
23218
67930
79943
87602
81032
77408
24883
59384
49299
7576
54077
5403
23497
8787
30020
76580
58526
41628
40015
31872
70671
68755
22072
57453
49892
14661
62895
78977
90729
39409
25902
59477
90167
59850
85161
44224
80901
74543
9363
94632
74923
45569
60120
36154
58572
61224
58211
53753
72517
73537
54271
62320
59562
4461
94518
11568
4907
52790
54623
63884
31824
75281
84015
54898
66007
48432
11072
97991
35806
96490
36694
1187
48955
34479
6479
20844
14789
52072
60198
21334
76024
78999
98533
76554
45174
30307
78005
38178
50345
71277
57608
99431
72432
53730
96611
46887
56481
8510
20447
50226
22566
67087
67136
90442
5564
54628
9334
6217
80510
1298
57633
62694
62394
60819
79819
97560
94673
43668
98239
90834
48649
7535
74324
35266
18664
24187
93183
85112
11829
31823
94666
92783
39456
31103
40024
42219
92858
60765
6170
24410
71904
84885
83656
87982
84815
61594
27731
21024
94419
44600
88393
56447
8566
89616
49107
62676
83495
63583
69294
7854
47650
59173
11655
30237
50533
72147
21415
73932
9367
58360
55152
56372
64564
13997
30989
95540
9522
15563
5080
86141
97302
37552
8000
34497
30843
51406
41187
93048
11805
23993
50882
39794
19576
8129
56772
76930
7004
9441
20293
92545
34128
89257
81956
75895
68098
43777
52007
94103
30427
29699
17611
71663
76590
24626
34370
51639
47900
3917
55368
28317
86357
33295
35199
81624
98574
15561
6397
97698
38068
76660
58625
27831
17353
36398
74588
8439
29901
42827
66516
77208
57826
42122
75355
85309
73322
99560
48886
16276
81169
15690
30874
99163
20593
48235
24432
44131
18913
93515
53432
3751
56476
43142
6393
55855
24080
50385
34358
39803
45744
44271
11153
80587
53154
88168
14027
57119
44512
8660
31189
6880
88887
68888
2675
19281
34333
18157
56646
18391
16616
79955
45738
19263
84691
45513
45993
5667
91985
44449
93130
54027
27520
9513
63644
83545
18403
7288
11761
84785
84287
85738
46423
91816
32905
37405
74959
72906
37212
57164
67545
55408
12150
4325
37484
61821
14698
41563
96781
25255
68664
68316
53933
67641
91664
99178
33252
5815
3109
2013
41192
90137
76920
47247
19933
66228
44066
49474
40248
79891
2268
1947
10627
690
28831
20308
4465
22062
89516
55140
46229
69615
5547
91950
73197
32237
97577
35452
54988
11478
14216
47390
5887
68294
28010
97759
71166
74121
76958
1942
21662
30201
63456
71164
1878
38718
62484
21400
61290
17900
79971
6319
65457
32100
13358
43930
84955
93358
52150
30157
19910
59505
57641
82629
5977
34660
5273
53585
60094
13161
70686
40056
7142
99806
55788
14353
76084
74648
3954
9537
94930
2131
3631
82973
99807
91035
61421
74011
77694
10617
81814
93046
35821
26781
47173
48579
81975
53669
92359
1323
82012
97225
14108
18259
36823
74082
77672
81694
27598
20900
97394
92015
52781
22090
80208
72091
92668
47944
14610
59310
43213
24801
81014
88744
87145
54179
77548
88413
54280
11435
41251
45063
73366
30939
78040
30685
45639
48533
77449
78984
57540
3818
60687
67205
38445
31425
26297
17368
90735
35589
5445
61204
8832
1326
76087
32284
78814
16497
79595
43453
50250
83463
81817
99234
33474
3013
97106
71679
78037
9113
31677
87818
24787
71707
59785
16504
72751
98518
63363
44358
633
3118
99855
64112
48784
68426
94377
39459
64083
90359
89603
76966
19346
54375
60201
42715
49007
56797
72826
45461
97108
85626
36262
37960
33938
1775
28215
93669
79835
75018
36613
90457
26844
21529
52096
84311
94047
36031
25658
87928
57222
31259
83942
16542
12769
12647
49272
83852
58121
80975
23503
56234
74779
67385
97230
66676
23004
7178
67372
53997
96609
23692
11770
68696
89762
42032
93666
62878
51704
4940
85844
26414
48638
60525
13967
56310
43040
80069
95883
53795
9805
7683
86894
386
5458
8411
9198
19226
92891
76028
45623
52602
49304
44020
59375
99489
21944
12105
83683
47246
20682
1274
16722
21097
87190
29076
52283
52872
44153
84947
26670
7291
3167
97807
74540
32965
68970
45587
54665
30659
67151
67157
56172
4482
12273
42373
24482
92316
38711
18166
92431
85067
96096
98898
44018
65396
60442
72022
28287
10881
37605
4868
44712
75927
38395
38665
63524
90466
7774
30834
22629
16135
16921
60932
23531
64662
45146
19290
64456
49166
33308
60225
84399
9098
2291
74982
80148
49955
12473
56228
8796
80620
30172
80791
39339
53298
84765
31540
75802
20620
82516
38241
74655
87969
33250
39355
98567
32422
29434
38419
94088
68131
72364
98071
53380
94784
93960
3285
96811
65299
84031
63538
84541
26163
4183
46331
41686
2806
19283
7449
47732
5671
23873
35938
36576
91312
13465
54549
91688
81966
47773
54230
42967
60397
64238
67772
25840
13329
56079
94274
15508
58086
33065
26075
58661
47459
65900
83450
35265
54957
66833
73998
8146
9916
3773
5622
26941
68727
83084
94422
52417
67509
84536
13331
16161
73419
41374
3981
43343
84907
55540
67484
14234
67528
48731
43089
14252
36287
28003
90320
53213
80801
60171
18246
5399
36107
97872
89046
43981
43629
68115
32664
1757
23110
46612
66263
37406
33527
51348
23710
63182
2587
7641
45043
20377
91277
71001
88236
57300
86662
79256
36433
533
71622
17081
59712
65781
22255
10562
77396
68236
15361
19944
76134
74475
11280
47814
35658
26018
64630
95598
90390
17704
68841
17350
33860
85343
66329
87429
30563
12283
12446
9184
11563
84049
34690
23375
59807
46908
94302
49501
75956
75440
77786
81608
60269
56075
9128
15279
48365
3795
85166
86086
70105
18344
62038
11240
27853
49445
22134
70501
53507
83277
27624
49823
4439
31297
40823
30693
95464
43989
70925
59411
52368
91394
40229
85848
5293
32412
22129
43019
6498
80516
35826
96576
20785
65505
17775
71218
13414
12777
71731
5344
92902
41912
42240
6421
44920
89098
23142
26233
92479
43030
24868
85007
1109
50042
97141
9697
82438
57811
6330
35173
73473
95769
37659
97287
50760
4726
49618
26164
10525
71119
70810
30613
84540
97247
63760
5605
2279
77537
60516
88478
21089
3517
51912
34199
28103
59283
51483
67289
44596
24659
51946
22102
15882
3586
87533
97938
86741
3356
88131
32756
20779
20156
62396
90086
82906
72282
42537
79784
94937
45657
92396
77037
3450
17086
56306
48608
18067
81050
38013
78796
47095
67175
51358
76424
84901
84106
65590
68613
55072
77872
68951
38058
99269
45466
25645
42250
7262
35250
35846
14637
64596
16241
25821
72714
25967
16748
89692
8671
70885
3195
31598
41059
41730
44472
26960
48398
18953
8838
15909
40133
17655
35093
92856
22356
37503
21364
97152
67689
40313
6096
39002
96606
82622
72214
67069
76517
86853
29296
36570
85549
84054
40482
72378
46558
61233
55423
95347
68150
61133
31579
99884
24618
861
93484
14551
54411
4496
28173
55198
41079
78586
29747
78711
48904
94140
950
59446
82042
68838
2301
70086
65925
67585
56696
67161
26929
44137
35631
64145
6581
37037
19595
12053
99166
43936
64228
78625
71513
88386
29676
89636
72918
98315
80141
63786
2415
49749
78272
84759
6757
64503
81905
60945
32686
72245
61461
69722
47297
75496
58467
95164
98685
61606
42972
66576
9309
56709
94872
80171
75008
97270
34329
35264
93319
46775
34794
54984
35632
2799
63224
88787
99831
90723
61489
12656
69531
49559
23683
11270
65620
48006
40717
40661
53829
91189
2882
35597
38029
72979
37184
45710
84995
28746
16746
12546
72566
1667
44116
155
17532
89241
16351
5751
51799
65210
56334
97423
28968
32779
25069
46773
68819
51246
24306
20655
41085
91313
53572
55410
40138
84613
59947
10086
58258
94273
3687
48682
81483
9578
89629
27210
90732
66674
50123
19000
45041
88905
57410
88497
25336
66855
97033
49847
30478
39306
88979
52102
66257
42358
55926
47026
9635
18146
18526
4502
39317
6738
74332
311
33785
35766
21263
52262
56005
23063
31927
79152
59693
91285
258
32832
46048
71042
39778
33418
80936
23234
30377
77640
45217
26505
44428
92313
5194
11608
22081
42634
7723
29233
99704
88367
14792
93324
70057
50766
22842
15524
29013
83105
38535
45712
4554
49579
75720
83704
20727
97570
95936
30830
68359
11355
72034
49081
54347
15767
67221
32244
31365
31445
90482
99907
61313
20237
48448
18034
5298
81478
97680
85775
71113
97862
18475
34283
73770
30007
82482
33373
16445
32973
74460
48092
50895
84471
34054
8693
55725
9131
5200
39913
72154
70346
88863
15415
7645
68268
43933
77592
81820
69767
49781
8095
39252
36703
5760
87913
32894
90620
75485
33552
95679
6791
22183
27261
8988
34312
9019
24865
63091
70520
73633
66122
9889
42909
89710
43160
23406
81130
41064
95160
6049
18703
12393
66881
33339
48222
70135
71984
86748
93731
80309
27331
80647
96139
90671
65680
68253
89003
6645
84644
36295
40457
4649
69371
76149
47865
19601
56929
50993
90500
44072
40397
82378
26092
44776
76444
14695
9209
61485
49852
80317
26342
71698
30073
66125
55457
12352
4073
20805
16411
70797
15039
53419
4706
94723
50083
45747
36726
58762
29437
63929
98803
19526
26974
3945
80373
29774
9668
7019
86757
88248
25123
64927
36264
22322
33578
84515
14861
20630
44713
29221
35513
72699
25098
51054
31079
49805
88865
79349
77811
43239
68940
10741
76193
21419
91248
93842
83422
15263
68023
75993
34302
34898
62836
54399
85904
71952
89915
49993
1818
28253
76915
34718
32038
99423
19567
60036
14358
68872
84746
960
79024
55615
99101
17398
7008
82757
65586
45602
61391
88242
57983
30489
69526
47333
46036
28861
14778
85957
12152
36202
4220
80885
48985
51435
26419
86204
39404
667
96077
58484
19710
74698
4089
53012
77637
83163
54028
25538
75861
28991
77375
62904
57068
11623
7060
59718
81088
60938
49809
15266
91748
6043
28234
14835
87505
54393
26840
30207
88986
12974
79767
81266
28445
66980
9431
61209
22452
44350
90366
40948
394
93766
78481
20444
68902
78288
56920
60623
99128
56269
80021
91166
33769
75033
61890
43513
77063
13469
88558
69840
4169
79480
90375
40440
74349
21535
52766
45086
25580
76541
12114
82656
57645
71282
40791
68040
84813
85748
47965
88232
68822
75074
57195
2244
1375
21254
64231
96458
81932
4377
12848
79501
64544
73945
59561
32052
54481
79926
9685
412
64721
48912
37277
52918
9693
6823
16486
69739
75901
67287
81082
77826
28886
77420
70355
6067
76576
43683
30467
69684
46173
43372
18987
68141
37678
97187
16117
6081
75384
2257
69886
75480
25530
80741
93600
40073
41430
9967
55652
52741
5297
38138
52791
85705
47190
33587
73155
9573
6807
87487
42236
98324
16267
83944
6613
50720
5882
74350
27803
47181
52665
84195
37444
29701
87295
32765
76386
5530
51462
62497
62958
60824
52512
93761
1866
35197
5484
1595
14148
43736
57688
48465
38842
14514
27504
70471
19339
34132
76806
82033
78559
36633
50100
94077
40780
94232
31124
1879
45668
90090
85114
93188
54124
22438
49881
54527
44287
7797
55138
37798
32105
70108
50421
63472
36478
36130
87712
99485
36516
17546
83359
1981
92314
46528
4693
77230
36233
42991
16346
27202
88772
82290
57621
44990
31392
90374
99370
43830
65869
83941
82052
22764
99739
96379
29908
41949
96353
89362
39986
25463
38693
61632
73903
54941
35962
7364
58074
29030
50904
30737
11012
97574
87640
72291
69198
33541
90961
54051
33588
33495
65008
63252
26229
49616
45849
3580
990
56099
16297
47398
43923
45713
95140
97435
8025
12668
94676
59281
78145
15783
17581
15196
97730
19047
71954
1824
44699
63379
97760
96299
35776
95741
27395
31285
83925
66536
92462
38654
7001
32982
87812
82408
17335
63226
32025
85962
69129
99107
60561
94882
63324
40994
57324
15591
2367
73957
60834
24679
32628
27013
36446
92586
70445
47924
34429
28309
33476
23671
3472
31563
27203
20124
55759
93244
71631
68619
44646
97395
87241
36572
25879
90082
99410
43592
88695
52201
87741
67163
99609
42773
93293
27728
79597
47158
47737
77996
66929
57131
18933
74908
45034
49667
20266
18500
26596
98692
51987
23307
22320
64651
71700
92861
84930
26635
95457
33103
34207
93969
62303
70715
40435
11775
6574
64239
80105
62034
60656
55939
71463
37966
4858
52506
29826
98713
43763
52888
50733
60266
69882
54953
48564
15171
98476
27797
66280
37919
42053
53235
59469
42754
89883
67429
85525
36550
33599
93857
20728
27348
81071
99657
32784
66371
2118
39595
61315
22418
64619
93087
24594
83113
81785
17868
41073
47335
86899
92404
13566
90776
50388
55745
23877
5779
57824
99483
88550
20894
11148
17961
95145
94886
16717
26764
92269
1557
70014
82765
73968
41558
13118
87329
76652
76661
86378
7872
24923
90800
93323
10713
88231
86013
37711
60852
90116
94702
6889
18817
30419
52232
75744
91944
25222
62200
88656
23598
96720
89628
53283
57357
57737
66135
81924
31541
804
49132
63436
44441
82689
98513
47232
94510
34570
96785
19886
35612
25274
90436
1094
26739
87459
43701
58573
24029
11362
75971
30541
81046
6685
95557
7215
78243
27500
21771
51794
82266
25079
55798
24517
42635
22026
26589
37234
15517
42306
27306
8810
95198
11949
25871
51204
86428
82624
749
39976
49999
25515
2001
37770
9468
72944
78914
9318
23532
87933
98519
19371
47553
7353
15378
95479
73686
75856
67323
28163
79175
95020
2177
5475
49286
28858
2222
51882
78647
40076
41530
40042
96154
68631
77836
79389
68935
12425
4543
99613
40919
36224
90923
84229
24721
72132
28953
87476
2767
90748
37787
61694
28757
1268
21243
47234
31901
64028
32004
12776
42347
81211
12629
83404
89792
85862
86333
73474
24439
12183
61683
68752
88133
51415
96888
15660
14525
27559
33802
42293
52362
69376
66973
99522
78610
97116
43849
83475
43076
58938
70112
48534
51866
31475
88525
33793
10771
65412
70395
22250
84194
81448
1153
27447
9906
61544
82605
9231
57531
98471
99682
70337
24046
18503
80610
95848
7575
3134
56946
95633
28115
75881
49692
94476
21094
21886
81772
72281
72181
30913
19752
22985
17377
58695
78876
44248
67891
51789
26383
64852
27633
44537
12189
99743
52892
29792
44249
98283
95073
47611
21834
38370
39699
51786
91460
42044
82944
41885
83070
37464
45058
55472
65132
52400
84545
11789
20386
90097
31884
46282
92839
46951
27875
19248
18093
65342
45564
55331
89420
40467
11332
6610
89771
17654
96746
66632
49357
50216
45546
938
9929
40617
54508
68054
81649
3728
94454
67936
4272
61449
27895
30043
76564
87339
73029
18707
81974
36870
75929
38502
82277
24407
3124
56802
29217
48291
67336
11241
64275
84012
71410
60108
48785
16331
10281
94776
43682
95847
97943
30323
63756
29270
86754
54159
72496
44012
98467
49613
17639
14649
51550
65449
94106
87103
28396
44421
94235
35904
53326
93308
70162
47730
84934
5436
26301
45222
47958
96623
69201
61211
56635
83090
92257
2529
48825
66945
28274
78636
39589
67690
62534
7164
17858
69541
2457
70058
79707
77005
33168
7175
41019
10972
76559
16703
26188
93963
41472
72729
93640
79051
33720
33689
88161
86377
40940
70173
39071
62853
38907
68416
30
25961
60113
10762
95370
91111
84812
91615
33041
65569
49837
83678
11221
11677
89596
76488
25913
9195
89459
53450
74847
24108
87978
29937
33382
48591
47729
40247
37180
1283
61145
59169
64094
92444
98335
62510
22720
71541
29220
83218
87113
95417
20897
77189
78388
17709
51524
18586
99963
41961
26795
42246
14428
94507
34022
29624
39830
19094
1565
77167
7548
25344
78678
17200
40403
61555
85248
69671
97159
31943
39024
81030
48791
39039
2977
12879
97461
28964
29773
28484
57032
76136
66210
23658
72526
83303
96273
69948
32133
46361
6182
72473
63381
73725
40911
93414
51143
24666
12111
96741
70676
54516
36643
88264
27392
21426
8965
9442
91526
22046
64599
56221
48828
83979
9392
98346
65757
1784
18871
10554
89643
7848
23280
67337
85400
69267
21264
64405
99969
41502
31393
9844
35805
8677
58922
84197
62995
28756
7013
97916
76103
16785
66459
30792
62697
92399
28540
71537
78045
116
18144
58824
44183
39310
81481
89886
78176
73335
55351
7263
44904
47129
43917
57627
67731
33391
72011
29646
18202
45773
27931
50167
9037
48653
83625
87366
9011
40746
83421
89445
87917
90572
12960
87562
8907
61666
96934
58840
48634
68151
6547
97940
88943
69106
74210
15331
23905
82812
77536
63949
41930
84895
32358
35200
45044
61117
99268
83868
20600
79082
98279
45576
9804
89931
24456
59436
3108
7056
97763
56260
37407
83675
89709
72723
17718
86857
71553
54830
42168
28292
30339
48433
11353
52957
41728
59653
49338
9969
73346
68693
11325
34734
40921
85742
40051
84011
34507
34341
60733
26509
35379
33505
3739
33367
77340
42494
88616
23341
38800
84720
74443
58890
73406
59351
4474
72568
47772
15844
56584
365
27091
13344
90220
8590
27106
3038
58249
99261
19547
99202
15891
15269
3420
84557
87990
99702
94926
18039
90998
16053
39561
68365
85535
97985
96603
51039
39079
72272
54636
5539
42042
64273
81754
91891
23747
85928
81950
77030
84411
43983
19713
11334
90734
26829
33560
97734
83825
14815
62559
70559
24684
73732
22765
7560
76379
96335
75824
2228
87896
43833
40142
56080
85707
77255
73798
22540
63674
22521
45190
14584
13471
73049
17590
56760
81134
97819
21366
11444
74343
9561
53471
27521
91515
64268
9572
93862
85289
59160
61557
69724
53410
66367
95063
42043
83255
80835
85033
4489
73277
29177
59778
37818
11602
47292
1309
55205
24259
70633
89586
65709
40383
15766
7894
30691
90627
75665
10894
47484
21820
43013
57523
49379
24877
47943
42570
64375
76156
35436
20484
20030
48310
82152
15227
19240
71102
38872
22890
54869
61078
84299
94911
34239
99115
34475
62706
84310
51672
29631
6387
51169
55633
4846
468
21705
49133
90548
44181
89180
61274
46164
25383
20860
75195
73630
257
85426
32918
53144
74190
79938
17604
17372
25724
4218
48036
47812
8654
67746
14485
75488
83686
81000
83097
93332
74456
89373
5572
85811
54425
38451
28305
90844
42824
88019
66948
95283
61352
40357
17813
71366
49197
61910
70388
12524
81349
94021
82815
55177
92331
95805
11722
37450
58417
22811
91978
76397
38327
99553
31480
26574
43914
34369
47405
30435
95306
27769
24055
36722
7280
53101
84795
69533
32061
57396
81242
26788
72103
14066
14396
26850
99239
27652
80116
48239
61086
77685
27204
98708
77583
1259
71574
99745
18673
32651
36309
24711
5813
83920
62054
67368
793
85616
38349
96549
48029
51578
7372
48289
88760
87767
66258
19257
65582
74905
3478
94670
39311
93025
76527
63773
2570
93493
53626
2813
41180
8187
90798
91083
93627
78360
29403
70802
27611
24874
15731
32607
25684
61126
45343
40508
82498
19356
84154
46890
26608
68542
66081
98119
33803
78571
23042
57221
55817
18065
75121
6661
96398
27003
90721
36189
78069
90077
78320
83996
4010
35348
73559
55001
39248
49637
55766
51720
78907
41707
57669
77116
40557
43042
27543
47325
35172
39832
95929
94869
86187
12781
66554
88679
2568
2562
63304
89457
1265
74573
90479
29262
24027
61656
87922
4842
66781
42742
20545
52633
98228
9630
44098
50203
52114
56574
17485
20987
18719
43098
18468
67004
38334
42651
76279
9275
52308
78075
78182
58532
45563
7149
36451
7251
29158
64169
3117
81907
35044
20402
77867
23926
58871
62590
35858
48760
96011
4938
20269
17702
69097
19433
87576
77181
65296
50482
46352
12606
46689
9404
45877
28602
76790
34502
75582
1054
40635
36145
62337
31724
94732
10314
34478
41865
34837
91132
28511
75542
86717
34576
35742
83226
98374
96673
70221
81790
31517
10412
69585
75827
75643
21062
81533
14069
33894
69946
40669
10458
48409
91626
65885
87762
74323
18470
87907
63565
13564
32927
76955
62972
65120
89856
7130
11082
14687
97383
40819
78736
13370
84528
46294
48442
48571
22518
13024
67534
94736
1221
4857
52192
27157
49609
17101
35034
5061
20230
56744
9205
41176
64162
34738
4184
30087
3690
48320
74301
22186
50087
81110
67512
83095
47691
32074
62605
27243
87375
54743
8894
21928
79429
40790
16940
63477
4002
51467
51016
72311
43064
38646
85710
27922
55896
82109
52246
86383
30400
75410
52583
37092
23834
30592
44155
11701
30723
80650
6679
43126
48384
70986
86991
59726
9912
45414
61512
86619
18183
85276
4803
43065
66810
6931
14003
88219
83435
775
57321
3942
20348
59582
58465
68299
59687
79054
30132
82868
94818
39396
3318
50624
38031
80331
98299
89309
72004
19481
72397
15503
908
82617
4966
87710
99419
65395
33126
14282
27995
39539
23983
75708
40957
88858
76483
13754
84977
57831
21960
35310
67747
46567
86346
87107
42543
55
56848
20599
78878
95693
78674
81120
97628
21294
53265
57595
14192
31067
92874
87997
17068
28837
39326
4291
48167
2254
73746
70237
72949
77871
28941
82994
24441
35855
78954
66386
65436
5519
3906
72279
51950
88103
81708
49180
31477
85204
19821
94668
23674
41880
349
80294
25152
51616
19065
10895
13678
20045
66421
42817
82186
18855
49432
56710
52746
56053
77722
50960
72085
16364
92202
95901
61249
20010
96861
36413
74625
35606
69773
58774
29333
6283
31581
33682
22863
28232
97294
77305
14632
90542
35892
76565
48272
90562
1832
20892
17021
21548
48426
41422
10290
75002
71279
62599
46400
10884
42117
30890
94816
46376
78018
5580
13639
57103
67965
17290
80679
11707
36546
41108
67470
9025
91068
17112
55551
82030
54297
71019
627
96264
56843
6943
4228
85824
14902
35852
1033
15802
27316
71711
41554
56713
50364
19571
39081
94895
12811
41359
66151
37020
4799
89690
23954
70769
16614
57775
29229
74952
54158
69807
11702
42925
83457
21222
76010
44408
940
59489
69244
24460
13820
16709
56155
23827
86101
59196
9028
80706
57611
92315
84315
64010
36086
57463
52789
39607
71464
75855
42633
44338
79327
75991
83461
28808
18791
60268
1656
73178
94473
49427
66068
3802
99863
38650
7103
58358
77289
41509
8503
90111
59332
26340
58048
59357
66478
26190
96103
62369
46165
80261
18901
17285
62941
21010
72153
22563
84830
56953
34390
52823
21124
90495
57535
66943
52435
80757
81383
73603
60988
84371
80825
32276
57062
70598
32077
28919
41709
48758
95665
84841
64108
2101
37656
751
925
87360
14471
37705
58986
86469
22139
26812
46391
3759
23963
92702
15646
95551
70326
51058
62839
56294
87975
60069
48644
98002
91349
50915
95829
31497
55932
41078
97519
89626
67851
95511
5352
43638
48186
83873
45929
63600
41860
24234
84654
78962
83793
19583
52321
54913
41000
58049
22838
84385
41392
38408
10029
14362
73083
64870
36131
33445
71038
54086
38673
40679
3232
2672
84447
85815
11426
81105
95872
58981
32140
98700
50142
57956
34587
67411
23326
67589
31915
20518
22228
9760
6083
8557
43666
19659
49370
90244
5075
22240
68800
22371
4551
8036
44367
4663
69144
15476
87319
55934
71475
29385
79160
4566
29515
78401
87154
32393
36182
86718
77376
92561
2965
73205
27689
22531
27572
22214
65009
68842
98311
21032
64827
83425
39564
98521
90801
38813
60767
93112
10248
37183
25920
13467
12057
79120
4720
6337
30549
94211
57484
42657
32771
91440
23726
89202
58748
81773
30220
20896
84450
44682
75253
56329
36845
11527
28122
7733
21844
15996
88152
92128
39980
12939
59666
13762
13035
16608
51933
69181
51963
74860
96373
74470
58425
65988
13351
91517
95303
1031
21338
25950
3756
59910
19724
18872
62065
23615
23195
13891
99800
66201
21829
597
78701
37172
13815
41200
26986
39975
20485
26159
850
91973
77306
75011
39446
37715
40727
87448
17202
84827
61556
34888
43881
49537
70523
69331
78427
71267
20453
69269
92965
25891
68516
80857
131
3962
82308
61472
51620
87049
8403
48520
29077
12006
59673
84808
68363
39145
21762
11070
18081
26353
94863
82930
19326
31587
99525
58789
57229
87806
89527
48279
4680
56729
97594
41735
43351
14151
90942
78926
44736
96142
73704
22432
9051
36416
11513
94144
57726
88241
78163
72554
47087
68479
74310
59437
62198
50696
23722
23966
70683
33598
40433
56279
48425
86846
10670
87121
61162
87102
19874
56634
21780
39087
29993
78832
3380
64093
96247
75940
31860
65381
42102
46435
65889
14315
91703
52619
92508
51527
33987
59804
7377
82328
33220
41002
67359
45741
82219
32920
66843
67700
43726
11320
53701
88097
86746
5700
20244
48386
49965
53222
23535
21304
3316
15930
37461
6273
14643
34188
12673
99632
55538
88328
98853
6023
76071
16668
32979
62774
3656
79444
28343
29348
95697
27087
71348
98580
39948
81939
62854
28147
99076
33986
77509
91053
28038
26366
74196
70085
6713
23037
61830
60004
70442
71315
61934
80805
61715
68746
50645
60982
80512
73299
57710
54883
80492
31333
37523
88094
80185
21192
59182
3254
90273
32599
8757
45266
41942
86169
5090
77926
15568
86010
20408
34639
51223
1716
93918
7501
32886
52938
12052
60823
41326
58965
6558
35704
11375
14433
10243
54620
35916
84842
40701
46722
17169
58993
57757
78839
45313
49549
17880
22906
76495
17803
77799
73191
21112
76918
76745
78630
68636
47805
78341
41444
875
93001
29942
51095
21274
85213
35951
13783
64034
437
36960
31047
39677
9788
88596
32865
32524
82975
15014
27756
52081
8763
76182
91356
10322
48454
91868
73200
18022
38918
46061
93475
90164
25482
74509
93120
12678
94938
3513
50366
80255
61426
93301
21511
51871
51437
66471
26624
89568
27231
33027
57220
22248
70749
30071
63410
9746
55922
10596
91929
90288
32946
3525
17902
81151
72734
79561
98950
14085
6079
35124
17230
2698
67668
72911
31610
5389
85715
35119
14004
27815
30174
2448
70776
13791
33304
28923
74197
88636
22400
4280
27000
75348
81757
95905
61767
24528
4437
90547
38674
7689
38267
75275
33883
64075
80254
96956
64382
54601
24331
87372
65667
13417
39694
20038
75215
37430
11614
90602
28023
3346
31028
21986
56903
28131
22882
44714
84040
45878
12054
42118
34868
43761
80982
64859
17985
70298
4415
99456
15898
9430
81310
92940
50316
84014
55159
61537
64745
48624
16429
45413
67276
58101
6905
66120
75898
52738
77277
35561
30171
90185
22049
67102
75035
55308
98754
94635
72192
97377
14748
65581
9089
70229
54940
7899
72599
11389
55525
75987
76190
16397
93070
56186
15304
78254
71083
47454
36795
38862
6595
98177
73288
25044
68638
2928
62063
40533
46052
67195
65167
16787
38341
22071
50270
45339
85900
83983
93667
79212
60563
37962
54512
42302
55757
33356
7750
69237
80099
84897
3447
56090
66199
82165
56251
17166
92647
33260
1546
34233
1076
21543
88946
65225
7374
32408
50918
89453
69748
63838
3249
50550
74002
55660
37569
49632
32688
52970
60369
73833
41482
12871
4744
13342
237
4334
33744
58288
27270
85826
7002
95937
3164
84777
67549
14696
29876
71146
9753
98781
27792
15954
45867
85937
92548
93863
55562
6644
84463
89729
55218
32188
2720
56117
98544
20887
75530
12698
92665
17261
65481
25716
29725
90463
36612
12159
99243
23012
48327
23045
55374
47381
94976
483
34887
56043
2674
21799
64337
45716
43920
8572
6743
5579
25266
82566
54350
4322
94375
86135
89728
75506
47373
5776
11572
20686
88185
52291
92373
40542
11923
41214
58809
6828
19712
28465
62288
34252
76901
53015
4924
37825
53231
68228
49983
53575
11720
43788
70803
44439
39744
32595
20548
45227
75780
84653
31376
83117
23391
70968
77626
32397
27556
71879
32108
64134
74675
50311
40436
60638
76350
14096
8134
10323
31572
87160
67241
83290
50706
26884
1591
62961
86315
4080
36046
31274
21439
34342
3537
42718
86172
8136
35585
28154
24735
70924
57817
61431
25113
17675
30448
98502
40810
48657
5537
89957
73663
51391
59284
81187
97471
78266
39421
42611
18759
71423
31454
81049
42898
83041
78635
86042
52432
26205
8228
62456
12262
56433
17954
10847
78688
22280
30946
97689
68956
53079
37623
18527
53544
66195
93138
80200
48661
99804
30047
27122
46696
69477
53370
61797
39611
86513
96498
70001
26682
67853
7031
54736
29446
46497
63514
66145
50258
90762
96518
96594
35123
79895
80368
87637
23580
81476
28828
97878
8647
45303
66868
33954
35019
75765
28969
48117
35163
52960
75366
5532
43025
61504
85583
16527
92910
44696
8877
26606
68355
78570
83570
12874
17795
95187
77488
18096
53916
6635
35848
3959
39905
69021
60874
86764
46170
6913
27706
28383
47585
29811
77784
26248
34728
76967
13757
33580
95472
82963
6923
5914
84688
72221
82347
60136
68000
52718
50230
2538
8769
12844
5556
14393
13072
52943
39094
69321
96014
9850
90516
89400
29572
1071
96287
31501
58372
23160
16265
70182
25949
36265
27785
31528
4631
62544
84375
70580
21404
78167
84819
88310
55761
37516
77484
96217
11047
65306
14917
868
3566
30403
23458
17721
49022
15592
56048
13442
27114
32952
70359
42479
30788
64259
41903
85653
21260
67783
55508
69552
31925
85338
73422
58115
75386
4308
4320
18630
563
18323
26016
28993
9835
25116
76385
40279
65653
19379
52716
75472
30558
57385
32811
35214
21247
83155
11640
48632
69307
41396
34305
2446
97286
55088
79981
87021
90541
27651
7146
82995
14222
11469
28742
63443
92985
52677
5050
24011
90790
59243
634
2975
27921
83042
29935
33796
12845
15488
10472
81675
9124
21609
28594
98629
11938
95747
60142
41748
92602
66615
49023
8814
17762
29586
77414
7650
41529
27777
19994
42407
62936
65969
91841
55381
58761
92234
95341
60997
23058
65311
99288
29913
73439
69165
30583
62477
2987
7169
3037
28695
39118
66859
22684
23179
68126
81124
94207
66487
26933
66752
93719
36440
15542
38944
58564
66182
83914
27726
20097
14826
98482
48205
4779
13553
69080
12044
51945
52725
29215
69815
98690
89225
81540
618
49240
83098
53150
53882
42741
88694
18140
30616
14339
25049
49564
81884
321
68669
95891
21093
68487
31536
27176
9628
20821
47892
40439
83653
81064
84946
43482
2808
3792
74865
61688
71920
2911
98402
28358
55458
22952
95171
13734
37176
43863
59678
30321
40591
5206
31708
69392
26655
92124
40657
2734
39334
96944
64901
51067
57949
29655
25718
87768
80842
24990
8985
81863
9384
48013
86930
4450
84473
98274
1903
54708
23797
29028
48517
80008
59186
21337
27166
32834
69230
74928
60953
1311
1569
53299
76786
78270
56083
39928
91658
69227
91355
77527
96723
99105
61507
16301
18889
33705
28900
70912
53595
34210
40137
4793
65801
85458
97725
63611
68232
47802
66261
38719
72512
82182
39203
76880
73323
53524
32002
23889
63174
21156
76820
33797
2359
93623
1777
6054
90494
77032
40574
86153
38458
34059
75640
99088
94411
41150
53761
19677
14500
33249
33338
75065
14291
27588
484
95342
5400
84636
57280
45404
88100
45101
28125
61027
78929
68938
34448
66896
19597
17825
53108
25106
26059
43235
28366
42934
70191
12242
14176
99777
65707
21898
17467
99442
89198
23297
36239
42979
2626
38221
9752
20101
51338
95079
72176
72212
47697
25786
81143
15370
37346
10966
33576
70451
32400
27833
53592
94312
12302
47590
48147
55496
24091
41979
20999
43975
89832
1019
12786
92272
31359
85724
38109
93594
94641
61906
12323
85594
14090
10380
23952
40906
49300
56530
18663
86355
32010
30473
60818
89989
89057
60126
7983
98290
9998
58665
36325
34183
88314
54545
5915
65453
80014
9554
94289
62893
13681
31504
91904
30716
43677
48395
54624
23193
52521
15746
13789
9863
38324
4863
41874
37943
88660
22524
80322
55688
92001
88339
69418
27975
29599
3803
91063
51784
72247
69288
58995
40474
33124
40642
82559
40165
8531
14612
61547
91627
99272
28588
48160
28970
35080
52319
76651
38857
68827
86986
75417
69461
54108
79827
58952
17934
9725
13071
4714
40650
39349
3062
37701
80405
64798
36359
19868
5218
73016
41523
80186
5570
9813
78121
90121
6101
38821
56822
88922
3113
10244
48410
83539
26162
39822
18227
42676
19305
28238
29252
6658
75025
29770
66605
10876
72080
22555
99
76536
24980
188
35067
9426
23146
58278
34367
61148
33242
17592
31483
39450
66079
40767
4097
8274
72089
59686
59198
57564
58760
5347
61182
90520
81083
72345
51409
82428
76042
41516
34752
50457
3941
88840
34736
3671
7217
26281
26881
68208
64461
44648
17243
57576
27211
8190
33514
25371
99207
19353
49005
67322
90012
11515
96131
29123
32032
88653
17167
18252
59888
95064
66014
59012
37032
93713
15934
36319
1249
11559
90870
16282
47278
93369
31627
74840
61291
35161
67466
13271
96734
59378
94146
28418
38905
98330
45335
20738
92787
83918
64948
24047
30996
19107
88808
92497
9224
65527
10102
88871
58791
22508
86688
71034
92799
11431
23090
79883
5946
24942
92567
39004
64910
16633
55593
43192
56160
35415
15567
48113
20980
57192
6086
56091
71068
3510
53048
79151
50711
14824
40792
45105
28058
89233
10158
12407
30943
2823
30036
66342
82091
53152
87534
93234
50855
11436
98167
39064
64001
45807
69975
8873
19938
86434
91957
34482
98835
79276
40680
69072
54695
46994
15174
17446
29162
96804
63905
11113
36885
58867
17715
98208
17824
14875
7763
86152
96791
62357
73077
60788
49903
38007
79020
20383
14180
86814
83635
12238
35111
50169
55697
82496
95546
93621
37272
87518
25764
53842
85206
19662
82927
41924
14363
38017
22352
20606
59117
85004
6077
44373
57562
81213
86484
93534
48585
72954
19475
713
79919
94018
58522
33413
49368
67893
93466
18423
92142
21841
46886
48000
76231
97855
11962
79351
14842
94992
59762
29698
75162
64914
10566
30018
42157
12918
9212
97467
24789
39932
50295
87496
4598
54646
78940
53817
26343
70973
68195
10941
79220
2430
80814
22951
11838
97836
94737
93965
80977
37700
62180
58282
34451
42163
6455
9747
78323
24081
22157
18153
83173
54430
38909
53800
42959
63423
96981
69660
50573
97372
89173
70977
77855
1502
70862
87331
54922
80135
31503
94233
14076
9101
71742
28278
12405
98778
82234
89509
20175
63998
31966
56191
93247
85603
71751
94092
86593
31471
8869
15531
72620
19983
19044
98254
82981
25269
34869
62002
43685
78646
47926
45603
56332
5338
47608
98131
46647
56254
83094
63643
88391
26757
99090
60112
14227
87398
54600
42161
73933
94621
15949
35501
93402
73762
44691
44793
85385
26227
39962
43214
42146
34075
68877
73912
88529
61017
21676
37386
78507
68340
52679
95940
6530
19407
74933
44432
33057
77515
13766
18704
56438
10235
30505
14734
85628
89968
73000
2778
7213
67217
77455
55905
55079
80120
71076
90587
35491
97636
5416
75221
63946
15779
25313
13110
25794
24152
61413
86128
17473
84316
53100
4435
2385
54245
63857
62973
3225
96441
76468
86431
43533
18681
72607
3116
4123
17182
36401
5450
83068
22487
87638
54543
91877
78008
71271
74083
57759
34459
91912
89582
24227
40227
82078
84072
35142
65106
95495
13796
30229
84173
18032
75970
63471
85224
49148
77184
85227
59648
48684
53603
11248
15326
29460
5784
98485
55677
89051
34630
43015
46939
95935
11820
15317
70459
46014
76374
21921
31321
22815
98080
38960
79235
3407
53423
79117
51721
71972
27605
50719
40261
77027
36058
90248
71874
49685
43576
11578
30543
92280
52294
73304
54136
54989
11028
59990
35117
39049
37023
79067
74056
22092
59064
4290
92464
44559
71248
61035
46620
90552
63916
56810
8183
46366
43751
26965
55238
40783
95823
56541
55962
87998
12337
75089
69766
15657
17028
56908
56195
58810
97617
16074
52109
16517
99673
93964
34346
98264
13377
13008
53598
60582
40284
58219
79837
74194
4473
10865
32780
77477
37940
12489
84415
32069
66017
14190
15899
94294
92543
35209
19105
67109
24675
79799
87237
94019
36102
39316
48328
62939
44095
65096
21152
28067
79930
5955
26851
6974
83762
92384
94423
87108
93432
93043
73260
79534
14900
18455
72863
50752
61787
89986
85980
83175
6700
14522
62345
34884
99337
55299
62650
83788
57419
1593
33584
95350
83688
65544
75534
23438
60195
40359
56288
59366
78217
24732
43058
79332
18623
20012
32778
19141
40797
27908
27245
79970
68449
53743
45618
94344
40101
83223
39290
4654
60839
10365
25251
10669
33258
55335
37635
49092
6021
46865
82439
66066
12038
8295
55643
82215
2191
88288
17439
95561
28518
20632
42431
89786
20151
79368
67346
21646
8914
23969
54901
59555
24035
15485
74793
94753
40922
46200
65243
83367
15140
70800
36043
11410
2884
95730
37504
50287
76422
29977
17751
40455
76836
62494
15986
36149
86065
81971
74796
24907
98472
44998
53431
97096
64187
75194
57096
65634
58431
8494
86390
20359
80932
10951
71491
87609
75524
65149
43979
23086
43345
76690
85374
9871
18256
64895
60601
40360
98939
14337
36282
31539
23786
84679
94194
59672
45177
3642
72782
91787
41637
93802
43156
56967
33755
68997
20890
85187
35434
35803
39955
89323
71763
22570
36757
44203
91666
26041
99864
23484
13601
3475
63441
43103
16712
98608
71197
79572
77198
40978
74386
70700
96488
83395
16409
84077
82662
13149
80140
68875
50346
59972
74164
17099
89209
90175
37208
5862
90858
77330
13952
58038
20287
9672
3591
84748
44360
38517
62857
35625
81605
5295
15015
3703
91958
55765
19473
46439
24102
61600
40333
39001
32741
53782
77435
70594
67958
92484
85538
43550
42176
70420
34446
15594
99759
26186
28509
78315
48232
40062
30118
2176
5077
12680
97329
10540
48837
56468
76342
89687
10379
64864
74119
72111
32441
63689
29452
43349
32413
30977
35638
66847
54105
82069
41980
96536
99982
93398
59657
54928
96705
83557
98891
77254
17786
35127
61642
80831
15966
647
79325
2618
64255
34911
93095
8328
28412
15550
49604
54140
98072
27996
98352
92248
99368
89458
20347
73106
77787
36977
92530
77179
41385
20608
61980
22922
76021
14249
23437
96003
89553
827
60990
51743
34043
16460
67427
77870
89286
58492
99225
54557
9082
93779
48073
97814
17700
73459
14704
19876
50039
22231
98491
59530
76307
97369
87407
12605
5526
67849
75969
57099
20697
55048
68567
52710
426
52636
29464
35753
51864
76262
20763
81386
62572
81556
48362
32619
59202
86647
57976
46822
89196
36883
99498
26105
32083
45610
88197
47603
87196
32303
9550
43488
35507
32263
17576
23763
29131
50081
82953
94440
73497
86739
4571
9273
30145
67258
29967
27314
37155
83253
12602
65200
71190
11754
17524
87035
87823
42585
21241
65359
38664
81133
89134
8175
41185
50700
8911
11657
71945
1817
49344
15799
20391
95798
28492
86422
64832
82430
54774
55863
86417
14549
15941
53094
28647
26906
77887
91892
62906
48894
39255
41216
6145
13328
18715
22590
85509
65813
27884
94323
30016
82873
45684
94129
32523
37867
16937
2491
5365
23844
80898
61636
34773
78809
82478
30661
72817
98845
44858
334
99819
74736
15601
46221
29101
45828
485
20140
78742
51329
14601
11803
76016
68826
17541
59547
56304
99121
59523
99815
36771
7671
46828
8784
89505
59725
2795
90545
61156
92660
44409
56470
21713
10919
45549
36842
95338
95520
44016
579
22209
94653
96228
63687
83219
62954
21557
64342
19014
51845
187
43440
83584
91204
65658
94185
52408
98023
14256
65475
88204
6036
38622
19148
5514
28792
18900
63238
80131
58558
3331
46538
92127
62101
13699
86005
89544
95021
20224
40600
30842
85150
45405
54131
57767
86062
45389
36873
29439
53059
5305
95777
99660
92674
6026
78204
7375
10133
3598
67553
33687
3539
57293
12795
33464
95783
47763
95150
15547
38328
52119
56359
13647
98833
53070
72420
86429
53277
27585
2738
24325
55509
62059
6093
25774
59071
89990
91990
64713
10240
31308
51572
86231
12942
10215
65574
59334
11021
60162
33594
83722
38861
35471
84694
75914
40438
24795
71864
26146
87173
16509
6041
30902
48435
22630
905
5386
49457
16773
7134
2441
13743
26926
12146
11577
22604
32634
43483
78673
24837
39753
39054
4107
84138
46546
29397
57890
16882
29027
37609
14733
55811
6493
63394
4588
1278
32527
64432
11232
43491
64744
256
55173
77963
10054
57270
57399
13040
58743
71251
59949
92117
49795
93526
13297
5697
71871
46442
4068
1431
95864
81666
76049
62536
77588
99892
15931
68958
57256
66903
33707
14666
77880
24075
73447
12514
72163
86656
58635
20178
80644
20742
53917
29135
47408
12307
50380
38383
52694
28406
67536
95645
60726
20991
236
35371
14838
90085
29595
42520
79603
61267
80762
73775
84779
20316
76606
55793
38899
61635
72355
32939
9214
96534
55527
80026
64379
27688
83185
34472
95184
47567
76919
72413
98187
18716
37602
6669
68861
26457
90523
80222
9582
43855
3494
59989
19415
24963
14945
95048
63904
72907
95762
36441
92336
93981
42076
32805
95590
11379
67425
68909
12875
90357
40620
43728
27165
88341
38115
18199
77687
40705
18060
3788
11823
24831
8830
22751
55606
60410
72065
21473
51708
38901
1722
25338
71151
29787
76458
82414
42599
40111
66016
84322
94729
91625
5439
94546
87030
61428
24720
53811
84153
94028
9539
55704
935
57679
69665
86515
56130
8002
84888
41850
39412
93395
79871
77507
11201
19628
81400
85997
98818
95648
63227
9368
13899
16250
47176
93227
68379
887
76017
60558
48907
5693
91040
12500
86841
91061
12266
53899
46236
856
35903
50629
86310
65920
86419
83470
23866
88183
65573
99222
64233
50775
94282
99687
3085
94626
74182
13878
61309
27861
98047
59465
573
93694
27150
96242
75068
23185
24968
37219
54932
86260
50356
80848
18370
14548
76695
35679
98286
70325
65791
2276
3662
65086
91258
94888
59941
25919
68639
85079
60434
68889
10980
40590
23712
1697
89222
52959
72899
69033
19421
78587
98873
86083
43362
36675
29597
57289
20343
80204
52757
48348
45982
7260
80751
95005
864
24899
6257
43867
2298
17009
57640
56943
3843
85767
77419
30811
12895
36226
87667
23534
64636
13504
95991
43034
6425
21480
98587
54719
74945
19501
81862
48799
60216
24132
21920
36705
75260
50391
56314
76996
87408
76840
28184
1535
45895
60564
32910
36706
48097
63285
79373
59525
83135
17922
49558
11329
81282
91279
65107
2161
68194
77469
28942
95293
43011
73724
45818
96506
40502
23527
95440
94242
79324
23016
57145
20554
94024
14970
89204
34323
52426
41633
8323
27474
76779
35242
56217
16555
87755
1692
18486
52087
13304
66488
81482
53379
9931
92010
74879
10123
85353
78569
7510
32730
55240
8994
74891
86751
41311
21242
62188
38450
64945
90159
6733
76845
29428
87785
66072
3915
35615
32785
15828
10998
39103
4887
23168
70560
90580
74381
73122
3211
28112
47067
95517
55913
74050
85113
15514
37382
48490
32663
42160
52681
60226
5170
35028
87
26544
43357
42644
85926
44353
24761
5771
56978
79545
93994
92365
66247
8764
82146
12021
89531
50887
23914
32614
29630
70854
77979
73162
92887
19718
24041
62459
57347
30204
77091
13242
52464
34730
69729
92695
33192
43832
75936
50519
52800
97968
18606
79003
22927
13729
83171
73019
78244
91702
44772
84500
91909
94728
84975
30809
57712
5649
45301
15570
26289
69749
69071
76377
21688
34823
24154
16172
18427
4666
20065
4479
47253
72559
37759
28944
8463
6020
56704
70106
68463
76120
11
54744
11774
67637
28466
70138
70102
62007
36529
91323
43577
58297
5357
460
97642
83251
91744
9720
76608
93544
38294
95151
50750
60394
4952
64191
56960
32896
5557
94067
17032
45357
73832
28268
94097
75882
12064
85510
33167
67492
74052
89123
16702
9745
73357
51991
80711
24701
19351
96744
5861
21134
58546
83489
12063
68674
47034
27178
63380
63728
15213
14536
50444
24374
32196
51609
61357
73680
55002
42048
26716
42733
22148
80979
6540
65607
39798
91728
38807
10375
98384
99790
14611
41380
38148
68183
26857
21392
12089
74431
62466
22215
4433
16976
14851
61834
11650
4577
59959
45737
8721
13652
32891
72837
10918
34666
35956
80158
14489
3411
80859
72969
72995
50127
61092
64396
39964
33302
31856
62959
45252
33244
68351
35604
57843
1839
32008
60629
90540
70744
92455
80224
62236
48344
27021
88750
62540
53826
57430
78729
42837
65535
60877
64705
54510
93355
76461
22631
1464
17804
87380
59660
60099
7686
74894
22050
72238
58704
90968
72676
65327
77842
45568
55609
21874
54014
12649
929
69405
64592
11054
50436
35355
45094
55093
89779
66126
6238
94083
96925
64582
6303
39382
43973
62937
52958
28978
73699
18418
80276
26597
76577
46230
86388
19953
53940
17630
4025
55090
45977
82578
57964
16487
65220
10547
92034
88179
69894
43176
21335
60826
86681
70489
23664
79884
25989
7589
95897
30511
86056
95475
63205
94156
11622
14382
31716
56143
52173
33497
9190
54008
33475
50075
36015
11097
46143
72764
43277
63966
99040
35435
1321
43454
11819
63172
63335
83690
11387
68497
20042
3862
61586
34109
7781
55849
32818
12764
12855
65133
54074
29731
55871
23486
35327
33646
84511
33085
39227
71654
12557
42020
64701
12531
90626
61480
52669
47276
49782
71587
64124
74383
54050
20945
47313
91790
89754
39277
69485
26100
92463
57850
53156
97835
4778
59408
99512
29316
93705
77652
26517
53576
56352
38047
62481
32234
98081
34615
46870
4638
74520
17234
91551
98122
53357
79952
91908
74304
81934
85350
79620
5735
30224
25327
59119
21861
35566
70278
49110
28680
96234
49958
18727
87829
1761
40343
80305
21044
59594
92591
93492
71851
96481
4759
43671
15060
19962
19907
97057
17798
8088
15099
84919
10953
32808
91205
37519
36225
37586
60766
47644
90068
39077
94591
26653
89041
32142
96342
97224
70642
75732
35910
54537
885
39689
23357
37849
19740
1088
42215
12575
59775
76696
60133
79155
7177
2004
43377
83563
94371
39232
33109
14060
2180
38143
50271
15221
72915
34975
76242
72726
94043
79465
43055
68249
52930
59295
27103
12570
53671
58548
16828
87230
2024
48732
59975
49423
91295
80111
62319
28800
90832
57708
69701
2010
59702
88791
8730
90397
72295
61396
24499
10528
6018
48165
89441
53391
96621
86483
975
61838
85091
66604
21276
18985
3171
48027
47582
88032
18266
92786
53028
22956
65596
40683
44148
23740
97418
94050
79490
11060
25795
56794
11534
63221
5278
49219
8213
18083
28191
63046
73563
30889
86856
27641
72519
61276
31212
33465
48665
6551
92533
75773
82540
13462
78337
38034
80211
16020
32099
27379
99264
84170
59563
13054
21098
16110
46446
80578
29859
74175
83817
23506
17636
2185
43700
66056
24964
44550
94906
38943
82742
19654
22553
72321
84300
3280
78290
67660
34763
1357
60016
18473
24143
11692
53170
46624
32604
68618
76615
40640
28716
3201
63791
88165
63627
10307
68112
75421
10497
41519
32813
3774
54321
9997
97641
795
34299
38413
308
87927
24090
51715
94335
834
29509
31444
24614
95896
57135
14164
4263
33605
32561
85782
75770
87147
19917
57921
20607
14635
13543
34542
85587
78418
10959
45221
20925
70358
61469
83564
18924
83242
9861
62537
31735
86037
65566
55870
15394
33531
81813
16939
14053
436
25227
87515
95924
93139
45284
69926
86878
56038
64634
98350
41321
51363
69517
27953
93530
64347
28586
5315
39498
74224
87564
49071
82312
36578
24903
41445
46730
8568
88303
6114
69052
80761
7422
21972
52095
94284
93903
26443
36773
51749
74670
46491
18905
39529
79640
68558
33804
43095
29955
60749
59683
72997
97431
68207
15048
494
1849
62218
64606
46813
63588
22615
78770
87074
60030
10225
54645
16964
42004
40243
19464
14403
30315
57174
1438
34983
77556
95167
77344
94441
68399
44236
32768
90958
81148
20037
56303
24371
8705
42271
5518
31357
88686
69941
47525
2926
56208
90052
69693
72941
10796
35969
36173
32119
62401
69970
41090
54794
80635
93756
94865
47191
40026
37687
11936
34028
68722
74043
37517
35901
97579
3543
95778
94255
79575
49273
1423
14013
65007
15919
51053
24958
3162
10745
27069
740
48484
34948
5431
29708
84437
22919
29936
14350
14537
80843
28019
45300
31159
27216
96523
97098
76754
11155
91074
63150
82207
66623
15499
80364
27701
94725
49476
12652
51165
45779
79641
35077
47078
78131
1450
4710
34701
77755
2345
47872
90856
71960
25932
40424
28596
83483
58178
65093
3226
79768
19598
49123
24147
35187
12653
45159
40879
69712
86713
55419
96587
9168
68745
14559
7179
9167
78115
26822
35602
52856
83490
59416
23330
57736
37669
11777
6189
28913
81251
92043
86363
14198
75677
97571
88260
1740
89502
15428
63055
82141
36318
96180
16879
12391
95013
38352
48223
75184
20505
23511
87631
31481
78884
82048
68723
5923
9737
74610
17365
28907
58970
82866
96887
9132
50323
23279
54306
16228
37175
90515
23479
37129
77124
91628
82351
69158
33540
92705
86480
11025
42297
21706
59292
19452
50208
14366
29047
96788
60440
72202
33438
83460
14392
14709
22943
61858
85593
1512
52253
13702
70291
74955
7798
68174
15916
22161
87627
10066
45200
55735
86773
62325
39568
50475
70267
32591
17301
65253
38423
17117
96754
70219
40337
70304
95023
49402
31858
27119
3911
54155
34626
73484
25401
42231
31841
72003
86393
93634
66558
51407
28008
65462
71677
22812
87899
85138
56070
96378
22747
28709
75702
10340
48921
12523
85757
96965
51419
74630
37708
19588
94063
96006
71134
18008
95154
70863
31523
77647
65563
51170
18797
38706
10351
22960
5106
91114
10355
28843
47999
54752
46718
80054
61675
73592
63987
78351
42436
78833
31513
26946
73137
51600
5153
18115
67329
18886
38815
44575
2396
49851
56247
12758
4223
22907
56233
13524
41201
19191
78720
12604
70234
17770
91179
19455
280
98514
56524
79409
9336
43134
96504
45236
63142
34909
28759
9820
34356
89714
1916
69810
98940
55637
51935
27763
44077
22063
93958
80829
96533
51152
2313
29400
86848
95714
67806
62354
27539
64131
48106
31264
41749
50376
48216
91486
13036
40132
29278
98669
79832
83071
37502
44607
31535
41414
47574
57809
16137
66067
52008
10349
57242
64494
81653
81416
57117
15261
98082
35765
11565
18941
18788
52179
84409
46387
4217
37817
31038
88382
37288
30083
90478
33600
3214
4426
88167
33975
31348
89007
39148
55663
36378
37979
408
65249
91218
27349
38008
1680
54519
7572
46990
33135
60845
89851
69644
40491
1615
91674
89921
98945
46231
33645
59076
12211
60165
45541
5264
65933
96348
50845
34005
86728
64825
40241
71016
34029
97569
4849
70711
64014
43947
39807
99591
98651
53749
48292
38643
6297
32051
74490
79448
70044
41225
64615
39562
68646
27377
56142
74326
13429
8811
89526
87410
91046
21147
40453
808
81960
70428
57163
90124
80677
50546
50663
10377
27505
4471
24361
63414
69909
40961
3144
24084
43506
21880
50122
29176
64809
50447
11835
12978
56776
68538
82289
37653
80318
67206
84910
62338
51705
70659
13021
79001
86602
31574
10740
66693
46937
57727
39140
96156
32270
23523
46450
49606
58213
67303
17475
66539
23721
9559
92108
54656
57908
81557
82895
42331
77629
77044
16312
13434
26607
11214
20192
41247
12515
77437
92225
49611
50944
15781
48734
56105
61660
61782
8640
7611
85589
8119
82663
58833
98736
98055
60250
80198
95454
77163
59289
24974
35737
25980
32692
14631
69014
11763
88580
59207
36962
20333
81295
88289
81497
9525
97750
62383
82986
81705
71387
63256
16262
71170
74406
63206
70712
18847
12625
76709
46935
50686
63839
93459
54392
38935
45197
44223
21822
99461
5739
91227
79642
80024
92954
43907
12168
52365
32396
98266
91675
95999
91764
45288
60914
49241
55925
62682
62927
29363
73040
33328
63761
67885
38196
56282
29305
83099
21329
94434
34001
65230
33086
81915
41179
83203
91473
42308
80920
62779
99061
45446
37650
4348
57622
67766
28175
79885
52221
19358
95566
40220
58060
13575
79163
48945
98569
20923
76015
99098
36254
56705
72507
82135
99779
35918
28512
72688
40764
73848
23795
73160
87064
37747
98648
64653
53314
52844
33848
85157
78931
96282
26773
97762
9881
48449
56538
15230
76081
10167
43613
7102
54120
67202
44861
71272
28463
79694
16008
69921
64979
2175
46469
97462
49260
90560
57120
63960
41163
74832
62208
69630
11014
99035
77611
46954
2443
55344
94190
64236
61030
85668
1026
76698
98328
20123
12118
34404
3929
79310
87468
63954
21021
74237
83995
27683
71808
44103
76883
91176
92694
1831
43446
88944
40128
47998
33087
11001
43197
10063
49535
66501
78588
74400
34484
58473
2954
44924
96371
56712
93191
46401
21157
97473
93873
79503
19954
5574
41373
82691
63036
56202
60994
84749
8715
29584
87578
11412
30466
27142
21381
13333
61213
62852
96695
34933
79637
1063
49450
65549
34987
67318
17901
74772
94087
3244
32210
35516
26542
18589
41133
39379
45042
10069
74300
87099
76043
19656
55516
45847
54890
93531
53594
8107
55418
94029
51999
273
93932
40268
26039
38805
79521
663
13582
5067
47716
10570
25622
96043
9544
68815
70911
10257
81652
86932
82380
67165
22317
92382
88777
77348
72961
66884
26352
58405
2625
1246
40379
7447
99569
55121
54860
71211
59097
92011
51466
55503
40002
28563
5578
44716
58636
27222
81684
20159
96527
50032
602
61120
13057
39721
5901
85175
343
19529
84078
31741
65695
89416
71378
22461
28104
93351
52066
2363
95987
43062
52658
59614
61041
91779
2465
39260
46753
94086
77275
68976
235
68962
50837
16313
15604
27278
26642
95414
67488
35089
80508
33559
63037
27319
85039
59126
32592
35993
61952
4265
50024
45728
48141
12702
28994
97276
72930
55592
56731
26264
28249
78932
97031
84490
98930
5437
46002
99274
45990
75674
28346
70259
93066
57791
50158
41978
73198
26755
67724
28334
69888
26889
44992
36988
83980
40143
52234
12264
55968
46218
37972
7513
56189
92309
57050
21006
47236
82382
21302
77773
38551
74037
36032
63245
31231
60206
74317
69419
75438
67464
7108
60806
86933
44341
20596
14503
75646
21313
72392
16530
87890
14532
54277
52255
16818
28917
51137
25672
57754
99185
87740
69191
28024
5791
66715
25000
82071
7286
69625
60346
29478
25396
42645
95840
63790
11658
19428
73433
3470
63573
77461
43164
98417
40583
78699
74156
61384
73458
3043
54715
72076
45884
11284
23398
58730
69433
37963
76747
75725
18581
2624
45180
41652
5133
4751
32414
7383
9983
51061
92976
6126
98337
14299
48355
90715
87763
10598
85328
51971
49862
47263
26735
97580
40104
45931
78854
92686
71089
40200
61975
27382
62100
94005
25942
12717
44151
46681
81243
8938
25603
23578
8312
64722
7145
84798
39616
99170
67964
13366
10693
75381
59939
45356
77426
84339
74566
14157
41591
45040
46209
42087
71524
79322
25843
34919
48975
88093
53269
49015
19333
90064
89060
61508
5160
45166
37367
82514
1586
3636
77805
55427
69794
1171
21976
26983
15612
90584
37304
52500
39338
72025
32062
93021
29926
47702
83287
29314
85580
65023
61938
89622
90454
49408
4072
50790
58538
91643
18057
83478
97434
62013
63927
43674
11154
14934
19262
61996
33346
36356
25981
18918
51023
93199
71453
53334
52366
37097
92352
38435
60777
26177
34743
25507
91195
61728
96219
77432
298
18839
67652
37710
48253
67751
50069
32305
72406
80867
82597
3015
6710
67959
99858
23429
72704
10685
46783
44795
51588
95938
89157
60692
91580
25862
8857
19606
50148
59149
72879
41764
96176
97828
86947
71086
60105
67154
24162
22266
49202
71029
32486
73972
98465
39418
13850
75049
34883
48308
80958
44647
86632
19420
37357
19831
3454
65185
10156
16680
76834
32653
18686
91462
22968
45600
14095
96526
64383
76929
44386
75136
24951
24673
80643
49386
29232
41149
53841
78394
53264
9862
70065
40458
71308
10897
95359
81702
15023
72674
7591
75728
53118
30931
36176
96391
49907
69856
9075
31843
20142
94412
39510
7906
20989
98203
40652
14200
64805
95516
77864
33759
37597
11046
14591
39603
76223
52271
81455
68971
15079
99447
63007
16028
67848
91201
34907
18675
70894
20841
72284
16208
99678
80170
29345
20960
46740
63090
39309
4626
58974
80006
89437
85690
6510
51881
13765
8724
68892
38783
54563
7040
14137
48807
78160
49398
78271
42719
97300
95112
79977
24340
77291
1659
81228
46515
4081
86547
10557
43288
58744
99868
15035
3282
53969
60048
81645
40699
28235
22889
63771
2245
8105
96029
37452
32154
56497
947
52182
92182
62158
24368
56287
41018
58911
63523
55641
90556
70311
63229
78373
20589
29972
26470
44013
47963
43934
27930
3595
82979
45391
49270
78953
50595
6202
6790
31576
19512
7000
1050
94451
8112
98190
49762
87898
5723
54341
3309
1008
45669
75237
32953
56963
12721
98041
48990
95069
79705
72095
25516
94116
77009
71374
51665
54198
48051
47855
82993
93685
2231
27718
31382
86847
859
47751
32391
92301
20847
47842
47922
26152
50493
52667
42010
28109
73607
34035
42451
8900
34227
39065
16896
34423
16120
12979
11783
13604
37994
82625
30144
81118
50551
55938
22996
93299
78343
87016
58338
59524
10991
95403
54876
33509
56695
3909
6471
73595
18123
9830
38062
27987
2460
9851
61815
4708
62875
69567
28967
5722
54769
24135
31828
79267
37451
31246
21883
33056
42121
35282
71870
97136
59049
49362
45435
52039
64366
89206
54696
60514
18148
93445
47400
15878
97621
73004
37761
39483
48786
48672
25026
39342
86979
90339
18869
42930
2225
42632
46083
90789
96107
99697
23593
65324
28419
89048
92800
4965
56401
27247
31891
18174
74180
91198
15862
47948
74160
7348
84324
54807
80334
42052
95117
64581
51500
42681
29147
44440
47520
34085
10256
95671
33149
24552
49635
92999
56069
15845
23936
52923
552
69163
65594
42149
74542
40716
65362
71359
74042
57272
70985
85889
75491
83178
4390
53052
99361
75992
99503
64024
62736
71309
9831
26125
29623
30212
96297
30684
27883
40928
20568
59527
43901
9644
69304
60438
75928
96343
28171
72389
84019
71009
55425
24532
6764
37788
79664
32519
65508
26396
27427
83592
17403
22015
30521
78324
64893
66677
67591
67791
80627
59545
24362
47496
97
3060
15354
63407
98679
87382
67100
8918
77008
29330
40390
53465
83928
38371
73313
17528
61338
78380
89840
1422
15590
60450
2106
32321
56700
10367
92273
25183
87194
20512
34839
61628
74553
95367
6180
37296
94859
11912
72595
87483
16263
26060
70354
18191
81293
38908
47469
68448
31848
83856
63784
42036
57510
71573
29522
85108
3051
87961
88955
85665
46145
65589
95471
34411
76846
83144
66509
78240
24338
87935
72787
62654
88633
63190
86762
27613
40077
40035
15472
36136
2169
55659
91590
5128
6402
65780
46553
3946
32889
78752
10033
64682
78274
49591
66824
58992
82894
95139
68591
76780
35923
99741
23974
35453
87591
26692
92739
90053
41231
98168
95138
15543
25504
51514
46913
79659
98238
3089
40612
50532
90716
89615
14432
7345
59234
90263
98024
36970
32786
67552
84734
26593
29075
22851
16599
64327
39092
16356
388
4480
64467
32026
17376
89449
79770
53946
91769
27847
80766
60034
10983
50414
33619
36333
11319
29767
28726
98074
51369
229
26541
98794
3262
139
90187
76355
48787
84018
88109
29560
66141
71143
38712
66469
29829
2601
44189
15639
60184
28036
53690
99091
3784
19096
94639
39695
14871
83887
24861
76133
56573
96997
89533
93121
9396
16406
70737
5137
37337
20412
48883
78810
74281
67633
75652
20695
68153
84973
62342
38490
74096
12010
2705
43077
16816
45688
83869
38039
45387
29823
14052
83831
59973
84578
33310
76523
88049
88523
21310
34910
26172
51479
60559
27361
63318
8128
86087
5718
79202
35536
42672
61119
20798
50889
32402
30463
29514
49382
48692
28818
35131
95592
97917
80477
73496
57648
13353
43293
5565
37694
75292
94972
39812
82119
92606
325
42846
97077
5307
89144
29751
42894
99219
77578
2520
49729
9129
56100
45119
55267
12882
56489
27870
55297
75308
62056
1665
45644
12535
62017
4882
15505
73969
64085
30719
50898
5213
23252
1530
45447
66795
47051
68524
22486
5452
32080
87332
92527
19256
14569
18021
55873
75425
28159
83781
70373
37157
67582
20446
29399
36375
49767
21982
46856
91864
72928
89491
31917
61979
8051
42243
68199
92692
73817
22403
43990
59798
29474
81136
85896
58620
51180
85429
98675
62993
27271
32151
6414
1576
12481
43272
57863
58502
73378
75199
51000
58495
59363
75718
34889
2868
90847
70444
64453
54068
75543
74842
86078
43137
9515
98161
69455
27162
81508
38114
70126
70531
28464
78563
53867
59088
18203
67673
25682
2856
41243
28455
97598
11516
43081
54847
21689
94364
5566
54009
60147
25155
24656
45983
57433
82283
58920
29768
88164
15522
9042
79539
96703
34006
90899
6263
76533
85220
67209
36125
31831
21410
78033
86966
86520
50621
61552
85833
47007
37671
55530
17229
29632
45376
72109
79367
25263
52531
42555
26824
82359
42766
43723
78279
92526
24363
18530
24736
16770
90283
53872
17326
26672
35013
83829
16763
91398
53034
60039
41838
21261
63751
4801
33152
43448
12137
79107
46007
17457
61613
37776
60146
75322
40741
61317
50174
5503
39336
777
9498
93344
23209
54459
63131
74411
79057
31718
189
34783
22027
63661
73561
86548
80937
85692
91028
61884
40304
52298
63500
18050
54900
5529
23906
87979
41967
14239
51740
59145
9255
55187
91376
27519
67830
95708
31292
25277
58209
282
77816
57937
90176
13362
65190
83511
26555
36100
69407
75532
43232
22695
57414
29795
78338
17447
27038
92208
17405
8984
90022
13845
82508
3299
50121
4140
78805
85217
16881
67145
41941
94483
54587
13025
7666
38169
7731
48124
89963
79853
94721
84034
15275
39152
44505
19792
28815
25730
44452
63162
11564
41476
96083
17324
75123
35488
79293
96905
11372
72405
99253
88866
53025
20943
94379
30019
60151
13413
76682
30819
91183
85794
4071
52890
90629
65681
87178
84575
6921
4538
34381
2217
20848
40527
42751
82225
1573
82467
69707
63666
84774
31578
35437
97510
47560
1069
98383
23046
73620
83389
38262
28025
78538
22775
53413
11693
85661
34458
63258
58339
84046
93055
43538
74295
14155
40914
99208
743
95439
78473
68135
99124
31980
97185
16413
67752
11239
91833
35099
24715
89150
58614
19888
83409
36558
48497
86098
13824
36585
74886
27603
16373
51035
76248
85098
22989
16847
71298
57271
88856
36514
35170
40892
28638
50261
30498
3390
13112
27167
66699
84382
46334
26552
59285
27783
2726
97090
65996
4294
60429
49627
4883
478
2052
70791
83454
78096
25023
73864
39650
81678
60635
73835
52663
52116
9894
25749
25976
10216
74711
58977
22246
36448
48527
23433
77905
67505
6423
9339
45776
48551
16289
81368
53227
8937
83679
80162
13254
52466
36671
75010
35459
2391
62863
95351
59135
60098
24280
15817
47318
31668
91996
16718
6544
33688
81435
30492
40633
57504
5011
18761
58504
30835
53719
1201
29675
94192
93759
15340
64604
67452
91776
58643
44756
65732
32350
31329
24876
18372
27625
91259
46138
40936
68292
24586
16506
12935
7543
32131
54337
60107
43971
85280
38305
44254
93196
15597
93059
90566
56134
79992
60010
91547
63075
55762
1018
63289
69069
36584
84926
49218
49556
99988
5373
99211
92524
92605
43014
46177
36249
22739
3838
24466
94272
90043
95166
52696
44643
81683
25572
9834
20640
85205
13805
6296
34900
37685
10462
19392
44962
25984
87363
57716
54792
53806
89672
97304
7232
54340
69966
15061
65459
74041
96972
76281
18890
64578
71708
34772
20762
44280
10950
96440
97443
94574
6487
55390
11812
11631
21361
74393
24045
15072
23143
24268
94718
94788
26485
48536
95751
38056
87889
44147
92992
90804
9756
3630
16167
93496
50486
71826
50395
57020
71054
59650
12923
77276
38700
59840
33947
1938
44361
56566
76363
36257
18194
73526
18273
8776
57711
38396
27485
45259
73341
35509
45417
9259
37013
25563
33447
91763
38721
78219
39386
73024
56212
28150
27185
74019
64180
69800
44326
64026
44304
84758
22007
85281
53042
80883
71403
1301
11350
18638
77111
37736
58508
78873
98134
31039
61304
47513
50743
78218
81835
5780
75550
70211
66593
2722
75091
25560
83832
53921
55163
81156
74275
74024
45837
75957
37981
28007
13398
43376
13466
84570
28522
29996
91829
76335
532
74215
44654
818
90335
99590
95856
77991
4526
35831
15778
69986
64686
99179
8502
94068
22289
54049
33668
97994
56896
15045
22034
68589
94
69647
31797
38903
11898
50133
1702
23282
12682
42682
40781
75983
83529
85371
85107
33577
65258
39084
83769
28533
28413
44866
3935
12908
97557
73365
47362
47003
78840
30963
65533
98182
2519
37209
46365
27169
27523
93218
92500
42900
16552
10688
51993
1291
47724
42009
80728
30282
64818
20064
79863
39816
83075
14014
56927
80339
85743
7096
25437
72516
40091
65698
71032
40874
88038
12119
99099
51362
65110
28415
41564
23640
60371
87852
4929
6847
75019
94219
29453
68179
41500
20569
79273
75896
86679
74145
50990
71285
22114
46805
73281
99284
66904
91173
54668
23114
30158
92794
91921
15957
7467
95852
75267
88350
40687
80694
3601
78108
95859
97721
13033
83863
64866
42904
91147
39066
56361
2647
57178
71639
39951
4568
56185
20261
14399
95653
36567
99648
12892
48485
1700
97672
79405
12379
36006
36089
42811
21245
99454
97880
39461
97738
83126
72875
13142
92880
42594
6123
2151
4266
2486
59449
68680
38217
26826
26283
30098
44256
35575
34113
33809
80220
90134
49937
13763
89319
80551
22999
22974
95134
94814
41944
46981
6983
9083
30178
89138
73901
71305
63835
99030
89163
91171
61176
60244
64991
77927
19072
6506
9711
67777
55484
89413
5978
60637
49021
29198
5414
71948
31912
19211
72651
49117
10067
68003
99054
79420
52340
48518
92438
93220
81528
91130
67450
34177
70284
28653
21919
74048
96573
74755
35869
58726
63130
5157
64004
50612
33077
9085
56626
15603
35275
87069
87556
74236
79961
12241
7934
90922
93443
58403
402
63466
40843
99621
28119
6255
54379
91209
59141
39343
86262
76381
92916
43333
94155
48280
957
55363
13472
95623
73828
80794
75892
48273
25410
52847
72005
41100
1921
67190
31143
6696
54834
66466
37179
22243
99140
56023
58652
48047
18828
17982
78293
75179
29897
38289
58443
70843
68972
29421
55894
16698
27311
62220
86445
31411
75269
17766
54408
35635
46842
48318
89129
7726
39026
12513
53399
12456
30710
31644
88728
2316
2158
7009
4854
7163
75234
45554
31900
15782
85960
54285
82147
54637
297
4534
37954
92338
39672
57398
15158
67082
37835
18014
90241
78509
24589
51766
5364
36065
99017
68550
71362
93521
50788
96454
89977
23186
91262
80820
50227
33479
80438
71935
5525
1646
32913
68893
59098
77555
54357
66324
449
2842
88041
79400
8785
23769
73089
45759
68582
72655
87745
47452
92534
23083
69204
49848
36406
28337
19815
44146
53044
31941
41862
41020
31250
78461
91999
50817
65550
8367
47447
37932
22097
42745
5730
99383
71456
80810
64274
73446
26698
39938
61177
60618
93830
66140
84789
39397
83644
54684
65434
12802
13453
94374
98487
35759
58042
96
35851
31289
75227
28905
31752
50956
84024
56174
98701
60891
49412
85696
9463
75617
35210
10057
29750
76472
93460
34608
37987
7705
76443
85347
25235
72660
25973
35325
1808
73188
80735
51802
99287
7123
33900
75757
84845
34415
6028
36270
37138
85203
12065
35562
53922
19704
11369
92973
17033
25080
38096
94113
62480
95686
26601
22706
73683
95216
11672
72921
65448
1116
33990
85351
13941
64748
30980
18819
72644
59217
64164
93619
21488
68768
57488
38059
81583
59210
42502
42847
82326
39944
1940
21369
42070
17433
81453
87065
57982
84801
4020
1925
90254
37205
30865
92066
467
10410
35396
58749
11960
57875
33950
56904
89091
99310
73967
26652
64919
42885
4776
12787
45663
82043
66319
40977
75448
47214
60277
40774
28378
17488
90305
19121
48430
25758
24842
14812
40709
47672
72209
86613
6611
91479
36151
22279
66923
98398
62704
7229
68184
26038
90247
55345
43104
94111
96484
6473
701
78558
3852
61841
61536
11713
39601
76310
27302
44883
20669
14622
91281
66619
30303
78888
82532
68438
14878
68791
8924
33784
57469
5598
54640
6373
88691
82084
71004
78849
86267
55229
8732
63203
77942
89608
78031
86807
99019
44430
55068
77510
68393
67019
69864
48127
70031
1648
36420
39011
46518
19555
7698
21103
27124
46276
73886
87735
24790
75836
47228
40848
62151
84597
72408
98723
56677
9529
68801
15714
48120
2075
51412
18087
650
31327
64878
36251
97289
20949
87158
26947
29186
84661
96323
63491
77013
12235
66270
76382
73709
41443
71520
32509
55462
2740
9956
96663
88586
49095
41387
49176
26728
83247
46755
48213
68658
12842
47219
12743
64633
42371
41239
24380
80251
41039
53953
38824
90503
96853
80090
84657
58248
5586
68157
54166
19069
9729
84891
35905
27225
81485
8381
26525
69171
4224
91384
55022
19067
71231
56473
60725
78916
55298
46533
29663
259
83384
2265
98538
36025
13337
94160
53037
69092
35001
5174
12986
26600
87067
33906
25606
98068
39886
8634
94905
81596
56708
20689
42291
2349
46246
38957
93174
85652
78725
98483
20147
94386
1876
11344
53770
9917
23867
98570
82096
82187
8246
94993
35960
51555
45022
65041
85332
83936
8031
27174
41588
16837
28012
88693
67551
35068
37910
11929
88132
18059
39216
36692
63633
43188
70408
54982
63642
15506
76332
16394
8679
47268
34445
35710
80191
90733
1169
94640
8211
53069
24639
21709
80144
15674
26418
80619
3066
39398
51148
51069
20216
90071
22293
16724
48011
66853
34045
98183
49940
87236
44889
12346
42528
52906
52880
27583
69918
44879
89208
5953
7380
39594
37275
3424
68271
80389
90001
80410
54578
57238
1587
61463
84876
94051
17730
99950
11758
59732
86552
44624
48283
19127
85054
95477
46803
37842
28604
98396
22207
57301
2050
91855
55834
43619
5517
76211
6573
55505
50496
25931
13708
36919
70899
35871
17204
73249
32574
63089
37624
34560
50710
79049
81007
290
17506
74159
90450
47580
2086
21726
56149
20776
10879
37457
63369
13258
71752
98425
93865
27888
43247
65631
4682
24524
56484
27677
47017
49349
24397
62615
24833
86697
91125
4
152
47712
46501
86384
55654
82437
14776
55217
82332
90727
59127
66590
61542
71478
65466
72327
12133
72216
63166
94505
93345
57428
66106
67365
98516
2824
92161
76890
98247
94771
90032
66101
96412
16221
83699
29191
45733
66083
39196
23732
94362
53667
38436
6318
16
76637
14333
46914
29111
599
23603
20229
74717
28123
10
42489
79887
73189
76973
90174
61055
24469
43998
89464
50001
69578
51894
61990
53869
43260
91047
12705
18052
77117
84068
42649
94401
37673
40008
56002
88217
22962
56440
2249
14284
67034
99168
49682
25796
23639
64365
56647
70189
30789
59659
46575
77570
77095
78980
9574
13936
31774
3386
6723
55436
12403
57286
98756
677
4004
4017
64986
97097
53732
96039
38048
39673
74488
97834
83810
29920
64603
31795
82841
6698
68610
94709
5823
14677
25253
50762
83433
45475
90225
10089
4079
16974
77272
34158
66213
58885
51752
43842
64573
66150
58804
65903
67056
64912
32463
85820
43344
35334
91100
94665
375
86410
84369
80888
66259
70637
12163
97972
95792
73986
97358
90425
63620
39226
15179
73035
50742
61528
81745
66839
28581
8345
85341
38598
72847
42711
97104
82978
75852
50335
62082
62275
77011
46128
76879
9142
59479
9503
32899
41076
67026
62482
4112
65609
33847
58852
19423
14264
339
3616
56410
8467
22871
75890
69349
63362
11138
25102
71689
32970
67107
9449
56786
26236
58314
82004
50838
43314
37951
83804
13660
29836
20638
39295
76764
90170
42589
65320
43827
59578
74939
67091
318
48461
92392
87479
74640
13825
59399
82088
62490
54948
49666
47479
23445
50071
28168
55450
26004
65769
86288
10574
96922
97266
93394
13876
7428
84883
21738
95410
67900
77853
14943
33828
11987
63239
52695
41485
58245
14332
45033
77021
19116
65472
63970
57431
28391
79982
74724
12068
5679
35354
63914
79594
21832
17242
21519
45170
83626
6628
22644
1747
67901
45193
88433
3861
81748
19862
75202
26446
99984
24599
55119
92737
35465
74983
25480
90026
25680
46809
158
96197
8092
51382
11904
70049
88625
70015
37846
62081
41279
84420
34163
72048
95133
85380
47094
38660
20262
82377
27347
33044
38596
60858
5104
34755
1455
97313
76776
30905
95869
87553
30927
53959
38729
97371
58376
15549
65723
89297
82916
94355
79942
74612
93294
59838
50199
85097
19080
61458
64385
62810
41982
77627
71961
9186
92177
14214
91219
38707
70666
40504
96957
63343
19049
4418
82705
13175
59535
60954
93729
29168
3468
18945
92082
45503
53180
97767
25425
37325
8022
28574
56108
86567
43322
94122
49990
3667
80712
96187
78259
92073
9833
15486
37397
98599
25016
16212
51052
25748
27135
58817
90314
97662
33358
21416
74922
4645
40664
4485
75620
972
96304
1426
30161
68846
40895
40396
93083
79858
99931
10275
12457
55389
85572
82013
10657
47766
6753
26490
68974
54886
25374
14590
42426
54066
46686
97935
79447
92658
69355
90982
67823
80401
35425
50255
95059
85619
44127
64932
67981
53420
21456
78055
655
99853
68381
92608
50106
83964
66935
54026
88144
24644
65736
13243
40181
22217
52684
99951
12313
38880
31822
56892
89772
91362
42299
16310
66514
63461
58946
88804
62768
69828
47984
48258
88929
39233
77014
59190
59081
13610
97910
81516
28116
21939
78189
19231
93847
49933
95264
11528
13718
1760
8690
4236
67353
23293
47444
58262
78371
10653
99466
50461
68821
5512
33921
12221
9496
62066
62712
55024
96875
6354
7764
12265
68163
99583
35297
4445
38978
26292
69480
83917
88517
13550
13884
97581
89547
40695
46351
81980
94529
22331
65447
22928
95704
24817
74325
74429
75498
14049
15359
92883
35312
89802
7995
86340
79604
7105
11752
13494
61199
61597
86177
51938
18784
17322
89302
6146
74577
73001
82649
82752
53903
87750
82763
93483
52124
68493
24185
37526
29642
16080
15493
12156
55180
32294
78235
43584
56363
24821
16473
77143
3049
17685
61746
30964
91170
67665
7273
195
39515
51022
32307
65983
9963
66200
21136
80084
88599
86059
33247
91497
96878
26647
41651
62433
29914
76962
25315
75317
55448
68223
71206
75476
75169
57114
36680
69681
92928
18906
36822
24680
2156
18040
50490
83806
12130
62517
1022
76711
54035
55605
64023
38716
9207
49063
81530
78406
84071
38016
95801
31590
26307
90024
29726
39520
2395
49419
36463
80809
24850
51343
1556
13323
79032
52734
52342
90104
56734
47750
70079
55617
3409
67506
37692
45452
97342
71518
29790
90819
44576
13860
21696
54203
4030
73437
94607
60811
14501
45253
2243
94276
77237
39934
27899
25988
88455
48576
4575
26434
94418
93532
57606
70436
95574
62900
9146
50615
77390
17898
77064
40732
48441
21168
70460
65713
94537
92946
34362
75529
92583
75920
63886
82395
43159
41389
97747
22849
53736
57490
35847
37665
60727
40798
68392
25668
79697
91616
40476
81612
85512
80197
20967
46524
14671
33196
57874
52168
47002
12248
78750
77327
3972
16402
84370
2700
39969
64871
70130
73829
68894
19536
61733
48827
33596
28784
8057
44715
72631
84290
63539
81070
72563
66494
78908
32821
13430
69952
14343
62408
58563
58390
50816
90607
72707
90613
39584
42138
27923
14413
58768
90005
50565
65525
78903
88947
82988
83517
82790
38685
34031
60318
9045
96316
29763
19361
81628
95349
43305
67198
41012
40849
35247
73690
82632
87274
82509
98848
12768
56194
29821
9880
80325
87270
35403
79963
33949
51389
43608
92889
3350
78942
81521
54737
40223
56210
39925
41767
33701
2801
87430
27422
73374
21271
55887
27409
29120
95854
51456
2920
47221
11525
57165
23320
69270
38539
42002
21835
85389
58868
79230
9708
52491
19220
91182
66155
37469
90900
33074
1045
55377
55682
36475
21171
84780
72117
22095
71694
66729
36412
34564
26228
59250
46867
9094
12173
53838
95244
25952
40563
24716
14694
30893
40466
74658
50326
98291
10267
88447
20760
24733
20106
42601
98739
22259
96882
96381
39909
9806
22241
6851
48394
70938
36616
82321
79431
39737
61087
38264
70029
96686
63487
72255
92400
92933
78485
29661
27535
82138
46523
89183
90354
98409
69109
53681
28856
12340
33457
56815
36427
27766
10695
15393
53974
33111
43974
83696
90758
7191
86956
72110
72596
81381
30573
22357
87291
36298
54893
74999
93617
46559
16155
21690
20567
75411
37054
75192
76256
21668
27153
56003
38321
72926
38976
98699
13343
34710
48709
67053
51497
85485
79200
97231
69901
20020
20407
8982
70589
97512
71444
97704
78403
54223
16368
92041
94779
16375
10442
26945
93313
79199
70840
53587
46108
86026
73301
48089
9707
41449
38732
51793
68387
91412
28661
49628
93510
40837
46894
21785
1182
1840
19202
62673
61060
12806
2617
85906
50019
3042
98454
96963
13580
61425
8242
87628
75863
61624
60475
25940
31192
61358
37283
77936
4875
1486
10117
56214
87501
49491
49168
67560
10823
96572
37984
87445
7465
87092
70512
52028
82721
36759
85898
54192
38874
3216
65842
91774
26398
22620
47694
67482
18382
91300
36404
20330
60488
45350
55407
26798
86349
15727
16299
6055
18444
56262
76911
84007
16803
57360
47549
32005
19045
96945
3235
43799
99457
13851
26324
60980
71230
73743
72986
57331
99015
8304
66636
98408
59784
48217
15515
78906
15117
7521
76303
17240
74873
42018
39279
52816
88072
65137
11824
91706
47754
31952
19829
12116
10106
52227
82845
23416
23043
8498
29360
62132
60111
38698
36520
57172
18113
27668
14277
34138
26750
77028
87239
47114
52481
49819
38613
7394
33029
12223
86633
28047
70903
98665
16582
84967
45979
27265
48671
72124
85513
11932
70926
38309
61479
71978
60616
34088
28386
65929
50281
36805
88562
52419
88271
95509
88812
3965
34450
28536
2515
47981
50363
8635
31326
63649
11135
88013
20352
76077
13117
57821
18190
83089
64995
23999
79381
95934
8986
27781
87918
10601
20410
67852
16768
353
47788
21482
81292
91962
8490
59803
17130
63556
63870
44952
77470
72996
37657
89306
29550
61802
37933
86016
74463
9679
68436
19959
50810
37839
36791
85337
52292
72664
85403
1522
59835
86999
65166
27402
84360
10956
848
77364
34614
4627
36923
60088
47619
97489
59044
28718
99960
76286
95673
99719
2129
58212
22529
87199
70324
13051
86217
8003
6464
76818
76405
77617
81985
71469
32646
17566
98965
75254
94387
77450
55108
3793
25735
40571
72789
6680
51206
57203
36895
55578
5147
67541
28772
62589
60657
83929
75415
29847
17585
33884
58687
71245
8651
70948
46049
52453
81949
64554
12149
58433
8210
7962
22089
92458
58377
47957
31106
64671
91018
72370
65010
51465
98744
98553
61470
12069
84458
1914
87742
28556
10952
4855
41007
74255
59333
60344
75310
17634
14494
11673
46021
55995
49214
39082
86982
77
56723
7623
92103
83379
69396
71484
84113
82261
17589
89881
47655
46228
51943
74686
35389
52616
72185
82398
17156
46196
78544
15718
8643
10691
27796
53266
71695
80446
26238
59574
27717
82834
5195
86988
6708
91184
44880
84862
73097
72084
37066
21299
54705
27686
72135
46889
72624
98576
56077
97357
26242
14078
57980
28186
76003
81166
97686
39050
2420
58533
30617
58523
39667
17882
33270
11968
45690
89236
45459
99037
47426
89609
59647
64121
82848
21684
98928
60663
98870
94719
35618
74523
9717
63570
5054
94909
85190
72931
71893
16039
93782
66783
94188
76358
13119
64159
36122
24997
84936
45248
24301
78690
70995
90902
71059
34577
78318
29341
9250
14173
4651
63750
76344
69768
31778
65272
27813
94545
43858
44385
61306
38526
66914
12797
33544
63895
70529
10638
64395
43430
5670
80860
33481
45989
56979
51442
22473
59839
31205
64530
59468
40206
12109
97029
12383
62505
61874
42612
6059
99300
89855
9302
33028
5448
96845
68578
18471
61705
13596
65914
39218
47015
84091
60304
71841
45481
63179
39385
99556
63202
61283
79167
24429
27421
97929
99603
9065
86975
8742
87651
45840
14581
29142
14729
96890
22637
10121
53253
44718
7581
39345
96707
4572
35075
39731
6282
10717
69893
93869
90309
32568
58131
86251
13621
68820
91576
92683
54994
16288
32212
15969
7754
60339
62410
57713
70719
59031
74561
9984
88579
21708
84186
92153
21702
50045
10107
55106
52205
48170
1183
17180
76142
2272
82910
78103
70226
58598
62039
41454
88157
346
8774
36286
41110
67811
91241
76982
95628
72074
4633
14496
52250
49619
75392
30619
78761
2585
8068
95850
7997
59622
44996
59921
19137
91824
70025
27564
89678
46763
43017
73570
11951
83193
88273
47370
46874
33165
74118
18590
99127
37078
78525
2650
86648
51099
82938
94479
18428
81100
43003
36217
79548
5720
31790
18771
86412
17574
49622
24782
36496
15874
44639
99772
21649
21501
99701
96531
29864
15383
98125
35745
12561
23385
31633
56537
25700
78718
91613
7680
30880
64206
9921
73943
95014
46427
20906
89269
56081
95199
47450
5486
72112
21409
12859
35498
47133
46480
72640
81722
49056
14461
12664
43523
83045
69817
48130
8661
25254
33885
82497
72019
82626
88210
17932
54580
91379
13944
69044
6353
26693
91867
7787
64480
12397
91101
9151
23194
99674
94958
76728
83164
99144
81872
16729
37886
43817
89221
46379
13147
85633
62793
35761
19154
17471
56900
17998
88286
22304
73431
62237
16539
28164
52867
26021
58907
90233
13046
97402
64084
49711
54106
88053
117
55891
1377
83001
11686
49182
51947
43662
58409
87885
72231
83882
79996
83527
61312
61114
44929
99142
18770
27648
20580
82314
73977
82104
29148
33478
68574
58497
17662
47667
65269
10188
50350
15376
1195
74066
1393
82827
83038
88213
90472
90997
51646
48503
18466
79105
42416
19390
31604
48844
79991
11461
16986
73172
16245
77920
43660
75187
66700
34442
93177
97428
34565
24643
24179
83005
93955
575
74010
59603
94064
86944
55304
37606
45939
16658
8298
76772
33442
97798
35717
26487
37725
48414
58954
54371
79456
10161
60294
49195
13726
16366
81146
94290
31337
98616
30460
80491
68711
86213
96983
61740
98204
54618
80792
99018
64074
23841
46257
28566
96982
76219
40216
66380
79629
77483
41164
34105
98909
6360
50957
68946
88670
25738
10356
94634
35879
32712
88980
24349
52996
6862
64043
85609
22575
4376
88578
20768
19260
51682
23964
55046
40344
37869
74536
78395
97631
59348
34647
17106
94118
78088
20907
65913
26969
7651
35309
61521
91588
67759
36426
51365
59904
95959
80503
46028
53130
95791
67678
8357
44185
9437
28727
84552
53640
50885
91456
29315
98779
13081
11109
77844
13032
82766
42256
85325
62044
13138
82017
58672
36466
56745
69449
31132
96992
1766
61215
68792
37018
5204
63274
43352
3495
23757
52999
64689
31673
31089
28869
91527
29405
9828
89593
55859
38625
72829
91212
76238
84708
33665
1037
73015
73418
70321
87018
11965
41913
56800
71457
33446
27138
63516
40358
23809
70255
230
39591
51541
735
28966
44458
50410
7218
38887
67934
57861
40820
80493
62531
52747
66887
35926
54450
83288
91733
2484
65703
88798
40525
87796
66063
8569
57249
81614
18794
13902
53061
78082
55385
24525
31580
88975
64205
81449
37672
13518
85026
31463
29104
85339
70992
39045
53723
92450
45854
86518
51331
42173
49799
86816
38297
13029
70396
38722
78109
85256
24915
22908
67049
33867
72498
1858
77830
24039
65422
86477
71577
91113
93647
16234
99396
80444
1493
57138
76735
96935
43099
69935
85996
99644
16215
62372
94858
56467
38562
82709
67659
37986
6580
16174
87781
93378
60645
1895
95353
54781
5139
42983
95753
5072
41801
78294
39191
49912
39151
19485
4652
86265
98577
70917
76708
26175
22421
64567
99289
28735
35295
63945
76727
18168
30293
56381
27145
5367
94643
11541
24365
79472
44406
46114
41899
56689
91986
42881
51127
20349
74508
86959
37040
69117
81839
72438
19648
56030
5657
15869
90843
37388
84053
25366
14162
15190
35495
80933
73624
61303
69177
94260
50332
94850
77339
7837
50485
90676
13613
23612
79740
31414
19618
41626
61497
47848
62500
30138
88129
79115
7148
91720
5287
77603
4490
56590
46589
62111
41736
58301
35307
16536
37301
65960
6781
29231
83125
72893
8046
84418
19926
61051
26431
70647
38688
22532
46543
69956
16004
42186
80239
91105
90328
55485
79005
27952
76668
5821
98375
97005
90136
9476
7127
44234
98859
12440
72087
88577
7029
66107
88147
41642
30343
57228
68118
28450
96095
79425
53535
57346
75233
37756
75282
44849
85967
72490
67872
36494
73604
91016
57607
97644
26334
7760
19787
87874
5928
53164
87600
93037
81568
50465
118
41855
55431
20406
7507
27714
44538
29246
36391
86140
86115
14462
11242
7887
43426
52104
90452
80862
31496
73259
77110
15677
8944
13045
5211
51085
7980
794
9855
55426
91662
89807
51593
69263
20253
57789
25062
90708
6840
98326
84167
62048
53439
81323
22283
54790
28208
81401
36561
37434
543
99643
32993
89421
88412
30907
30576
43852
91250
76272
90465
39392
19638
33082
58525
32367
88290
47386
80584
15749
75680
2003
49832
60984
35181
59879
1822
14839
76171
17520
51563
58742
59822
46466
77304
75972
29941
58886
51825
47820
78202
68360
53080
38780
92952
33941
44955
9489
29436
40221
31115
48748
49096
814
18079
71307
34821
29805
33199
28835
4208
3252
85977
1266
27829
95880
46989
37056
46222
73850
48948
90698
10425
68681
22404
73911
34108
53632
49484
30756
59493
58777
33190
64040
6992
77749
19163
37332
43595
72524
73917
32241
2323
41542
75128
86134
93096
45879
73582
1611
87592
9884
32569
12793
45402
31507
83249
29592
38316
60731
54917
13174
7527
81547
67278
16870
75404
93940
99171
57918
54529
11911
32882
88304
74252
73022
35734
52017
48670
5826
76365
75290
96424
84908
9057
74803
34310
89181
92819
20996
54278
91818
24603
34733
9542
89906
45873
96933
68064
99788
6480
60188
81092
9247
21142
14022
8840
87397
25946
75634
6751
74064
89683
68978
93574
48210
45312
69284
76027
15041
50159
10639
24615
91027
64219
21184
15698
55825
83049
53267
53437
88803
42986
99084
2609
94352
1355
16732
84799
20320
21095
5494
83790
40827
90662
22752
43281
61518
93163
43698
15159
45430
16482
43925
90828
23269
85119
47792
72482
65677
81440
50105
23284
33746
61997
93172
5651
84983
94468
4468
70317
96021
24983
34667
71431
77090
89579
64359
50813
59299
18699
37649
63259
26959
53162
11505
17561
7203
63802
49044
19892
73719
43049
52352
63401
89595
11273
77123
93975
60128
25498
88054
92626
45620
78606
85059
29734
73819
90704
79033
53949
57042
59981
74961
76031
86639
28049
8707
47745
9742
96069
51194
58464
20340
13505
71081
12831
48108
45153
68307
43579
88113
9905
64657
62859
13205
65835
35322
92871
57911
67876
72160
99237
14670
51997
98805
88906
36106
5973
98334
7092
49698
49672
9621
24367
4697
34296
73621
56014
57441
21130
70404
96081
36717
56993
42458
92745
17466
70869
58325
64804
18668
90152
11382
69366
63019
68708
44464
89446
73796
23203
13958
52260
74677
72354
50567
28600
58063
99123
8674
71386
4884
78173
33163
90156
65502
98999
99972
47388
1269
87870
8596
16889
84494
83805
37547
60056
90663
69148
33595
4602
40191
2898
83030
13852
71834
70780
4984
30632
38581
28929
32448
66655
63029
18627
44174
37482
14572
67290
74697
10965
93796
80238
34480
16476
59995
62266
14326
33946
76597
59345
97330
76160
52180
63494
71638
97754
30955
37253
65197
65982
82992
13091
46496
83848
18176
31194
66828
98959
88145
98697
97325
86418
22642
31000
41023
92002
14899
80963
95285
81618
66559
49540
518
59095
30525
81766
68544
53742
45257
62349
58542
29695
97529
48446
32173
60518
45386
26399
81101
59192
26085
52278
5762
57542
3239
22572
37089
77766
32261
12040
17991
31347
90568
57462
93700
44105
95669
46327
66641
1955
96340
27793
23444
66355
50119
88861
35567
39988
16675
45731
33313
38372
50673
33747
38098
78232
66477
56431
83311
94449
30637
74231
67970
14630
18062
33460
48939
53440
61361
46409
34127
19913
66946
92131
54133
73482
68383
30593
63699
79294
81465
12577
8644
19487
4709
29716
40826
72743
41624
20121
7960
10585
55946
68453
67683
17827
10165
76449
20586
53615
52238
3585
60327
17791
24205
35997
28021
46432
30896
94254
86650
89841
15312
22662
65762
35961
16307
73816
28569
46904
77127
20877
82097
36647
11019
19444
34424
43798
69353
36353
22450
53578
29637
59261
64006
24582
35569
33749
58361
24800
38021
54498
64855
91007
74726
27284
50164
51150
32434
18644
1812
95837
67533
88206
65000
82925
34456
28093
65747
85126
27896
84948
60001
82405
14689
85972
32028
60096
24079
54718
56824
79396
75466
85850
82163
71173
41956
75595
85622
25232
54977
81680
46280
10076
1262
86351
61502
79862
56602
4812
93552
51595
62952
79748
73028
94597
67164
65738
8489
37314
99324
52900
3158
67225
36737
24289
25284
96460
93333
79777
21715
39997
23118
94832
45433
69056
86303
8221
13833
27393
88216
79508
62224
97578
7578
61631
14057
25539
5108
3572
17756
56942
13777
65668
1592
34159
58195
50843
24693
19429
74966
74040
68588
73190
61377
27614
24391
44356
45972
66227
23291
87330
62761
88066
63129
72331
27008
42264
32371
64958
90706
974
15566
76123
27704
83773
931
58078
75514
35178
71739
89143
88786
89455
96164
53611
52171
57061
56317
81438
61165
22251
46053
43586
79874
87421
66977
57344
67815
43733
82238
69532
25553
8243
13325
80056
23787
56726
23958
2522
92872
43771
20956
35915
79931
48639
57255
73351
63881
63860
10388
70347
58487
14342
78716
16928
73504
85978
9602
79488
74584
8731
25838
49178
96687
50527
74202
82875
50275
68817
52944
4153
87161
69605
29113
5073
67013
71493
73538
33081
15386
54328
49397
4537
98620
76837
53463
94286
39570
12619
81969
87848
60222
96558
69562
1017
66895
31343
74309
47237
12877
87962
19106
58461
67232
42111
86308
70996
23878
45478
27795
76001
35592
31781
19152
38118
34708
38955
89197
27547
58023
53195
22068
96608
62239
25311
86029
14648
93403
17835
81823
79075
74023
33506
45946
98534
46630
77696
38546
3210
19964
64661
41486
61553
5982
65139
3188
93203
33230
7945
25639
59688
89959
39577
26153
19245
93575
24807
23281
47975
18951
88846
90415
61022
26894
30984
80342
11458
42241
34791
65377
54072
48052
25414
66023
13456
40314
18964
43102
36091
4613
47261
5801
64481
40416
74404
8350
55994
53480
24426
10543
72864
4221
86827
90751
39971
64839
17911
78841
77343
49825
8745
50265
99999
13664
23251
85231
88063
21238
52887
23794
32723
49235
3980
39061
66024
46494
43471
86413
83727
58040
90316
34873
9509
34152
892
33674
5092
84999
80281
96420
6549
10883
7411
24070
25108
56679
75748
55880
87810
18561
95441
93976
78120
94536
25586
86468
17510
74986
66640
46102
77407
95579
52817
2894
40860
52724
51964
34895
63065
22958
89099
6285
21493
57840
55694
48953
34361
32867
47931
78871
84573
73948
33694
59101
39505
26320
26760
77370
91082
69473
93786
57906
19278
9988
35882
38892
85457
20265
32682
30824
2417
73639
86030
42235
74097
82184
78785
98726
47556
20519
33583
3297
24398
99103
50011
94513
58028
11787
74248
41162
70818
55774
18217
85037
37489
99835
80586
42038
89837
52605
88628
77577
4889
71281
95208
95423
27617
51844
42410
90232
66664
19414
69560
63383
76707
15316
90512
48241
17724
69608
70514
78524
64361
37765
98399
51613
62545
35140
21154
62294
82824
19643
4927
85132
50331
4830
64100
71064
87798
51101
39114
88076
35342
29974
32904
55051
40385
45304
70330
686
72116
46728
64519
16627
520
18904
13244
72582
86199
27503
57115
38961
28971
38247
34461
15344
25642
38136
10866
98386
49183
74250
25855
5852
20619
19754
55785
91391
34016
78685
53008
31530
34955
98847
85268
39163
69166
58196
7579
62464
24392
65974
12701
74662
1344
89104
74725
67706
58010
32601
358
51656
10239
33341
86100
75478
5314
7309
92253
9877
11307
29927
76502
22541
32229
37455
81196
72210
80541
61250
71391
73887
13097
4350
5118
40263
26809
23622
70272
81509
28271
73636
48003
19550
31114
73376
65067
19385
35443
23409
97812
4387
98189
25499
18982
45817
99199
37326
80115
82032
97500
37856
73556
14507
28350
18885
4203
13187
69315
41845
84074
46242
53558
80769
79950
5255
6002
84041
61973
63821
53462
94749
7505
43922
78656
39497
52701
29381
43004
87162
10242
30206
28015
30290
51288
57323
81751
35367
66301
87958
8377
90054
74789
92638
45095
67740
96053
9223
30042
43557
6349
90967
52475
14997
43088
41640
4874
82571
45802
93462
78133
96808
95863
21821
5288
68110
37814
34787
61868
1972
87061
15349
57498
53621
8899
67284
63567
87586
46916
3740
61486
62789
65059
29196
52550
59059
31462
50362
55224
45596
30898
65693
68212
63522
3024
28073
99554
18569
87601
11196
98087
77986
42756
8333
71559
5177
22646
37432
89069
53147
27961
15077
41253
59091
27676
702
51906
26449
65438
10429
57437
91519
87882
97522
85089
24356
33566
82741
3931
71094
70829
97053
9604
97291
72861
56239
43637
55406
4646
1343
22648
3422
5468
3264
35290
7057
13871
16442
18754
58275
51981
68082
27594
59599
91483
6317
84582
13299
6234
22664
6212
36005
62415
74676
22676
2527
11020
5096
38306
60519
4668
95296
40280
25203
56462
99375
39259
73227
72919
70092
9320
16997
31999
43515
72248
24504
62392
57105
15763
41456
62058
22731
42270
8254
65755
63909
43031
50076
19437
48805
83799
60831
35253
50101
66924
52674
73831
71665
22743
25241
97999
6503
47519
78438
30699
20131
8987
28220
10024
53821
59032
47294
11296
95483
19239
35401
53832
80413
96917
40060
11986
62260
6709
31218
49443
87358
33265
54987
84972
81129
24160
73234
58193
58397
78027
85719
26898
67465
40445
36051
55515
26531
25271
86465
13411
8319
24960
42806
91750
49424
32737
62695
49277
64308
49511
96295
75822
78775
75205
4058
88323
88635
30562
27019
75952
35426
6363
7959
75016
27660
17381
74745
18410
49220
13519
31318
91291
779
57691
67605
54692
19113
10138
29843
90771
40448
47797
90824
42274
58832
37620
96680
65454
13385
93728
48132
21985
11465
56398
96101
40055
51326
69497
21645
78046
87390
9064
98717
1134
55753
3337
39358
80245
82580
19214
20061
22793
25103
41747
34899
34805
33533
43045
6933
47970
41717
87151
92564
78696
17051
19562
26543
67907
67909
27459
64775
67460
95858
81965
27644
57930
63347
13499
16866
3271
16508
61942
38187
57845
31181
9058
58375
44448
80710
95491
51027
34120
16998
60952
82956
37331
66954
97436
58740
91148
21500
43112
78546
919
62057
24713
42172
36078
38633
93149
23472
14367
88111
89503
52454
79312
28066
78390
63518
70814
40836
89393
40721
86981
99320
21211
78048
63014
71988
16700
33469
2565
21568
92344
51237
66489
23718
80449
38165
89310
71467
71070
17610
42395
52726
32695
24572
44631
98211
7397
49217
95888
58626
56020
19451
92213
24613
89984
4352
13822
75328
81518
78246
37091
13968
64731
20984
70801
8239
33023
19721
90852
68071
66518
16401
88174
63817
74828
63928
77399
69139
95577
3344
72446
17734
56135
92026
55781
96136
65991
37921
99783
40653
72484
7898
446
36564
19056
84920
66913
80267
65260
44672
63807
17840
98875
36939
65216
74146
41274
81425
50499
2422
82477
70432
14381
73273
21221
76916
78803
41140
12261
57625
67423
42171
60851
90711
91969
75238
70728
72912
88731
55212
32148
51983
32027
81354
28356
82828
15363
6604
82320
56608
89961
59616
10988
31693
50678
81856
8733
69064
47791
70807
27466
89878
95519
7391
76041
57657
55353
38030
63371
29877
46882
70341
67476
93312
8524
24622
89252
63189
64265
87860
8567
86505
70251
80556
4277
19100
78331
38204
29095
16678
47443
67292
25876
66353
44695
26005
46050
68950
37266
93750
84292
38748
71604
15985
86371
66753
5808
47870
62000
37188
34653
9735
78498
30840
56697
33172
38399
8252
42208
71191
46090
86596
60922
17890
38046
83016
14295
14323
23393
6335
48401
4935
53967
88761
3482
157
82588
67406
99314
98977
15527
48897
64999
17325
42057
71934
6966
97619
53173
7317
10518
82385
27296
2437
27582
8169
90641
16657
22714
28696
45172
5548
25481
89549
53057
89085
45912
47196
74092
55546
47817
44864
71525
19644
1681
48316
82126
59199
53386
40215
30311
27957
80375
63104
52489
2766
93235
31279
36900
77147
94363
54361
43154
98782
92512
82592
48973
84899
94715
92107
78292
21441
84140
98983
2260
15495
97481
52818
38222
33405
35033
95274
18568
38106
42221
12751
22298
35544
82807
89726
34412
4514
89613
70596
76046
12034
71784
41565
26765
51286
73182
89567
18311
65486
64885
60673
44268
92236
67070
39652
11902
72369
31060
87677
69743
19739
54818
55244
85141
77582
62931
94878
62435
3020
76214
77444
28490
20344
46521
38704
95721
79186
65529
45179
71358
59232
73078
96556
46872
4524
8479
89752
74656
63598
88879
71796
48934
26623
30805
65270
64498
35314
70446
2480
87351
63908
44886
35708
25154
97486
64420
57593
28293
15122
17017
21896
90781
53158
16588
30683
54373
21804
12005
62008
46986
78021
77136
43966
96831
51942
75922
46737
76516
95159
28044
83851
45110
32449
46659
35546
23424
93104
17873
97382
47032
19520
65686
54090
80178
25245
37675
27381
23573
62971
42587
77363
53752
17719
36887
38437
36338
18064
979
1935
50707
5774
13885
32781
5716
66041
47422
61505
58583
53498
34196
38758
82196
3219
52547
41972
24463
9103
1235
12644
52987
50144
21815
28526
46938
6380
30974
884
12934
12411
14918
53689
73692
6944
24647
44376
89261
70950
49713
36008
84151
9312
77631
42615
51589
42381
18019
90579
89619
67704
74499
93661
7965
92947
86020
59918
66406
15713
28106
57646
81753
30325
48519
23394
38133
71757
23552
45872
15019
98765
80851
31684
99372
41606
6523
23162
85482
53338
35235
69850
34681
2871
87248
41706
41057
30170
12936
90806
42482
59213
19759
4055
50729
73298
25693
71722
20781
45605
34039
20990
63684
70627
27772
10977
53765
91633
44188
34829
87959
53209
32157
8093
35056
36905
56563
52093
82688
42242
30671
98123
33534
44192
38439
77768
33411
84865
20470
54686
28560
91021
25743
98893
86830
72570
16637
62969
31208
31800
97039
82041
69994
20891
96007
68452
1389
63271
99220
33266
39706
94351
5703
27907
26667
47423
31715
17907
29604
83002
17269
52115
44101
70611
55470
98694
59943
11970
50538
24455
72
65808
40890
35719
15615
81883
34848
43000
1919
90574
39100
58889
50339
36482
27184
84598
83198
86155
12380
16757
93315
93584
65247
1695
26858
10577
692
31787
53515
57156
50450
89136
80953
25673
49463
82108
65712
13238
28926
7184
86923
56827
88004
74950
12827
48068
68260
7889
28620
288
76887
90108
58609
17407
71504
12095
73914
51730
55355
67196
36331
25074
87843
34357
82730
21737
78255
585
56445
39272
38953
10423
15924
84159
53530
30973
91200
40067
16151
22872
695
27020
97075
60760
9853
67239
19652
86007
45188
26202
81738
26671
61321
6430
22198
95610
30077
45484
73825
40031
22339
21876
33234
36684
94739
3481
84956
98234
65810
24233
27437
37757
28957
92576
57527
4016
49030
10096
40795
23800
5216
83739
49171
56369
66938
88191
8386
8285
3263
9832
93925
18000
15341
45049
8943
82021
45905
40686
69554
90730
48226
44381
73555
71138
71280
24048
13399
70152
94496
65131
20865
94524
36944
11366
83136
20255
31296
62616
23469
18263
43442
37255
86583
82619
83147
98676
46251
44782
64688
99334
8989
22082
98527
159
66154
99938
94332
26363
8038
37198
6316
37745
88251
76714
62332
44375
56935
61940
53122
67850
58331
63889
45437
74769
5898
50209
23214
3092
95224
49845
61703
70997
38288
10747
77244
80759
97327
99004
70167
28225
75951
45265
25636
89390
20757
77048
49731
61591
6219
84527
95950
53017
79654
42897
86223
42619
89942
88551
91682
96850
44652
36964
67268
84957
42677
87168
11806
4916
96823
12790
36210
50129
54143
76143
31609
77834
54611
33153
6965
25977
95485
79839
56877
84743
88982
9922
24194
84098
65714
52922
9490
176
47099
26494
48138
28137
19325
67459
254
97953
2548
36499
61843
13263
70402
81755
11354
14807
81998
49309
89695
21877
29481
88855
60362
78367
70061
12060
21675
46075
93748
93525
45445
51055
59763
11406
29969
39325
60605
4422
59707
74073
20834
25556
32627
86150
38784
7265
87257
15620
6920
67713
77086
83086
41199
61118
57782
37120
37576
77888
30067
81546
746
73812
33823
18793
29309
71313
98012
36215
34715
93703
24225
74688
97978
79715
91801
88774
94040
45967
85902
34809
40989
40183
27484
36668
88910
7011
77463
31709
19564
12613
49741
96740
53712
37590
29545
52404
36610
79679
31369
57779
83877
66037
64404
16533
46353
33851
85250
98501
63447
25825
26208
67123
69892
15020
70953
89506
6600
83671
85228
54916
6366
63764
37698
59738
48971
47800
35268
26017
35936
10770
84704
72556
77828
17595
6999
21600
20169
95211
25537
94848
27136
98437
37375
6817
41514
93527
94251
6270
5839
24844
43383
84853
38161
99347
86587
80539
52176
12994
2236
37730
69854
4976
17170
65226
1418
15806
93356
82794
5765
59022
91263
47517
40587
93182
22234
29145
88318
45552
61748
72417
22877
28662
6824
83378
44212
30713
26140
42019
50844
70631
36754
60817
71516
61295
20378
15695
22803
29082
34400
63094
85369
72322
47040
3997
22420
19940
60412
87684
79086
99601
96257
58171
28363
85478
41836
4394
21720
72611
25925
12611
24468
88727
91142
81280
54125
60040
20024
38563
63597
77196
29416
86626
11871
29609
84769
7197
19112
9048
65053
48156
75784
40636
90497
93209
15489
21814
25349
13920
29204
33022
60836
13018
18189
10600
2397
37874
9839
62080
49012
39090
67975
55987
33589
71114
20223
44115
13384
22041
39278
81627
81300
81522
98188
79671
98185
71560
87150
98403
80323
47955
95911
52492
29291
79378
85540
2566
76220
39394
66011
42569
18436
8205
82470
92740
99452
42325
23918
31476
69153
63550
46537
23987
4639
93399
97736
78831
59496
21610
73380
48374
91792
4304
5246
17976
80545
68169
95662
72288
32211
48845
39284
49245
15647
42901
10789
80151
35311
55672
31490
26212
89562
44484
21601
2780
14275
29529
63498
88896
2628
4273
94049
12415
95209
40305
94720
67623
88817
31593
60227
10587
3964
73171
6274
51565
64161
65056
60741
72924
42796
59209
8337
59379
16103
68019
62267
20299
68422
71157
15168
44156
11691
2474
30334
11488
49222
37428
69890
88839
47296
42541
64185
14886
29482
76788
78472
75525
40483
85673
28231
50505
55794
815
81011
11023
70344
10211
77296
58449
25367
72458
27832
66262
98790
11639
24971
584
4438
72662
74086
78047
4894
95886
17071
94735
25351
91681
97893
52804
45539
89353
60778
92905
88903
23116
81600
69180
40446
17494
17435
50803
36868
98172
5316
99097
43456
95696
87254
30826
35090
64147
10678
29178
23068
93535
43755
60701
51611
49824
4054
50440
16293
96414
58860
87916
71446
73068
38415
48831
4730
28286
74849
5148
15172
88619
41481
12106
76479
1765
24588
42465
25419
70338
34658
68655
27083
50893
19553
78835
17794
61928
69239
11347
983
4454
83540
12545
74331
43407
8253
85907
44457
52863
70214
13317
96942
63776
10095
90994
63808
65285
16061
92585
25083
26272
11079
77538
98539
46852
10199
82793
24635
26309
97350
10198
92242
65318
79423
56931
77202
33468
60204
53337
86342
96674
46245
52280
63143
48788
46157
13672
40177
49046
3421
89830
31406
33676
78527
71837
1255
22957
16860
17356
86767
62371
73786
11553
2483
24765
74989
15414
53796
50102
7620
69612
44539
95739
87328
9596
44270
45534
26976
44595
5731
89611
14617
5942
45225
12250
4349
36144
11108
88046
15938
87584
65648
11674
49064
30358
77389
56950
65787
7928
93675
80880
32826
99894
54599
43317
32857
37194
17418
8271
48059
93495
58485
88650
62029
61169
78340
43652
82198
65649
90278
28486
75533
75129
24910
64391
32146
2099
58786
64700
89858
50717
16927
14596
83698
66883
76367
94046
47499
26545
27736
26054
88881
20867
54053
27990
66211
55327
9699
5738
32907
57329
91026
3919
55564
1912
46628
4520
3854
35116
53929
12275
22936
55916
84551
30244
10814
34663
93297
39957
48473
2333
94891
741
3296
93769
98195
24094
62724
74914
12771
71182
17123
87070
74535
39875
48529
24498
15116
29155
5009
40362
31861
65191
85648
67667
92689
50336
93852
4960
16417
15638
25851
32312
57981
64778
83947
27476
63517
87718
62366
2923
43672
75762
64373
4346
82304
75926
94843
68225
11802
47186
96777
21682
16326
82303
64849
31472
82941
69751
22389
40260
56842
69423
43092
42931
24144
64668
80253
87957
90456
24510
45616
82346
87516
82137
18453
10006
48875
91128
66206
11782
42838
95755
22661
27115
66255
86883
81288
42433
16510
81852
45247
11397
41549
17193
30510
76689
44333
68973
59381
81837
24986
55253
69871
84400
78382
16182
11999
83420
94120
13623
3278
79726
87207
59808
26556
24678
80640
12516
37088
33177
75302
87831
79520
76701
50820
28345
14608
66307
44060
73594
61310
78183
38619
12171
68146
87551
16945
11259
48411
68641
46110
34757
58605
80451
95094
86094
92673
37111
51690
87275
5285
67910
22462
21349
63994
33088
60143
39780
40071
19321
42835
20481
57295
72673
12495
14788
5466
67317
23868
68053
34749
83145
95907
85740
21043
98245
3627
97531
31251
90879
27429
65279
10164
64857
27615
21855
40082
57631
41005
83428
57313
76795
51036
84971
76146
82407
42944
28248
71887
85002
5322
24181
54355
23876
60218
97723
93410
18099
7382
70634
80849
75847
3147
44855
54079
78660
70945
71338
21974
57039
12740
42812
40303
68899
24664
42282
64374
14021
447
3592
99133
70510
80833
55543
65950
69997
39327
71702
6831
55149
81955
78001
22088
78105
28677
94300
82878
11432
43350
13625
69977
60103
91290
12866
1025
54490
81341
72769
98280
81989
78727
14756
60598
1276
11985
19675
43958
40966
34802
45692
74399
55502
93855
11470
86406
48889
4772
59546
58194
39372
34585
46098
87686
99255
82685
50773
96783
59057
53979
39963
49595
97731
10719
92498
71262
23088
28768
90401
4767
81714
51495
41206
3443
37433
45553
13079
77949
60547
39670
71815
35988
24630
82422
74423
42225
54348
32361
11718
40880
43555
20050
78668
73679
39014
60743
8740
37354
40731
39804
85169
74820
30692
25768
58098
39341
22014
9783
34223
80350
44061
61953
62986
70500
1612
84880
80607
12906
99992
60796
78422
73920
84881
22923
51087
56912
94963
84568
44994
5729
38823
5989
42553
29810
73708
68257
40723
89646
2948
68640
51283
721
16728
16535
44114
89124
32098
7547
89305
22616
66506
3509
17053
49255
4667
17307
20513
45652
52832
96778
88387
31801
48942
47481
15153
49822
86084
60409
33489
12669
33659
91224
15808
13140
55854
40535
35886
99034
2944
81098
69563
27825
45088
30166
48200
51791
86312
88937
16128
29375
46674
5748
9616
32752
97787
65239
52703
58044
46472
83870
34702
92544
23173
39751
20511
82729
65763
50342
77596
86387
27848
9962
26410
35168
75518
40250
4475
96008
74912
58814
38962
67382
40039
85736
80915
65146
66080
68743
66338
23670
31362
59200
452
92741
17696
59643
5925
32929
92539
94318
79393
37922
63682
13530
43558
29916
97833
24691
95292
73874
9551
3936
49435
28281
50880
22701
16056
1990
27636
89539
31108
51155
59040
9078
12957
255
3003
7861
22912
15923
70900
41336
34260
2292
79875
58054
5654
42349
4372
79195
58641
28725
19746
76506
39682
57830
43615
96912
73793
2252
29769
89569
45948
69710
78215
34462
36229
58900
38311
60925
92983
37746
47796
648
75406
82189
66517
69215
96648
65353
87462
51735
69347
8080
57112
12180
59608
92229
59627
91048
84232
24710
15070
70492
72056
800
81232
63528
44422
1376
86549
191
4094
31068
84349
46313
17015
78193
52329
14322
50251
93738
44915
301
78847
4585
79798
45942
12298
28667
14141
20202
73866
23055
29455
3722
10885
37663
20663
93926
99041
73244
23774
60540
43882
65437
27836
61170
96936
36181
27784
64648
78402
5166
96960
3143
13927
35599
53925
4712
15574
73367
43130
45887
39352
39167
38865
42300
77482
52600
14884
61260
43603
87583
31096
39802
38505
34571
62152
26051
83775
37074
2776
30284
87183
12012
39901
11434
97635
22973
86309
60993
82518
64828
88048
59325
63125
81848
23813
22640
70498
61289
88548
84980
12023
54682
91329
61880
85441
35617
72904
91610
40478
7054
72739
17658
75465
87825
86809
274
55646
16386
73485
5387
96308
2844
98912
85021
91406
1333
36362
28114
71946
59099
83153
40000
21897
47703
18497
46756
56968
30828
84752
23499
14482
50828
2881
84134
70597
9013
2836
92
49411
67784
90246
68823
88526
79133
87047
10466
7878
86184
21059
90039
83641
43868
19541
54817
94705
55013
90402
23530
9148
13965
81506
21016
4103
7506
33898
16295
84163
6607
63734
20789
98799
89410
44272
73209
71951
98116
61948
78287
89228
27764
65943
76180
84651
69266
87838
78657
65636
79217
8120
64643
10099
16990
38764
46853
72513
20443
46255
37264
52121
92793
82921
98243
85595
32997
96120
88348
41600
35523
78319
77593
75001
74862
6001
94341
90269
34235
83023
33927
85476
12642
60417
55282
47216
41907
74781
95108
6290
62785
19695
70268
48964
29574
80475
93044
8792
15871
5372
69781
27118
15761
37548
13144
48161
86774
97584
86367
87001
83512
69742
16557
99031
55392
98631
88607
81892
7086
69299
87122
8338
75963
30183
41914
7278
56407
60062
23585
57303
1869
34724
49383
95611
40510
67956
33550
17256
96670
95576
64423
42084
73780
91107
22995
36965
84273
46830
47834
86299
6623
46302
64248
17644
82838
26351
59634
32671
89674
57052
95738
15578
7329
88411
64899
1543
54325
75387
32370
55142
83591
83813
53097
18515
96210
87924
23613
67504
25771
4871
48277
76582
3136
92086
29520
63805
47542
83048
66531
84585
5337
19103
96551
65690
34879
58582
97902
32111
47345
43233
49172
23980
41232
6178
5231
2435
99139
86248
49034
44311
3727
99924
1429
94540
54171
49325
22269
91396
17255
20806
67653
59695
58630
43150
22805
90208
49786
52709
5853
9738
24491
40956
30533
33561
72970
72993
63899
80727
12839
76173
10856
14253
3559
16183
57302
85425
97551
53725
62448
728
34706
27911
23541
30063
52152
77217
14654
82220
62243
17522
16071
92191
51605
51352
67883
4821
51433
7183
32338
99624
89015
63536
21146
48392
65984
65501
69672
45128
85650
59464
13910
1090
36551
23853
86198
25059
31997
84554
45761
48149
90063
95874
49139
93909
86892
77902
51440
77142
60263
99430
10777
16142
10082
74051
71003
78171
62324
42654
81532
2756
45970
65719
61736
2794
610
57184
54943
80398
69471
87881
78397
14950
9686
24537
28590
52495
20004
92021
62882
84976
39839
97820
6630
97809
89803
10237
37243
76893
35520
4944
18578
18736
6367
86526
93476
1852
43610
78058
23225
1561
1835
24231
48043
52010
36656
2009
62154
8887
22386
58207
8561
34160
66
82562
88511
76254
4942
17477
41351
1471
11125
11045
9067
30966
7755
84335
49194
69078
89796
92170
12762
54001
54894
81078
96375
76330
74565
14087
82449
79018
95734
98837
12482
20904
1643
56792
32279
92849
4704
24709
1463
99051
45422
67945
41670
50477
70865
19766
24114
38070
18383
96641
50926
4698
66725
5509
94564
25
44411
22282
24852
82374
40336
59641
73922
58550
51207
45932
77587
30585
30153
49908
30305
98120
66974
69980
83562
33956
98948
96052
71963
45544
4316
98825
62203
69985
27920
69043
38985
56821
77564
45508
46705
44307
22252
28257
35845
45359
10947
13229
45015
51719
51449
53659
94369
69345
85917
71932
45974
23487
60691
98749
92019
28060
38752
99046
93533
23848
57111
34192
70000
20339
81459
15009
93579
13405
25970
40912
76511
53294
64066
99684
62947
74167
24919
34030
52320
16059
7440
39848
5857
87336
19920
61919
85746
41446
34483
37004
97211
54566
9241
82510
55421
2933
62612
32498
38401
66359
90904
41156
70088
92759
85981
29875
35112
51747
96399
65937
41737
14662
73869
71408
92092
60110
84781
15454
26512
78869
27709
20450
87224
23156
54412
76928
37888
99749
11222
11637
64935
99760
83548
13538
38987
36129
70161
69238
17680
98522
77233
74998
50473
84120
21322
20657
9315
51561
18048
72497
89566
39302
49569
37342
44083
65003
88081
24470
90443
56507
14642
50488
32470
84786
80752
41332
21807
10100
91303
78713
32121
34285
36764
20376
3326
53185
74321
9549
87424
44006
74778
36261
6169
65442
2899
11328
14663
50407
44177
14599
2061
27878
39871
81234
32505
28139
35299
37418
60057
43596
21993
11759
8492
72328
14993
62177
11115
89949
83734
45494
91672
59453
55990
54963
22581
45579
83275
43636
19666
66315
37460
16715
63465
33776
93464
86095
32432
37750
45907
13228
75795
41950
12945
11246
69483
88256
29903
30117
78950
62530
92637
8974
67877
92009
80540
10447
47019
61189
50894
7308
62626
33712
29034
92299
76347
81936
57634
81572
42119
41555
94622
93744
41402
61816
55699
55890
36967
15439
1880
10738
28642
25953
87887
12969
88422
40093
65910
90046
52986
75291
79355
58778
46315
67621
68100
51136
74486
217
77815
19711
4804
31569
90196
15502
43096
6165
6328
799
14486
99985
49265
98460
27194
50925
97474
45218
93436
76213
40490
18694
24965
34569
68668
65346
50301
84519
22085
88991
62318
97155
4111
39762
22098
14509
72602
66705
94755
67009
62734
25571
87288
4193
62241
83269
29867
35856
11648
36984
5421
15377
54968
81713
37319
3938
76631
19810
59328
3893
6852
16298
40422
71465
68614
23614
63631
60705
74045
79021
93773
16357
22445
94132
38575
63086
59494
29541
15234
73394
33466
28868
27650
57201
9279
97824
99236
95329
53501
83410
59529
55949
39631
77403
70703
17925
36913
29922
52819
18221
45075
97364
84293
75982
38159
32428
39748
56531
8436
858
13124
48764
33557
24283
3868
66863
78007
83019
21239
98800
7839
65591
43193
642
89119
31658
10549
94517
2637
18980
39691
19108
27531
99775
34771
86527
7234
11251
80755
77100
38473
38919
32895
44689
84211
48104
31142
97469
41175
33532
80246
28095
95080
73567
38304
40442
51438
98595
87670
52653
83962
22434
25133
52103
20830
77164
35577
63934
21657
59253
26271
77725
25445
48008
13273
77921
75413
50646
15382
45682
76738
99308
45441
78297
1778
24555
65418
91304
93300
5257
7061
87859
31458
85440
988
41139
61744
62902
25598
94582
58593
37957
83396
36152
55171
88407
41753
59426
63660
37499
55928
84938
63990
50093
28660
70747
35012
34984
85036
73495
7716
26333
50523
36951
70817
62689
76666
60084
45125
95878
58790
73736
11772
94475
74659
36844
72454
33381
5351
35799
34842
84412
82695
12267
61374
34820
19979
3157
17670
56327
66630
10624
14879
4578
50805
36410
92433
9678
38402
78330
99126
94022
32289
9731
39067
89911
88404
40153
12533
99191
36929
32804
21234
33353
62630
12013
55366
28180
75672
49734
81289
94060
15273
6232
77560
32425
98915
47460
7775
62446
60152
76113
5895
2206
76979
8094
17664
77286
56128
82680
94500
92642
21966
81541
26594
55446
41451
19399
25068
57827
49594
95596
85008
75026
67068
89903
81074
47674
32272
44733
37235
11507
49645
6529
84328
43391
23781
2855
8956
66601
52424
44323
87431
87082
7313
70070
80663
71030
5856
88685
6954
17752
97351
1459
29780
67122
14243
40456
32147
8664
57841
74978
12240
14365
87017
94671
60123
77975
29223
62702
65309
79818
99205
87335
37341
77791
36465
26923
97253
46868
879
89746
78862
16652
6496
55302
98376
44509
66968
58519
93485
13584
72776
52273
99611
56918
41531
69954
17246
50329
94181
28311
66689
73883
40345
50571
51012
81165
67420
34940
81537
65912
89277
22056
61194
58296
91673
19623
85659
81513
90267
76184
99557
2581
43653
10339
35540
39555
13490
59153
6463
39856
77192
94069
80721
60827
58153
79647
10343
40340
53361
39792
56652
70506
75641
40537
13155
58110
72794
59817
2860
19614
70550
74702
97563
21751
40033
71729
11785
62742
50675
90956
60271
10113
45831
98832
63114
30327
41851
98273
47130
5954
16806
34416
84569
91842
89775
73879
85076
21616
33603
10059
67185
91500
14737
78749
43621
47358
47874
70790
78257
40499
76076
30703
44437
67679
78034
3465
40910
87420
23490
95594
5093
11736
40151
34187
79901
47578
44876
63534
50448
76602
11952
5229
25375
26521
37911
97373
51534
98057
22704
3794
82113
62191
25512
64440
75212
24236
64402
30910
92172
11647
61565
5711
7596
55257
8397
96035
70163
90895
75763
58738
18376
42648
85381
73229
14368
59048
79106
92279
64660
81493
12081
41433
21255
43082
55638
79517
51484
98155
86051
95168
63493
75625
76450
80689
7069
5397
16153
39419
58486
88421
48224
17078
75059
82801
42624
19372
96550
44597
31956
47001
35324
58312
75800
4635
43664
36090
43997
68052
79634
58013
65806
63900
28120
80397
37797
53200
47749
61779
18610
32299
19394
71872
95091
37246
39029
82348
99651
9305
63847
43865
80899
59759
51532
64802
87665
2147
72720
76877
62585
90073
30228
86655
75246
64444
50372
86458
97783
30992
4388
66834
1510
69903
41729
20978
44082
56196
77590
40123
98066
52901
25043
51547
19434
93110
26284
47057
81561
31526
48066
21913
26522
41490
10634
67594
43623
21636
84261
37532
77860
57653
77718
95599
38065
90796
56545
72424
7630
35280
26885
62644
99027
75135
55760
47753
2238
74601
31520
92513
93596
49431
32481
78628
21206
6195
41427
33919
23229
6732
29015
80841
70480
17069
94989
1324
22288
22490
82195
77415
93859
29084
66468
35248
30444
19779
58155
81747
51914
75713
64944
83821
96089
10989
29325
57788
84548
51601
60118
2482
70837
10172
72107
2919
96692
97360
33229
71178
87232
77492
83997
371
28483
89777
25477
55511
28675
18870
40421
74330
47131
90526
19375
22645
4964
70438
1960
12940
90598
4383
96160
61
30458
4562
32526
55965
24896
3203
40833
60833
81710
68246
65579
90518
18206
83645
12050
99079
69540
23289
21378
54846
36345
81706
62879
8997
63956
47741
41375
71125
39470
5927
42485
27778
46536
70046
53764
58698
43492
9570
36676
56556
95088
40317
49295
57837
81182
87770
54985
65819
35672
21036
51628
9897
31565
51300
84248
26224
64853
84468
3988
24207
60791
6796
31896
14023
27420
30039
11290
41777
23919
3804
22070
46121
38527
65906
63763
56534
79180
91413
40594
7996
43198
77101
55961
87722
80579
45419
89322
20002
18818
97518
33432
92573
1579
7320
51877
80701
37181
62518
1583
91020
69913
55315
90855
1079
84144
28882
87513
11003
22307
32812
86108
7293
80925
28816
32175
73131
95527
18245
88346
81654
64489
3743
85357
88285
18917
36863
22312
65122
17395
5212
81397
3426
37344
90624
67597
41202
15262
66794
31339
71502
16581
26971
91249
88949
29647
75792
80499
2504
57927
4003
45246
16319
60577
73846
51621
80686
72346
77985
39922
15851
70183
56628
92473
84840
2478
89330
94134
89232
70045
50417
66730
51520
4268
48694
66274
30395
10441
89108
95736
63233
13322
107
96464
2762
72285
92767
40898
47431
65375
99204
55018
13047
92516
33650
89377
37478
50029
63544
82549
98224
68107
43772
47664
54544
22144
90218
66205
83357
11268
42260
11473
20771
62300
58878
91145
3391
94130
62812
38320
50754
88025
99293
2409
36513
28506
96403
41236
75181
34066
57077
63798
44640
19807
65783
14606
34436
83976
54349
91014
73383
77710
60258
94139
73267
1150
90668
72898
53261
84989
58521
29668
38151
85236
52809
68985
52994
76638
77779
12983
46741
58421
57113
5554
2746
74485
66784
97786
92876
79056
72708
29026
92409
44289
91168
25649
26406
56902
66250
12373
40872
85657
68848
97675
10533
19424
51304
55064
86674
48477
85362
26659
22636
69441
83778
64478
49608
10090
82892
69697
26540
75330
42513
5124
96563
97876
38736
86978
18315
833
16948
82545
98985
50059
79272
7975
88984
83684
38968
56426
84393
30611
43384
98555
45194
84398
97319
15265
21324
20105
94523
87197
26550
2341
91367
32638
45234
26169
69872
95339
81298
32588
37042
47692
46636
38242
54981
5899
21674
8694
79577
83298
50715
36930
91649
23402
66778
80243
72242
6588
90825
92716
65038
72030
54199
63110
33585
26050
36673
16104
45992
20312
17386
16146
10791
72021
21232
38229
78791
67709
19581
48899
22057
5609
44459
11395
17338
183
69780
54165
80407
3287
61571
5281
88925
14573
8334
83101
53825
50962
72274
76176
64358
7618
3433
60829
73118
58925
33285
83436
24843
76
25237
73937
92978
89275
24116
41248
19789
34962
59786
25449
83183
2753
20873
86277
84051
2715
14361
49918
54811
23635
29793
85605
74433
47769
43870
25926
61270
75618
87705
36076
35333
60652
95902
70856
48513
46297
77929
98007
10542
28825
83836
31769
47651
16200
42005
27964
47071
37617
82383
37387
31210
63781
21176
68644
25176
41668
64836
14351
5944
87983
1080
76532
70041
46208
26644
75520
77133
13606
83532
91139
89998
92207
12141
66453
43208
73754
63137
81662
2554
78596
80145
23917
16737
46044
999
83938
87134
17514
17651
45522
20017
17093
40888
86850
57760
53694
74533
64929
20825
76378
89805
79632
29885
5485
86466
14964
43219
95542
62001
30075
51232
31878
74430
14882
58250
57299
82085
30965
41438
25561
98209
51341
21477
54579
3869
34810
9694
17698
10900
50528
60948
32710
3634
76267
99850
62137
51782
94682
10572
4958
60144
32454
40855
98517
90543
80400
4229
56344
30190
61914
13123
59954
45013
73017
48996
46820
89032
64449
62837
89047
95567
27672
73150
46652
62566
37749
67147
25470
97292
82427
46330
15372
32724
83549
96356
89068
87368
9460
50404
57898
10531
77207
53033
93953
51375
46641
93123
93876
69290
41561
88853
43905
95282
46031
14319
30742
2877
75859
73480
43498
83114
88954
88642
81827
50280
96183
3708
90830
15793
28525
93071
16744
40920
75015
7
14472
37309
79201
55264
53075
10230
86475
22787
23997
94902
11804
88431
74448
76546
29
85792
45720
24873
14028
16415
80015
32476
93053
17318
77547
8896
58653
48834
63170
96630
21865
51936
9501
11728
96874
3825
60928
81458
32609
70774
73718
9240
10401
88796
33963
8028
51653
51695
50412
77691
26011
22757
2643
60617
40773
62641
46555
18125
78659
32847
56623
28627
98323
54763
69027
14138
62778
18361
70212
24860
66326
25337
91852
12170
89470
93205
20170
17114
48123
62051
52479
45118
61254
74620
18580
2456
92777
50982
9722
83076
33419
61540
95722
9840
38373
26835
79907
39395
7371
31759
87037
81594
50141
64473
19374
14376
13784
19533
39445
66987
11893
5430
95204
36982
53747
23776
13134
55585
21729
17288
7053
16382
44434
98044
59957
44019
45458
19502
55154
42389
83112
50920
22167
385
17570
62414
38738
4026
94239
81451
68046
15975
43512
98551
70663
2056
70244
76235
18660
17031
28936
19782
29024
65682
47989
54115
84530
41871
81185
6467
88352
10044
46873
26813
48766
84933
40852
62593
77387
20044
2203
80262
4528
73033
96055
49856
26472
54286
48360
99715
8407
90430
14515
67471
71880
11908
52942
3654
21345
54777
54840
32064
84107
33525
32863
57060
20088
32694
9767
63015
99517
7384
5060
95503
85821
52287
10135
75740
36846
55935
88908
47000
35587
50136
59733
18540
52655
5568
78307
33772
9123
52652
43709
33811
24953
52316
44173
3501
56739
62333
82050
36781
74957
23316
53559
27134
9494
85229
14931
51549
36745
51260
77113
59203
15572
48404
39155
69377
54463
35133
1848
98035
47587
72894
37670
58731
40509
62347
63197
75219
45714
10575
54588
6578
32143
70327
577
26167
18187
70768
4539
13938
42174
89418
39209
90168
24452
34293
44522
54577
66112
74459
24254
23632
72937
32344
90640
85071
67764
98489
81938
99477
62723
14633
30271
77891
51144
55424
3719
91619
3796
3369
80961
12518
6518
12085
38891
42450
9020
71430
179
30097
2070
23767
85432
30547
53978
19566
15498
5105
78483
9607
41720
96496
88221
64431
75171
1654
42124
65729
91143
99086
9135
27360
94230
65070
2545
61866
22268
46692
47411
90555
3483
42841
56638
22934
96607
45622
75789
10567
50540
46186
15071
31729
83878
15276
15272
68629
23709
10838
78939
77525
65694
7439
71056
76848
98395
61964
79365
35072
17558
78721
39861
56290
38292
90780
93024
19545
62405
90866
16086
15633
20753
95446
78066
15663
37044
66650
32227
85034
32772
89289
42448
43258
74397
36646
55581
97115
14790
93843
82268
69344
73950
37907
38323
17264
22557
70091
25031
45524
51992
14881
51057
88139
4897
10878
64814
22066
58727
22104
76033
83209
50244
13338
90279
92307
41013
53103
48602
40644
76981
2785
10469
93175
75813
89892
63765
51133
92522
63118
22196
44240
54320
65390
86989
15481
27506
5709
16321
29200
42211
91506
85573
24810
49915
58874
8901
13946
60102
98916
57022
61750
36778
6870
57130
44282
34175
11609
77911
31919
61050
48565
58365
36160
38126
42154
69867
39526
25066
47326
72407
9852
22856
38407
1030
12386
20709
23308
86715
98008
91665
43335
14634
83022
99566
48177
97421
80688
85817
38398
17764
1751
12956
62293
47876
63978
47891
31663
59696
87387
39742
57599
61615
384
28216
28302
60400
98862
1196
57597
91445
16129
32819
84057
69058
61065
91685
64336
80234
85511
32106
54653
80348
28431
34679
26077
87394
87675
19663
96480
40415
59914
78608
79113
92553
83278
4527
39192
8455
69213
47289
61311
462
63344
12322
17250
47642
62003
7316
66972
3288
20144
31885
58006
95912
13748
51693
57089
15733
56267
13473
24577
52303
71028
44888
84329
87365
67749
67199
49187
69029
72053
5238
50897
85009
9768
47569
29393
1117
65413
81711
21827
64902
75916
77345
14966
57965
33616
4075
9137
23432
2765
53311
90066
83358
17210
27014
18537
71216
89630
52683
27734
28111
3604
98141
50114
75791
2651
17249
25937
14719
41684
38147
49775
49399
44840
12072
27345
6752
9383
23494
2916
17201
56964
90954
36
57670
45132
58659
17244
47360
22898
63267
83536
37816
2967
74722
32988
19477
32788
29533
97756
22065
14466
12193
43519
11503
93737
52866
28487
17110
9191
57920
93682
12756
46103
85786
65
74356
10454
82646
62270
58713
22078
60524
54678
37862
82134
65678
76227
12711
35726
98583
12804
11446
93536
52614
53973
82363
3291
4151
9488
52315
36366
20864
66595
58759
66528
17914
60238
26073
83282
75650
55012
15207
89419
40204
47602
52858
9159
24192
42421
97452
81697
81066
66127
62245
62571
87262
15723
48588
33271
53394
83515
36509
25040
86181
50716
34599
73838
97023
36748
59866
48848
49072
3336
60710
42071
7825
40805
9660
59387
1906
79
10564
36425
50334
25101
71221
76529
17492
82900
77241
22488
55122
53996
94444
19969
19467
50195
95265
66666
70160
15440
50903
26365
15624
1617
90657
66817
52842
13152
36545
35485
2089
4064
15492
67977
17686
55492
65572
27971
83616
65305
64795
85444
15538
31632
55364
88364
60174
68289
12167
60384
57902
41041
58032
65553
25291
1305
65812
56348
57742
55403
82072
16451
76888
6990
61004
75218
26176
45418
27390
3855
71317
76228
21443
41592
55724
74664
71320
13302
82204
63355
29187
93841
98755
39228
570
89703
22924
34272
94002
64965
41583
18860
51075
72628
97171
63903
52371
30129
5078
62389
90004
71329
18405
61318
62210
55845
34238
77080
79662
12233
94445
85759
60449
7133
8222
1250
82936
30366
34937
21813
67296
50756
92268
16168
53282
25800
55203
7778
80481
99083
75398
51108
62304
89555
11411
96294
18528
8606
33004
1816
51291
37034
47065
49705
60213
20089
33131
70702
71905
95656
18049
99881
29629
67873
41620
4936
34650
42133
43327
3859
5101
15784
57972
65079
82060
63774
6384
31371
11945
54897
80558
59129
31056
75295
98709
4011
62092
81948
55086
81319
71548
57240
24652
7038
61610
29419
24453
1244
10177
71888
47559
43321
13811
59629
24497
36041
2800
38243
7196
76987
18239
28488
95361
14
84298
22584
80778
15792
75705
72452
85013
79298
50318
39818
27285
15367
14669
93228
26220
64561
5408
81410
76008
33609
28250
80379
82696
84917
62423
32039
47290
18243
19839
47485
70
65966
19488
8861
63572
47172
83850
29090
57434
80532
14000
58657
30667
95024
25819
71790
39621
67804
34325
83681
34981
41161
20688
23715
29976
11202
90612
65800
57566
69493
7194
96637
91335
85802
19196
87903
53088
61258
41307
4378
67607
29334
93597
23567
33049
31688
88674
21614
46159
26823
12036
68295
19729
13880
92841
18387
9015
45876
24888
53785
30883
1961
37467
87186
55074
83927
93763
8462
91529
84155
53050
21126
51557
87344
73745
26404
49010
4795
33504
59508
74285
53666
20520
71562
21978
77476
27469
70661
13986
32000
65860
13746
5168
92762
8466
61240
22374
95971
37840
92387
61178
62116
41294
30652
37385
67189
66306
77724
70067
13561
67183
35688
93541
22190
85245
61197
8620
73577
35204
25012
67603
62860
15328
71116
59398
32089
68898
53096
59315
27205
238
89440
31703
4406
21808
19812
71021
44118
64886
2654
50660
17741
92663
91813
3565
81737
74705
5013
55311
87214
60360
41733
48922
42336
35519
80112
97336
23694
20965
7809
87340
38765
32767
60977
74985
1226
50640
35427
20236
39089
36985
27747
67782
97201
43679
3135
12026
53188
17854
23525
92537
57534
35661
72883
85781
63715
14781
35522
29662
93890
84006
33843
56441
39439
53652
70962
90684
25647
31566
44372
34856
23069
92881
67089
29840
74240
85048
11663
3172
500
28988
244
96409
39329
63788
63367
23206
83544
36409
88452
74619
96619
89558
877
90395
57354
79559
65898
31178
16242
48004
60453
46815
42198
10764
51372
21917
662
86698
55118
88170
53502
72981
22925
43445
3387
89573
55420
8470
52796
3754
33151
4888
34354
22381
43189
15206
5939
4719
94033
59001
28609
68952
15971
20994
94309
48730
98251
52523
28985
24018
56471
4540
44312
1284
20910
18651
13084
88897
88154
10975
24840
4604
95001
32522
85486
40883
16861
71311
4517
74910
44527
20219
12589
68109
33728
22003
25112
76700
1773
62256
46943
83849
74748
66567
39257
58030
93500
50034
49047
59373
65187
6462
70547
10433
48491
4769
57231
97337
17006
914
27771
52088
63093
91192
98890
18406
13416
28405
13889
98282
81943
40735
31025
33064
14050
29041
13592
91967
20552
47610
69478
69388
36231
77664
43179
62370
47720
18908
79917
59956
76079
15584
84864
18451
50355
33404
58482
94630
33740
55247
84539
73666
72721
87089
24237
48838
95766
27674
61379
84986
76833
40909
27973
12954
56601
71567
5829
4541
4675
94835
36739
49623
39135
17419
6621
37699
86283
58503
59188
73342
97099
22422
86855
79772
4794
29712
58226
35110
42440
82926
2802
67609
6813
99429
11778
3190
59197
14047
95316
45232
85361
40016
48313
32381
27433
33508
57590
36678
23407
52878
93889
55843
98236
99728
83196
46888
37875
73726
2361
23547
26156
10336
4302
29933
72466
95326
61237
16180
90084
93128
378
7435
83355
42631
39927
75933
9254
28943
94694
74885
82471
39178
68753
33622
26255
90690
2094
50744
79744
47066
65633
69606
22489
24714
11645
33203
99856
20531
20025
55883
49159
56384
88998
90691
71809
74212
21526
23267
89160
25849
69738
42882
77213
49232
69831
66733
41881
90811
27979
6057
93079
14230
35484
7198
75615
94979
87233
81317
30838
73773
89635
80468
2373
94042
3590
30599
48696
63216
16134
34142
91525
4281
78106
34816
55973
44622
66963
62429
92812
85951
16598
6842
72815
1106
49737
38602
80680
55383
41504
78617
68247
24360
76647
69086
58771
88272
78374
39416
63052
34402
56558
15114
74114
91389
88080
92684
36376
66861
63696
24291
1474
18556
64076
36458
70172
74646
81816
88283
63665
21292
95512
31268
34161
87650
38342
65654
40102
32679
86961
42971
84507
31027
90483
71646
50422
41711
2706
11084
51199
34506
69132
98670
40048
26863
52688
89727
82760
51131
27893
72041
50333
9433
14891
28279
69168
76503
46837
76843
56393
55016
92772
70604
35429
5524
34228
94316
22297
51222
55625
7171
20046
85581
45250
81184
13827
98720
20737
94320
37189
18892
51183
82744
91522
79578
49049
81494
19517
50232
29804
30932
1470
34245
76352
65490
74532
78002
63109
68475
42775
99904
72520
58673
4504
98292
58745
13775
56701
10171
71139
44766
58904
24390
64552
25510
93778
45729
61066
83305
14459
8618
77190
73694
99782
23277
25750
96591
91163
14178
88465
31272
42863
27279
97134
11721
50394
74437
84608
34598
73839
68581
8626
74378
77857
2840
21080
18272
67378
86925
37618
97001
28507
56339
35586
4210
16841
99060
20770
45162
70577
61579
81255
17208
54446
26993
2861
92150
53009
18739
35300
28774
27
27980
44241
65207
64325
98426
77225
85223
48854
96057
52063
48586
11514
77972
49279
54955
99109
73581
46210
30747
80164
61665
62107
76497
82248
64091
7833
11603
92214
55647
99468
91765
83122
99812
75544
24209
8589
40266
42966
4700
35208
62948
94890
9436
2513
17707
90141
63985
84576
5183
57445
17865
35122
27753
49213
72909
78251
76561
31051
46252
18461
56825
65833
43148
21585
61801
6
90117
45465
60041
83999
39205
24929
44365
97676
37947
74198
34519
24420
37360
25444
41222
40569
53876
31252
91604
76717
9669
15688
99157
20060
98511
18450
44008
66458
3923
71921
62425
91206
46253
24476
12744
78947
5907
87386
9017
4785
68606
19003
10958
93956
90318
27938
32017
52384
89480
59403
43949
68303
45429
64030
16300
2172
39565
59018
31018
78321
68132
80854
5658
36399
6478
22585
56715
7319
52357
79649
47783
17597
7538
93144
71096
41983
59679
19990
69745
99656
45751
97591
67080
26837
8831
45397
43770
35554
88820
41254
68156
11417
83350
13098
50378
46420
68357
42932
2511
75776
31346
8699
44938
40496
19622
56779
98413
89987
70989
9893
56385
42740
32551
25326
75164
11554
27450
17149
60633
81167
91729
44817
27993
37185
33710
50942
71625
60700
8392
83363
50865
71334
82561
89932
1353
67880
62703
40839
32336
85612
76685
2741
31351
66750
96645
93268
32377
49571
16098
93204
28685
71600
69770
31788
41356
44678
54479
49085
14419
65383
70762
37537
29264
8615
70301
42028
33053
11463
44263
34184
29945
69525
68707
30015
89247
59100
62215
48054
49152
45808
58172
14448
10329
31344
16139
48095
24056
47039
8072
31855
28411
75703
97810
99836
32137
19932
85342
30665
53540
32023
62457
81405
75772
66642
11549
93985
50734
39454
19735
58391
14713
86470
50774
78549
67513
40637
53662
28520
28555
50467
18386
60459
98592
43057
49475
24705
15728
60189
84667
94073
31080
1783
21868
93724
84215
97976
49335
16019
48207
33753
49215
73132
67236
36507
16813
11308
47972
12421
4529
8952
8824
6859
84715
10374
44500
92188
58281
45203
6198
40575
45827
23208
27835
69050
4285
92945
77585
94470
63813
19033
38590
51681
99818
21905
69803
69968
82898
85032
62359
83268
36974
63779
67638
28364
95548
88203
24529
28613
73054
98564
41468
23017
18825
71653
42366
94195
53491
90713
76095
51911
5310
13814
30411
95720
59542
13407
52191
62769
20583
82779
27034
74665
26518
63637
8837
19765
33185
26688
19573
76905
31065
65908
70619
71041
17441
40519
82003
87432
71381
53995
95586
59897
31293
64172
55111
77459
72251
20712
36118
33846
35667
92476
90539
64884
37334
27954
75758
37327
14914
51760
73557
54942
3555
29953
54384
8012
67846
59782
27608
22358
28214
80029
8049
8056
11390
63991
39464
30040
59796
44722
5384
60892
48862
25473
79074
50757
26616
97854
52569
19297
16992
42884
80996
72703
84373
8005
38556
14414
57905
453
54438
65075
16491
7438
9443
9258
89337
45525
79394
23134
89873
27963
57842
52622
62677
8915
93031
97921
90854
4856
19206
57140
25997
88923
95528
98605
40943
83033
94072
13313
97502
59174
21055
18237
7912
84470
65006
21436
27909
15518
96193
57990
9050
64254
98445
97164
97712
26189
8110
56969
33680
93118
99403
69787
10046
36921
76298
26954
24768
92326
72940
69895
21368
34822
28672
882
39914
23559
28430
75449
24219
77228
87164
9046
67166
16170
24155
69880
4610
90123
32898
8224
94319
22348
86523
24037
39199
60843
67014
95663
71290
7903
35241
99145
97439
27098
81743
83746
510
40579
88715
88349
69905
17785
52468
54815
15169
48796
34193
34014
96262
16663
3841
93812
25633
43822
29832
91603
31750
97056
49434
51379
25120
17688
99662
76746
69878
95396
78997
98151
21604
77323
91543
43651
51728
47472
62693
78249
30014
23793
61670
16856
42083
48142
85671
11792
79010
17999
93208
54548
11698
19778
54562
28766
42016
90041
2752
43002
31105
48761
80698
66500
63617
52699
65715
66325
90490
39602
99846
64092
68069
5179
7225
15791
52410
25520
3480
99976
76948
40930
63409
95299
37061
45378
1042
49719
4069
79190
63603
50047
94109
12029
86271
73791
79165
25195
1750
39436
60464
92611
74489
57658
33939
49480
7106
38547
8936
71346
90212
54725
6286
27670
59507
70309
13477
99649
55126
78026
30099
77980
37608
56265
50868
6000
40592
6334
48664
59278
781
38640
59201
57907
93948
66893
31728
30983
54071
33340
17731
1055
40748
21850
21892
65370
86890
6011
79085
78594
81842
89167
73664
270
72361
97073
40893
73144
25301
95748
77341
91701
39863
60555
17460
50221
62646
30179
57689
3234
94154
53505
69931
21320
62036
79764
59617
63112
22665
30436
38258
16340
69145
49038
67024
1403
19906
91845
50941
62984
54221
75027
89055
82846
84233
70464
46583
76691
40992
76039
27121
91452
18139
93897
76610
90645
70694
93663
41608
28593
81818
58394
48347
67588
23180
4419
81688
53160
39123
77126
73091
91754
75675
59360
75614
17814
55790
11966
47434
63679
71156
50367
46219
3019
12598
57406
51454
75871
84537
21977
98849
39354
19295
3724
7244
80010
14682
61651
96843
55095
69988
99184
29258
5573
97525
75715
40858
91154
51171
1348
46632
10418
40927
72683
66267
62386
34628
84280
59165
53433
57489
79879
76757
72273
20157
10939
3256
21749
10642
56849
15846
81210
24150
3918
38051
23249
31013
51783
38495
78198
52835
92562
98463
83522
37480
42139
83785
98014
1036
82821
95241
30994
65130
74723
61074
64591
87659
65313
90250
31902
5695
27597
48245
73476
52613
15756
44976
21268
93516
81028
18902
95871
46026
13206
65152
70264
75909
47119
32056
30832
58447
99598
27939
95660
51168
31985
72383
8348
64384
27172
8543
49006
2171
89397
41052
8176
24598
75653
37728
31873
45823
65994
41605
80946
72325
36314
16739
65446
56938
76105
5800
72448
83294
47707
20846
89999
75119
4879
60122
85911
53705
69236
77010
59516
20673
75546
41083
10626
33352
44357
5544
56241
7099
44210
52423
30418
20718
36213
30447
62929
36908
80445
40323
44857
99172
91131
17087
41556
64758
60771
31621
22816
10407
87193
72409
98369
43752
51425
17449
95581
23025
30009
80675
95763
62442
48175
50714
54406
51040
22424
744
21101
82643
79039
42287
99975
17663
46047
81102
60904
8473
65615
4518
2461
8962
2961
82253
86488
44194
3969
19422
52142
38658
83012
82556
99036
21314
8631
80645
70957
87433
15131
87218
77850
99378
889
48345
33068
39206
39835
29617
13320
71373
73759
6524
28256
16292
2097
78537
68771
94270
9447
91668
30795
60804
98477
83789
24878
3403
3366
7718
31014
36524
48918
88307
8668
36995
65843
82035
53333
53184
39743
50172
84070
89332
9333
44220
41866
28580
27191
6289
37666
26471
4519
46008
52143
12679
88936
29975
9585
98295
23690
902
23519
82442
95797
4174
27229
79927
63721
82939
2990
37045
538
39384
27037
83344
44455
32632
38003
7597
49101
47731
95625
17257
19565
41823
28129
75581
87606
89871
7841
32072
78882
92776
41029
92811
42125
41345
59911
70100
67974
3209
31055
41240
49592
94757
16055
74975
30234
1451
99722
92690
48554
88373
1327
64969
42694
24774
31195
18379
53226
53926
35749
53588
61275
67573
69430
30404
24686
43386
65297
28079
7821
71845
94901
34360
62896
15028
48540
78479
98969
27281
99670
27928
46644
83079
74263
86627
16018
68845
34220
78958
86664
50670
54117
41478
30942
14436
57610
88643
99663
64262
56651
35232
27626
6134
42993
78683
89338
44760
83907
65790
62290
68407
89743
50080
43741
66485
24406
85345
79583
20379
65128
37402
51147
37945
19454
11396
96306
28641
22841
2281
13167
10476
13063
92056
48859
74337
769
31814
24415
37227
81762
3887
59692
92750
98468
61466
68079
74806
34180
60207
17065
99029
96030
11026
90596
95658
95977
28534
15902
52590
80536
6088
44965
98026
14081
165
60404
20491
91659
87813
6556
21767
21990
40854
42415
1559
81063
572
90461
71509
30070
87411
3342
64959
1487
14984
19279
71522
64369
5268
6960
17738
67132
84580
48612
3697
59435
17893
87338
27510
1312
18756
7932
58293
64438
3621
15797
42228
45753
58944
4816
97932
72845
60543
85075
9210
83279
31721
42723
69579
47789
29299
44383
48275
70113
99971
35972
50753
63499
39858
53850
28206
36888
33593
58205
11959
97513
3748
28471
93683
67022
50594
13778
91984
74774
8008
94045
54176
26335
87954
15494
69051
63925
2201
11737
66095
91714
29022
73232
17107
41223
59773
1388
26232
96682
65881
29788
14006
36973
28521
94741
58056
26093
14267
61498
28899
90261
48063
7530
30813
6898
8702
48314
56033
58973
62928
53697
6133
7224
27992
93005
831
83165
42794
66906
44873
71301
10459
66393
57155
15183
51923
68767
53110
15091
61745
61076
51985
46182
21140
51788
18270
45370
93291
89193
65756
5379
23321
52082
3415
67993
92752
93343
22179
24158
58559
95844
21467
58113
77981
9041
53472
69074
31175
48439
76308
34539
77969
16049
30967
83274
84157
240
77004
76062
78675
34845
24375
98305
36772
18733
8360
28258
98892
55300
63505
84577
29902
81725
51920
40428
5198
1490
90473
95802
73936
30409
7528
28277
47491
12197
69580
27092
57043
86859
10551
96658
10541
52434
58073
61603
89945
523
18251
53499
22711
39566
67436
845
26794
76321
35714
50051
17142
74471
77941
93215
75376
25531
34103
94314
28028
1399
96515
20239
63848
37821
78400
17296
92869
59856
76935
48428
45394
83647
12800
90754
28737
133
25810
11262
27858
91916
91825
71575
86147
23666
62443
143
64414
85189
75519
83034
82237
14244
44037
74607
54896
88532
89668
14385
33105
73211
45354
88576
31786
46111
7590
53115
20188
91422
86950
15178
41203
93340
5893
88282
47679
72232
64822
28354
59293
82970
89351
75832
17490
26368
82673
14030
95543
29317
25529
73543
71943
96387
88810
84804
54868
46672
97368
37448
84764
85689
199
27822
42393
40124
43887
36512
51649
31229
90859
98063
71642
85885
27869
67281
39297
99930
59988
81119
75100
75359
14233
78141
29205
16121
14453
50070
65862
67620
33455
16597
97203
61245
81896
52859
56543
95815
34748
38754
2994
98199
25815
38616
4491
44264
33200
75751
69256
24223
13105
50308
92721
35875
16075
98180
23595
28676
5048
10023
49041
72521
1132
89737
36620
18626
42090
95032
66611
84987
88312
65595
24066
11174
25583
66549
54728
9617
50427
14115
50627
29855
27448
50180
7768
31200
57422
47439
87826
50831
97161
31694
56148
24549
83168
27687
34553
76331
66892
57137
78797
74875
19505
73852
21175
79455
67882
66128
21216
79009
75897
65979
29169
37646
17708
98798
42735
38937
77533
23
46041
49887
53087
22523
85297
92118
24550
28561
50829
1419
63530
24766
92909
63745
70617
38170
59644
85073
95514
53538
61988
86335
57521
13408
80819
15369
63004
46608
29295
51764
18042
82127
96883
35346
64208
90419
64803
67486
82376
93910
11059
80117
1604
49388
3898
37528
97497
83342
39921
47165
37052
39127
39705
10354
78626
49173
78446
97527
77281
90913
50545
10986
32186
99357
71724
44259
39657
93912
18374
14769
45736
25918
90327
24556
70643
22211
76863
39164
17779
77609
64551
28229
7098
68192
83967
44752
60161
19153
21336
86787
30163
92077
56906
81859
41886
98532
95311
1607
41167
74277
5109
4558
18916
39314
11124
61827
32707
60781
96238
1669
89749
51021
62511
48238
36638
1181
83031
41341
39660
69990
14136
28291
21699
70608
4241
40108
8995
15662
58821
64490
92275
50934
34002
12564
40520
70828
99949
3556
57773
94278
18712
91786
20362
99736
58438
48084
5162
11579
83542
9314
13431
89670
82966
4328
90999
63989
77294
5885
7659
61545
75868
21102
61776
95203
62139
94431
10134
89953
71846
90259
26462
41210
24004
52203
58628
78276
10031
70583
95376
25247
92700
43796
23456
1436
5125
53133
35326
50403
80550
5301
2325
3425
74729
21123
509
48717
37122
60844
80256
69960
34742
75555
2597
77829
97032
95465
19091
75396
85473
64482
76586
50923
47404
27213
38503
95036
2289
82548
40297
83205
43642
80714
70296
67645
74902
67737
51167
89970
41045
62453
39399
44139
16819
44957
16179
58476
98980
6279
45590
4859
37466
97559
34780
96272
66020
45050
69836
79655
82699
98145
88566
57079
47669
90351
76831
7867
45306
71049
48444
69848
61175
54329
55039
19183
78091
58150
84913
95855
37099
66916
10295
65323
77977
61725
35542
66950
52471
97946
22806
5079
5540
47588
89684
86237
17431
47910
98730
58318
76748
89438
56803
35345
97488
13540
60235
42772
95723
68026
11133
2950
1547
43406
40171
17763
36658
91594
79059
75729
80956
58267
14247
77465
60078
87529
33853
66533
38786
60732
42518
49401
95256
2306
30548
73428
11697
68220
4463
58182
11653
87040
17414
11533
33648
78895
48039
72975
82743
68059
90091
49226
12429
29670
40492
25853
27009
97437
6879
65061
8972
45106
5767
92672
54838
92956
29612
85272
73220
13089
47546
21413
98253
36104
8872
98216
54444
5726
79073
68536
97827
86286
70988
67918
2631
48451
11363
54853
2607
97234
8563
91411
84836
63315
18714
89773
65369
59311
99356
88463
97020
54759
33791
81734
21267
17437
40053
7978
40127
61588
81301
88530
82344
3500
22729
36050
46581
68050
25218
91292
112
26362
57516
55727
25278
64517
3293
81630
95093
29809
92317
31638
73854
60712
97575
30364
30211
96554
86624
68421
27090
88366
61369
36723
63132
32
52770
87570
964
99092
94259
9158
7950
60314
46493
84659
94577
52155
83027
12232
51181
7517
23830
25021
67398
86508
13061
35701
10163
60720
98360
41659
47879
97593
62781
73065
57102
90611
11634
37508
12226
49296
63676
43116
79306
70934
80104
8414
61893
76135
22205
31312
49575
89132
30253
87165
74544
90364
86566
6254
71696
94817
62109
20643
36047
93824
86305
89083
45999
19377
16069
49570
10797
79226
43465
27524
13376
23381
59996
73696
49649
69
23647
16651
98797
64448
46089
88262
8160
66758
3412
89774
33427
95107
85179
51481
19233
91661
16050
32684
16549
30869
51874
97491
47544
28922
97332
86009
71203
66854
72023
64168
3989
71976
78370
3358
6690
4178
52497
77665
13643
25486
99521
33371
65458
55857
92803
18302
40211
42446
12375
20371
3248
17800
31687
74503
93551
14220
49359
94399
72310
20767
1859
44572
45269
20732
30551
19169
31682
50905
49353
1736
59239
41783
15491
19685
21301
16438
49750
17278
74327
56504
40842
88360
89791
13981
9579
65861
31482
64732
64154
61025
14927
3048
69223
54486
78352
98433
13056
49821
6557
96222
62921
49944
84003
50548
83978
81436
48687
67810
14313
89513
37908
32750
22463
69116
70739
9181
84966
4385
42184
32346
57886
41703
43537
31948
21603
71055
66979
93894
17341
31826
28482
62344
43566
59699
33547
55783
14107
73585
27269
53810
89919
66139
60306
78044
38728
6963
32206
18875
4718
76127
28712
43795
21552
88220
65030
27452
19384
40761
62269
72553
70906
20500
90561
52128
63328
80909
62800
58514
32262
26724
13753
81138
70246
6137
88301
53664
65204
83393
93868
39197
27828
87590
85559
93718
83971
63922
53175
17917
93924
33886
41841
82576
41705
80601
61907
36174
78856
50304
75812
60696
72309
47282
24120
62911
7256
93610
56579
57109
70651
51268
22238
9047
88893
33414
36198
28908
60462
87845
84581
77765
38751
95424
16561
58962
725
14818
44352
68870
15704
66357
26852
5005
55601
25715
41682
13452
60221
53085
98613
52094
91416
83482
73815
24914
7442
73748
26691
13222
62814
31324
13209
876
65904
32490
25882
11041
11157
5733
14561
80844
24924
6039
16468
22384
93710
14607
24393
44530
24496
5945
99906
65511
1841
23678
58897
37562
22804
4705
34117
82525
54447
34489
77656
73803
90903
71035
97331
95682
81040
93566
81456
85162
61863
1958
99829
30920
1785
557
534
42326
33767
30431
84612
73601
59372
61720
11909
73515
52838
2582
93821
7305
70966
7765
59663
68429
79690
51319
39764
60253
20665
73149
90661
92551
78533
28694
18036
6890
96311
3230
9809
20129
8992
67754
70783
48592
55773
39466
89890
73876
41932
94293
69329
92840
73236
2084
102
70581
67875
62106
14002
72373
51398
46192
9769
9789
82811
16149
86631
89809
40299
20523
2230
50832
96849
37112
83414
49532
57989
32310
55107
99666
37190
78937
33835
55037
30607
27743
63691
55908
3445
79412
86444
67739
23450
20479
56010
77651
94200
53851
48768
61037
91064
59215
78619
37556
69356
16254
18564
42839
43964
83823
18897
9858
63608
71990
88900
66848
73503
44762
4194
26315
59183
63144
47192
98207
59146
28777
13790
3999
55875
16551
93559
23335
6576
69875
82240
1209
34466
10402
86339
82908
34640
15873
48225
1032
68441
54016
23125
34164
54291
59821
29752
21521
25629
27329
7979
60303
11797
37479
30970
35596
26839
8196
47407
8235
946
94734
33731
74997
58175
34349
70758
35800
61511
94570
14675
40599
57211
68895
2612
95719
77172
44330
89857
53477
10725
45127
69343
59354
71977
36544
94038
13310
6046
39783
91808
8714
44482
23305
56147
5549
19813
90533
69370
90689
84674
63018
11482
73710
97901
66108
70524
57690
92921
36223
79747
60589
41839
95192
80526
21090
80795
91514
64964
53819
60944
59377
63057
26408
13146
9450
19941
37774
85779
30584
68032
2876
63640
91480
21209
19785
21889
10830
86649
31399
27289
70835
43120
38129
86984
19918
37435
26987
52963
99948
99914
25382
56391
27295
50791
62418
28732
7165
72222
82501
58930
8609
22453
26403
95683
8834
13733
45514
51263
22821
93321
11413
66361
62985
8579
73781
55362
87992
51366
70120
21520
78098
84998
10414
18091
70215
33355
51673
26388
88637
19052
48543
23611
97711
90370
47649
43630
80873
60063
40120
32170
13828
84497
80080
6909
92654
48781
47573
48830
65641
76155
3961
70944
5873
26288
61806
62542
4156
80513
5542
15473
66175
62350
33224
42035
45113
15936
55271
17653
25725
60499
55225
9577
87824
60746
46023
32761
20784
3311
641
42550
6799
14452
17845
90679
35779
18365
2934
88017
87423
9091
16584
89699
27287
10561
12567
1107
65624
91640
56049
86200
9008
31097
47160
66292
60149
4423
20139
60312
44943
52713
48246
85903
49545
65964
86275
3348
17726
55707
10887
9715
5309
94693
5562
62838
9358
46224
65838
97103
12368
49871
81658
15914
44769
27673
48351
79128
24934
88376
38847
39169
22975
33519
55137
29669
89406
60443
79498
38592
60425
595
56192
21035
93581
45722
74009
44393
39238
85215
41846
36134
95406
80440
96696
49283
45078
54469
98294
86691
42507
21816
72654
84198
31290
20582
80774
54257
5792
74623
41119
33488
86453
14054
30857
95659
94170
70649
44986
31643
21005
15886
95095
37616
31335
2028
16965
35671
43494
38144
83346
18061
11687
52112
56442
46727
35729
80058
52949
17801
5495
20013
54482
64354
60209
44454
3872
43894
61662
96535
83437
8195
48016
29506
95129
65326
53481
92568
10345
61441
40173
94452
61661
81487
43878
19633
41329
95130
86137
9990
3659
32618
64611
45760
17451
24276
53404
17815
33434
19230
93250
51683
36537
52266
67717
26319
38100
5940
54319
86820
70101
43616
28043
37393
49938
6104
30531
24417
47935
57496
78278
90025
632
43988
23026
51733
48480
41151
23290
53570
15826
48462
16338
77780
21996
1645
28846
41957
5567
98880
13912
14458
24138
33033
51004
15141
6167
34277
48211
28491
11597
29485
39496
80515
340
54270
99188
29498
26071
81874
25782
13865
51780
62583
10071
9935
53027
23266
47442
52802
6179
41701
65250
74479
83957
70383
89894
46371
56505
6275
69837
86937
49203
21008
9388
8480
56062
21984
37909
66001
35466
37168
96079
75576
52929
7525
34501
36304
43388
6654
89659
25153
65382
91989
79341
747
45267
79978
49248
21894
96158
33839
66465
75307
72211
66832
22866
12987
4085
84904
29694
82708
26548
81199
55260
73037
57078
67446
24845
97962
70195
45120
38203
67694
19218
72239
77070
71606
45882
55321
67767
96354
98775
71830
80316
25067
60388
93003
87540
51878
38740
903
18894
9018
15436
86908
26664
74712
88554
97671
93081
28265
93261
73909
93269
55231
60665
11979
70150
12148
81729
36899
38992
24272
41586
47359
37564
26287
1589
98560
39524
18585
17329
19443
90514
39161
93427
22761
7402
29064
33317
52354
73007
15737
67563
26266
52934
76394
76111
12439
13659
23737
77115
83187
2760
52189
44853
21376
25594
16956
97877
10321
16280
38659
93289
94959
60290
45902
50690
98298
67335
17197
65660
1068
75671
97176
89050
22828
5879
35409
99588
56286
77698
83459
50864
43155
3052
46205
97925
33331
49588
52740
86617
4135
82747
25115
82169
66347
36185
64882
80353
7582
87938
64922
79271
64786
91686
71853
43501
94340
50524
56066
52675
8680
4591
48364
16469
1215
57719
18389
16571
22526
16810
75965
69763
51315
91102
28090
99432
37035
4808
81778
32372
31436
79357
77635
94987
99586
90002
1943
3238
32353
19619
19077
43902
39017
67038
90571
89311
44419
32407
18404
31258
31137
67631
41204
34215
54330
81305
67940
49902
16271
33634
60583
25915
31577
60887
23165
29582
23426
13563
52737
73750
51859
84586
58386
29033
34213
92588
43767
87172
132
10397
50652
25188
2487
88705
82694
54129
97010
89781
72055
83922
79900
91645
32962
74811
13999
77216
16239
67012
48040
47518
74438
30901
33760
58679
48109
78009
8395
22611
25897
89082
33766
37769
21011
29010
56181
81973
25317
66133
66696
1288
90385
9010
34046
49108
83336
95225
30195
65103
61730
44812
16184
84637
4760
79301
89815
54382
9364
79060
2040
72350
10258
33010
6993
78680
96691
41260
3658
46607
71664
2375
40378
5924
17254
50605
24288
70003
87535
28979
28686
99081
1988
77433
5634
45495
5042
62580
69048
47277
96990
56199
65895
43414
93629
7677
35813
45410
94683
45038
44389
27438
72190
56331
26432
2947
92075
39200
72603
91272
93568
28059
73092
95469
31591
45842
40011
39046
18129
53608
62560
67685
81042
70626
67369
76824
61299
1639
77736
74850
5292
83107
89331
8629
89476
35944
36679
63478
6957
44626
3200
29362
20559
77944
46761
8697
29287
59330
26936
79035
5394
46860
4747
430
36012
58446
64470
99524
80070
35744
23911
77447
95773
79529
10586
59757
58366
35782
30618
99022
74415
25992
89736
906
8259
6492
28006
89842
78949
57001
61167
41897
39193
74487
347
43237
33827
9593
32247
86507
15860
51188
24251
48695
11610
79889
51975
30269
10139
85493
11852
18940
54110
89581
59906
12498
78976
62498
26519
93967
54322
33070
34050
94176
25190
62327
12399
42531
4681
27642
27344
23439
50321
65463
5473
29667
25439
42310
13166
88841
49801
35406
24674
23981
53259
43245
53833
12727
19722
38785
71234
2914
81181
46018
18452
98067
5313
34936
62005
63444
33944
62489
88575
66093
68204
46585
4206
95125
7866
3712
6110
48817
8454
84388
17134
34197
11218
14104
67029
80153
67874
26122
24600
30270
71129
95881
35108
12448
45229
47630
45096
4509
10992
8862
76628
61422
48739
21001
89655
65223
45786
64810
98307
31911
94990
41470
81394
88245
44997
29510
69217
92201
8184
49835
80259
19577
11872
62087
76791
92698
58955
92577
18118
34515
1954
91862
34578
38354
73265
41001
99459
57213
20995
99345
63828
26915
42201
24449
89467
1809
92089
93180
94633
65102
34747
96639
12916
78938
93318
52416
28519
35126
96239
5563
63022
21583
43087
60380
84363
70859
5038
83613
17295
58669
20208
10206
6445
24657
22163
20879
53228
21328
1053
62752
30624
59711
25951
89682
25250
5848
64913
93302
97967
80574
95615
49888
82343
86943
23154
45053
8720
93322
25578
53360
45814
53224
57730
80913
88061
45973
79783
3360
14988
18966
25293
29858
85322
56516
57258
28057
65657
49935
48689
4297
91719
61958
43970
25119
79227
53166
61154
98150
52659
30972
60489
31113
40199
61842
79037
71737
3242
66191
45186
65618
51251
14919
23419
91229
65491
78698
74887
84365
16751
1070
65235
2505
6872
85365
39429
45012
2613
39593
68349
15893
25559
20792
98020
15259
31199
80419
98170
67899
69174
53355
68924
91208
15031
65640
22204
83588
48437
61039
82579
52030
98449
97678
98552
38970
70274
36708
95065
31238
48203
96152
23430
92470
33730
87493
54473
83707
78846
51396
54128
89324
90304
96769
47483
78554
12444
96539
36292
39249
7504
64401
89378
88904
71363
29536
24527
76244
32029
15536
52727
77845
77061
32655
24149
85953
88250
86391
81469
39926
72842
4476
67410
46140
32548
30314
17251
20000
29376
91060
19221
10987
16782
44933
55116
19835
83401
29692
25511
28087
37156
9386
52952
88889
37996
39759
55656
77715
36536
86802
24299
72444
57477
94376
49854
18757
41302
32934
71571
5456
69857
56692
6193
16035
5271
91516
67434
47458
60295
49994
93971
782
20563
18233
26719
88480
75024
29951
5082
57848
14254
84119
46279
82128
80358
99785
98584
50470
46967
40711
21759
99947
71185
44751
40545
55717
8321
57486
14508
27079
20850
56678
33222
85063
64388
84523
94839
6603
49377
86124
23750
95830
21407
35608
25185
75752
17703
98287
64063
52933
30064
40812
65771
54700
43909
35153
32746
16656
40232
18713
90846
79579
92217
92080
13468
20909
89719
93528
18170
82256
23895
38141
49646
36665
93214
23880
10009
63107
45046
89389
23620
98902
45285
56161
64737
182
41654
41550
52941
10548
6359
46733
5802
22428
7373
83403
24855
75566
91975
70605
85599
18517
15173
20997
85795
99117
35184
8106
8700
83051
3520
96834
43626
78301
35422
90389
33024
7909
79030
85508
20883
93797
40451
84867
66204
59485
90282
57501
69452
54037
49199
44325
38380
71792
19102
77912
54400
68256
11500
92617
46161
1330
20209
4427
87046
29619
33775
48415
18690
62667
28990
30123
97769
6098
32560
34927
90487
29756
75592
33861
1688
85253
66087
45659
70545
23851
17536
2558
72001
38885
1539
76172
43244
1373
44175
2136
29268
37193
42142
92959
30347
85134
53824
61013
32944
79238
55803
73010
39612
31257
70060
71075
69600
38882
10255
18175
27350
30897
70558
15730
68731
20091
84213
95600
35730
95259
22143
43617
63372
67454
87526
79318
79628
48888
35015
18879
30227
55015
16377
11861
97637
9891
9991
46779
32153
68717
27254
58960
40985
27029
44470
54564
35098
87511
7012
97663
58581
75986
15290
48067
83025
12863
148
49048
75958
66780
24854
65796
66116
8593
79957
49031
17502
48323
16580
93288
32329
51809
96709
97173
41330
5490
89354
35276
68600
12490
5952
49363
49512
49281
96148
95941
64353
43738
72991
72646
81512
74579
48072
16143
83506
37512
98115
18684
66738
26222
36810
58242
19620
7567
97737
81235
40367
37218
56977
52153
82512
90140
43443
55683
51584
69929
85080
64271
8358
77219
11916
1093
42140
95817
69151
70440
89008
48421
37551
67463
63804
15815
17930
15740
41770
69137
57359
28790
19083
11946
20276
3508
19018
22290
27509
60424
82614
22202
1282
75908
66581
30509
22892
69981
80271
48369
82243
86818
23681
6135
97387
52200
27545
70612
68645
67655
99680
5041
31764
26046
40095
86735
70772
8954
20259
51030
76144
63645
62619
61395
56655
30780
72544
38027
36858
73135
24827
12572
50638
5469
25906
94679
89395
30572
17442
66032
36640
12230
5745
57011
53172
80832
85536
3548
22514
5972
77615
58835
18218
85611
62053
79733
73716
42113
45683
72796
30605
53590
75426
89253
13379
1401
89907
47841
74631
39301
13250
4431
31363
99277
49733
22730
18317
6505
94756
98434
63062
77338
76288
78436
80511
2058
84239
98970
71526
32809
80826
11546
14395
88199
43965
49727
94405
60838
7318
17247
75968
70282
48570
19956
43401
15868
36205
18356
48508
24708
60595
83624
98693
89092
64502
98338
7228
73087
76646
97664
85317
20503
83391
88934
96865
26086
71758
95819
28987
69000
22402
33926
3151
29834
26441
71100
77357
10015
62309
13450
46042
62488
98571
3123
81450
93352
57733
88759
94569
45173
8960
38597
24500
48679
98309
6313
94256
67373
47284
10101
7343
47471
90636
4442
71242
74312
37864
28956
37443
5951
75810
17091
86245
7073
39877
34504
88708
86532
21800
85600
43589
13897
86581
74296
60675
55621
41138
52661
24370
68484
10194
19993
21592
95571
69982
72167
32132
55110
19219
30182
64451
85840
3846
664
36077
1787
84325
45960
92930
37783
10591
73584
85128
18267
89952
41590
7341
41102
30177
10901
57239
92216
36259
20214
40720
10084
3865
48962
38355
48145
34056
22498
19084
75148
11656
96984
46934
69114
8335
51063
7208
70147
88239
47344
75818
90772
15325
76781
765
75170
50995
3507
5508
76196
95442
36728
94897
77916
50344
7769
26528
83213
54791
38284
53212
68984
63432
61190
63340
78886
71217
96457
89606
17518
11035
49138
20284
13237
97732
66397
1143
45074
80965
61781
73536
59428
90869
49053
94592
49681
49602
27425
88158
29562
15461
28502
48901
67770
12914
3325
10159
70615
43392
88687
87255
32046
367
42137
51287
28481
14809
20087
80403
4998
39095
43505
76752
27054
23965
73356
39746
73107
57514
34384
7297
18408
59774
87141
12996
61702
673
21935
5145
8741
96303
65739
33686
84797
96026
537
38275
56044
62323
58707
88901
53622
33402
33269
34980
63473
58500
14933
10434
23447
90565
19282
62772
71649
59417
89705
92000
53543
59743
49597
42776
6437
20478
93082
265
4949
20535
45126
42734
90793
72122
85156
12693
20059
70233
60630
42607
52606
25575
37454
84139
90868
43271
46557
35568
36373
24229
91307
25058
98876
38867
40528
15191
99824
85712
94805
22061
37213
11229
497
12123
56522
88354
64200
78059
4149
23473
48941
52527
58064
73737
74078
58642
50794
23949
95473
40386
22369
9911
38730
84121
2803
90893
11130
26516
30631
12586
38566
80606
33104
52850
14029
58148
48984
55084
8931
44053
83839
34433
75107
24592
17175
71629
91235
69654
90277
83455
96736
30383
17793
37721
31780
78623
69910
51586
32366
11278
55692
1199
47371
36587
26583
5798
41412
67298
79854
53063
76767
57815
96146
34170
60553
31877
40045
69411
46509
42726
89912
5135
50430
5460
48182
18098
32398
15462
30752
82194
4456
33929
67730
70549
20096
14680
35517
28472
26278
99589
90887
48400
71791
43175
61057
80598
3648
32612
25983
91879
72828
2401
15940
70290
76261
38938
67233
76239
45649
49505
23175
40668
96643
90962
671
72189
58680
96385
85490
62373
43356
28498
75839
90783
61638
87782
57264
29308
34135
80019
92260
83351
19117
66304
1997
2196
84954
86097
93819
28029
474
7168
7410
69740
72834
85929
39671
31652
49889
59662
80779
42671
7951
47670
60946
97456
88243
18697
92633
94169
83250
33908
76641
62214
47420
81445
63939
57000
91112
7007
64002
1233
63930
80676
61775
46457
69635
85109
88671
87182
39646
27434
4034
96473
35549
81072
30474
78452
80351
64279
26715
81357
63703
10145
48976
83244
99928
11540
4278
34224
30615
91854
34695
95617
15327
91691
89399
38932
50906
38689
92823
20233
98249
9373
73891
13609
87744
41265
39532
43423
36548
65706
96667
97378
45442
15385
25139
60965
15991
33255
61954
42636
72719
14847
91606
61450
15238
5624
21074
69584
98353
75872
87392
60774
71121
76240
23608
18045
50041
79209
571
35109
42423
16991
27127
22675
76614
62817
44755
61676
24387
35928
41799
87857
30580
8416
59779
29671
76656
75167
4046
60452
38132
95445
18276
75515
95267
21069
19001
83953
89532
90384
63365
58987
35814
76402
95097
81579
45516
65941
46808
63411
57698
49097
99751
10702
97042
94333
7063
83485
38695
87153
38896
95651
39022
98526
37412
2034
90094
43946
3886
74354
20246
18443
35725
21367
99899
77413
43897
72253
82712
39383
38282
22480
24641
83302
21385
24434
19050
50835
15156
39374
15087
1421
10453
55714
54436
19210
81253
18108
38145
85974
65980
91019
4672
30126
75938
74260
13960
27303
74643
57158
30990
43862
48778
2960
74287
79300
1041
85149
59397
50115
58949
34498
41467
96333
15496
43647
83109
9652
62932
29125
71176
86784
25340
2579
90546
96894
94946
32050
98444
64988
53143
89349
8611
1206
48506
31748
42182
34162
64469
86779
13801
72440
85819
22178
82664
10584
67939
99496
1469
36095
35979
8633
67345
43141
18516
74572
63316
55662
53362
51478
85992
40003
9464
95321
28226
58440
7426
12812
58772
52559
42075
64139
60545
83652
82193
92038
12687
59189
31738
54318
29882
90342
87811
28814
71985
8347
50965
10384
59300
73612
44277
51001
27586
26599
27462
87801
88400
85556
10193
55943
98036
25421
21927
7702
59179
28339
82598
41272
46786
84503
97564
60734
23775
25690
28403
81995
73882
53393
64250
70478
50874
870
43204
2390
9516
10489
15194
60007
89246
16880
4784
49669
80660
5592
22733
94373
95309
50841
3419
95238
7793
21499
77151
23920
96577
58651
4797
26463
88090
5325
6735
40174
81484
15318
17011
70168
22363
38576
10994
54471
43367
13795
65977
79924
55532
77978
66587
40980
41080
10116
14120
21856
16432
80168
46020
98104
28591
5781
16583
50173
87615
77992
1608
19823
40625
35481
78332
76678
60599
16978
65477
5056
4819
58735
73074
56762
86781
95866
32313
37956
96978
1110
72092
82826
80042
41537
41166
90475
82863
77238
14583
33139
13541
78622
91123
89386
24382
60869
43079
21725
54346
36696
83872
32567
48926
20153
47279
40630
82727
15500
22093
71774
58083
87355
60513
65189
97606
35808
54332
20918
73753
83896
78670
61534
96339
87163
44453
38368
14953
14665
19143
21257
96241
64678
19456
973
69703
31030
33248
22959
38055
49680
80957
79466
65610
10974
18696
58556
35768
97681
32820
90034
87188
34529
60871
82593
50739
96881
29893
42279
26582
82788
48900
34377
75108
65496
2122
89218
75369
38544
39000
34190
86863
92413
33862
31266
39715
5312
20073
77600
33195
45908
63504
95788
1749
90019
42262
98663
80692
52697
97652
99161
1466
87130
69128
98458
37369
2406
15208
90010
63938
86411
76829
63247
51657
40097
49428
26436
38040
16705
18679
27283
76427
23354
12227
59035
5527
98831
45650
58266
33565
39600
88034
20420
67128
22227
2815
43818
73488
35496
40319
19539
44845
48002
25161
16586
19684
34890
13943
65524
95461
84457
58903
21632
73375
96380
25100
97974
24369
25756
1795
34481
46407
11566
83297
24662
90912
75144
17792
35526
48393
10825
77701
89724
78789
8004
51814
52984
40659
94648
48552
64207
5926
33778
91041
37873
41381
39868
5084
26098
64062
76158
92778
38479
32192
56619
9568
36038
24669
46924
86189
44641
23700
89782
77971
73306
1577
77066
28127
54863
67855
60574
25744
82909
6056
44773
31032
62596
84158
880
14278
69830
26767
56998
57223
75626
6969
11475
12919
44497
54083
5324
82341
90377
55041
20240
23356
94100
54368
38532
80040
55328
59000
63159
21781
41922
357
52393
4904
99918
59400
74320
30949
7158
57126
57988
75338
83096
16421
37166
32884
46256
97140
24440
75604
67792
36080
39427
65087
18874
6649
42605
5046
13634
26775
58648
62011
89559
71727
91127
73646
31743
72313
36096
67135
25808
89848
81418
17410
22285
51383
36655
63799
11420
35479
36462
83741
62360
40627
51245
23496
70151
53374
30603
83069
25469
62472
18250
52210
74678
15104
67211
57509
96532
51164
11029
95100
97385
78413
89454
9170
68764
97785
2747
79859
67508
22862
84837
58012
89605
36889
17120
60059
81957
94877
2287
92711
92340
30724
682
19934
59611
25793
58223
66710
12145
9497
14658
64011
29355
53855
23085
62556
79935
72246
95115
25544
31219
3982
85185
54929
88585
86749
50110
68070
26560
61739
66002
78502
70796
23717
79779
13307
129
32257
64697
79775
37513
95833
50987
20032
55872
84387
7799
77917
51450
73673
8140
85255
26401
87142
98267
36907
13135
12178
59327
36697
94184
35245
5507
2488
76926
84029
87972
53520
1580
38444
84036
24987
51666
91622
48493
86234
14098
14159
25602
77641
72161
30978
76584
21517
70010
25356
78429
59510
39367
52708
32766
78986
37022
30056
7986
22972
53040
14746
33106
68099
91995
16437
22981
71331
89557
1660
90414
89468
14969
60192
31278
9397
76148
10246
62127
2199
56517
59764
21064
49576
16764
49298
60929
70073
11616
8833
59211
45502
1588
97997
25357
75741
92624
4570
81767
1963
55339
56403
85251
52003
76683
30796
36532
39943
90947
70453
77372
97143
85207
88123
86995
45469
49745
3836
86176
19989
16479
38776
56807
7421
73771
18085
24082
62765
20557
4158
66688
83508
83266
89012
35664
24131
56991
5976
21828
7520
15113
93049
38466
55700
46777
9986
78859
62675
48366
33312
54186
96166
21642
86439
57476
14378
2173
71368
72938
77452
57390
88718
11922
54523
96830
47596
84386
93635
58915
58633
41572
464
96931
75017
65423
30111
88125
64113
70452
43823
95122
70140
89813
18467
55400
61381
43361
38077
90356
4324
21987
69643
98920
40425
41275
17974
44847
74135
78858
85588
1570
88756
85882
36552
25246
13793
1677
51153
54828
14777
29300
53250
28039
63028
9342
22300
32225
42049
13911
88392
17411
84800
39571
13695
76082
86201
1290
12390
42096
86935
80790
21932
70695
88043
9592
23897
14498
2356
88917
26308
22000
64710
59593
65221
62314
7294
81821
31937
52860
74134
9233
97118
87613
57637
23030
43659
5334
72047
58109
99169
27131
18027
54826
60621
2297
8849
33643
79998
16888
1904
26939
35227
50068
30841
27890
78978
96394
28288
54670
48042
41448
40157
85598
31886
61364
92435
36421
32383
15433
16646
79377
58453
97851
48071
30033
97440
75526
55129
38465
48254
35541
33652
19403
28395
54935
23743
2283
80724
36663
74329
17887
13439
67586
1178
82772
1718
70991
64766
31405
74917
78703
78605
97162
26006
72375
1870
6404
46876
93992
53165
13966
82700
37727
96582
47951
83465
45555
932
93064
98568
74069
97237
2205
49693
55955
45626
56540
63917
99319
64756
91240
96635
87129
99422
87026
9681
13454
51102
51637
11471
4787
28009
88537
65365
90753
35770
66749
51919
38788
6671
71407
72506
10681
26014
34555
12318
55747
47923
22587
36422
94157
1439
67044
81941
10784
10118
84790
71204
58808
42417
62062
44413
54652
63038
46579
31837
30209
37398
29073
60667
7929
78408
43706
18094
76247
96324
95066
23649
26447
57999
83835
36381
37029
41580
29931
80137
9389
3000
6712
98474
73494
75242
19561
37636
68700
11365
51334
80442
16660
38107
9471
43490
86849
96620
49625
55085
12838
19383
54739
49467
92376
93800
23350
55372
28954
2830
67312
11244
88056
91766
16740
72480
6676
9709
96598
9640
32869
33187
61741
8121
12915
99366
7508
30381
72224
78491
98949
94722
96346
45636
44693
8485
43959
61706
83621
97897
19058
60747
35935
82515
59082
83609
24706
72228
63251
15775
12475
86948
49464
92076
58857
49506
51258
46646
61411
34516
38492
55548
89226
59968
78268
30741
37239
15094
74968
19216
7138
65700
16612
77174
12635
22392
23956
37723
12536
16823
63397
54993
12851
21388
94266
64808
7475
49239
93930
13180
31947
3822
81978
94637
40461
2229
77671
37832
41894
87621
80422
88999
2667
54480
73681
85771
97241
66648
61581
75477
21607
76393
11195
35887
89043
45801
2573
2355
78084
72885
25121
38119
78513
15364
92844
84372
62238
33909
92362
3901
55856
34114
26529
9702
79078
64626
81898
13633
54925
3070
10690
77644
25608
46731
79570
2701
67968
64968
88951
25130
64270
54242
98085
2475
92901
66134
32844
2560
68617
85642
56318
37374
38920
69012
42074
39758
32297
49024
99755
23372
16647
9140
6772
18701
69178
56828
9876
48863
85507
72252
90198
86399
24180
86597
3957
58208
10675
7564
95882
46058
69802
61121
92988
38923
7091
74795
27563
44911
28205
1753
66933
65820
58721
13065
10370
40096
52129
75332
61329
99808
65542
65998
25772
65901
28282
27786
33052
79436
71717
64174
38940
75782
51560
51336
78113
80303
7658
37147
71104
83444
860
81887
25298
93580
5044
79547
18522
40759
5538
91410
56775
16270
51503
11779
89541
8264
43444
81324
89507
85117
44002
22513
79363
78519
33763
79248
56446
81385
19457
14863
16324
55898
6410
61113
66378
44546
27609
27209
3251
69791
95141
83186
79921
36150
81832
94998
89718
42969
81599
45790
30052
64865
93452
16835
99922
48153
81468
77352
71336
57464
93716
1584
49975
8315
53956
30853
13087
72333
62529
90687
13961
84535
26951
11211
69210
41541
14708
18116
33403
6728
67400
81237
753
52502
67495
64728
40471
61819
99546
34916
94733
96015
79483
38577
61965
76055
22709
53016
61634
70469
30885
68048
31765
68270
23562
99249
36877
13277
94112
2972
38639
35551
21137
18114
15558
10298
24824
8683
25866
77334
74673
20842
38103
16089
89177
16935
61107
41095
19518
88193
77957
62872
30829
81878
68477
38180
24344
25728
94681
41063
31669
22909
14215
13007
51862
36042
27551
10460
19587
38637
10037
24068
40301
93554
68413
8754
45996
21710
12814
15535
54786
3155
24118
66230
48077
22753
8282
29866
92929
69271
15132
11510
11896
969
54554
6075
20177
76970
96493
29879
57108
776
93905
4440
68045
14921
3799
30854
86694
76302
227
69603
80865
14705
43889
53902
21525
62105
73219
81144
88198
51195
80887
64933
1248
32870
17626
54764
3395
17323
63742
5432
48753
25471
10149
12899
52902
25856
60505
33513
4523
99671
70252
56910
27750
99335
54803
13694
53861
32687
68166
12941
12826
24967
85829
46846
64835
14449
2716
33683
28185
37289
28062
76395
7015
33779
6937
5631
30485
33289
87569
4702
27356
93366
82770
35773
33014
89908
87611
11906
55100
88297
7112
22194
74829
35319
28091
60875
9086
68572
16522
67937
91734
60148
79446
95867
51905
60336
70487
96813
79537
7084
51533
31711
64352
66352
17392
72813
95807
96492
69383
90710
354
9284
74440
62655
76481
68624
27097
39632
91478
24583
10018
55685
25628
19453
8161
44010
98099
29591
59681
12948
12321
43600
45815
4430
99400
97794
15470
69375
29475
73614
54477
33374
42026
54833
82553
82270
20993
14116
97926
54625
91298
33084
99260
36324
41054
5441
28096
75048
88935
14768
98748
64719
9857
73707
15679
36993
22158
18898
89497
1361
83456
91889
58102
84410
2904
17073
88824
45821
22426
34563
1066
56575
87441
28637
46141
48264
84846
43972
19138
69193
54542
63616
26427
31731
92254
20374
97221
96656
65252
4561
16048
28730
45936
85344
22639
26117
42468
54707
85271
52990
25418
32744
3889
37903
52566
34627
55243
25071
55848
91226
76572
13648
66713
20861
63185
13334
11743
59386
44606
84472
75673
19471
24775
73103
25281
55276
30428
75277
1979
97727
95221
71889
28700
91430
41861
51416
19043
78296
84775
24418
48820
25610
30483
34264
74995
65045
41325
19777
24086
58384
27576
52079
48376
58879
51330
10955
63359
28830
88857
14858
81175
31147
39709
43665
54727
55723
74017
37437
4136
21083
98065
91893
79793
62547
98320
54099
12773
7300
86293
77088
53767
5471
40252
15842
29283
61697
97779
55779
69535
27212
99958
99865
68862
8949
13962
19819
16132
32424
6606
75932
97884
91709
49778
25847
53526
15720
66706
51748
92636
41221
3131
6381
82229
40213
17434
61294
67127
72319
98086
42474
15534
84730
29134
81724
17568
15338
21772
45336
35959
78864
78968
59697
97100
31367
54617
83567
28475
13231
23982
39514
35884
93838
52429
18424
56937
16854
31176
939
10112
56460
31173
17838
60354
88491
42524
22430
86608
34144
82932
92758
97049
75849
83926
45268
81954
41809
14557
69521
84017
53351
64082
16814
84168
51626
15843
2215
46910
16902
43
55498
56093
26819
91426
48230
66669
58313
31809
69260
19448
21284
97542
93206
93867
66996
680
73544
10864
27502
92664
34208
24178
37860
10461
45520
42259
70928
50802
4992
70030
540
99490
22077
15239
74765
28921
95545
70918
11680
49059
99235
472
23421
98509
61462
30214
75314
62832
56342
30438
57492
7691
54256
62975
6838
68473
61359
16425
61084
49493
13558
29682
2553
47821
35505
94346
87302
58430
23751
26265
81336
89447
19447
4979
6301
91015
92773
12775
74759
3701
34297
89492
80194
75419
98822
24819
8696
33361
56659
23991
14574
80179
19971
60017
81865
10128
40185
54149
30568
2763
3243
76282
43692
75635
87333
29044
78777
40970
47317
30365
95327
51059
22410
12016
27143
76475
85797
81668
41713
48268
68309
17989
66643
55478
16640
76622
25801
27077
60956
98523
1040
77567
70217
72219
37539
57878
41361
4301
57405
97137
49677
42529
19259
26034
98827
56872
28823
48568
38097
71937
95885
58070
6693
19048
21100
23680
54712
37645
36308
56395
61081
72855
16869
21262
28863
82817
72976
54343
85602
36124
74484
57471
97534
5673
43783
77630
58607
63554
92884
30500
74731
84476
66395
44529
38356
63320
42647
70830
18831
17266
60427
98597
93088
55944
92296
42288
46568
71039
47348
31161
79831
92766
93428
73060
24783
47762
19034
25826
14293
53494
86676
34817
1213
14817
73941
66498
94836
13932
96719
34096
20298
844
95368
46316
51838
11466
57729
26780
22370
89599
85445
41017
2832
19822
28469
24404
67498
52166
42321
62663
81048
66215
90889
82879
23784
62841
52184
81819
2711
51244
25443
39702
12
2304
13665
51185
10640
13955
97087
64251
87470
74200
72537
82725
45611
30455
65186
23798
4195
80352
78435
35095
12061
7275
98424
32840
40176
26305
83830
44549
83127
72151
8475
476
78963
54848
19878
79983
38322
2195
19413
12002
28984
88875
35705
92187
12551
71438
44605
58893
25392
66399
3221
31933
17044
47205
19119
65874
96634
11128
57452
56939
99871
72334
326
8646
41909
60970
79000
30330
14720
71536
91260
26862
1628
68548
25178
47746
31410
6846
75645
92817
69254
79362
79242
38360
96027
35444
57426
82226
45595
52704
78453
50094
40209
1684
60383
30797
52798
8883
85698
61336
90909
76535
72681
14975
44790
11675
44196
19634
9063
54316
65482
6695
26191
72470
5713
48457
52568
86449
22556
38812
68653
30804
50166
47680
2841
45295
93950
71619
93401
63242
53945
6539
96732
6525
55888
49290
31450
35626
35474
21346
43368
38452
22929
16225
83443
22691
33978
39173
26347
55576
68102
86699
19002
76718
38153
26204
62916
23130
39688
43527
52543
93798
54061
88488
44681
59180
42683
72715
23076
87277
79253
64694
34526
61319
75612
82462
29412
83104
59606
59625
16001
35835
30165
76743
67055
38818
59520
78477
52359
67600
67125
60723
88964
99074
81375
21229
10769
77731
17283
79756
63562
16980
32019
91031
77748
78760
52723
91875
59883
73635
88662
26371
84126
61625
48861
80463
72867
65782
90439
59931
68231
86540
1622
83497
76066
34714
50634
14191
28213
26378
28710
39530
87774
7615
68047
61112
42443
22365
18084
2293
23230
17567
96170
27264
97886
4044
2897
32858
20504
75682
4000
11910
30522
9298
75193
8735
23782
26867
54023
33364
21590
15469
63537
13141
58682
34452
50600
97376
92291
64329
49118
63398
2887
91345
35164
2411
79266
43903
68737
91866
59390
77862
25846
6665
60662
9288
31260
60868
63450
53385
14196
55289
84454
48010
16756
64666
96411
47428
28438
44667
66596
2369
85124
31922
15857
883
85644
27577
79848
98861
63609
31443
7891
7777
21214
53679
17495
5459
21012
7595
55317
72881
39247
77893
63811
87965
65627
92651
36903
58770
31635
54722
31449
98046
97695
17828
53772
81858
70232
54958
91475
97490
99248
86512
99581
59651
69358
11116
69416
47653
4915
65673
8212
84742
76513
42844
88441
8398
61341
5809
16269
89656
29890
66940
59926
67666
65347
70017
52799
37546
47856
29981
16615
45011
27228
78515
34709
22451
38463
26567
8078
16399
58923
93917
293
50516
68734
90281
96844
72579
62602
29476
41072
98331
63482
40150
76736
90295
81452
48790
61455
377
81523
84223
81116
88941
88845
50998
9902
54651
12317
95270
47643
61857
46045
5535
50188
59922
46508
66544
36932
30621
88725
59889
81053
89745
22696
93135
44848
11156
50016
18440
30539
85072
23024
10262
94856
61604
82806
86263
52736
25615
21298
8428
66490
30785
35795
68273
25783
67391
46586
21395
43178
22362
48930
13256
70116
55464
92155
74578
41616
53047
65494
34397
35656
82139
20603
19120
54717
26291
67555
33917
4891
20780
58067
40932
82417
76106
3730
30326
46091
59219
63757
64330
1480
58888
89966
70450
60842
295
8991
63054
71022
95518
53623
50428
13264
63569
796
54465
93751
27827
32597
31177
52330
1135
44810
69764
27130
36987
63288
67181
52692
3277
20204
3617
85379
20351
82420
59682
38087
61115
89697
66998
37880
68134
20681
25687
90191
7621
96755
74306
66922
28280
46168
92372
33144
13877
70672
54132
49766
94280
55947
79418
34929
81463
92981
94962
86120
2735
15834
33630
39697
323
54145
42918
1944
57816
19060
3343
79929
65650
86719
81122
59793
25545
33817
52732
41803
64123
68291
69825
331
10686
12355
52149
71122
85450
64101
93880
90323
5427
11230
53762
46283
17867
34648
86831
64424
10266
7810
44989
39335
9675
55358
33211
61693
90040
94786
78728
26717
18765
33186
82528
40463
3153
41123
98037
91210
64188
98903
8961
20955
36133
10221
15993
96231
42693
33866
59982
69523
72678
13642
77913
5846
62382
85411
52242
56319
2444
78706
49980
47109
1203
87200
95521
2707
7220
65986
10222
85014
74758
68975
55461
73930
427
96798
40613
12735
52414
55832
14208
96693
87278
65203
40351
75709
29045
9718
56087
73478
41526
59997
16446
81591
6066
59544
11700
8945
47784
39471
14832
25309
21627
57104
65063
90092
45560
92159
29307
8800
84013
97267
10752
25466
31499
81329
40601
98886
40412
90367
36120
91104
63489
89946
98380
44921
16305
57992
39350
46194
18858
98370
51308
57825
22239
24256
19719
78719
64930
75388
13448
83138
5176
29444
90750
75903
19461
46012
81952
90681
28643
70078
69785
5595
85621
49878
93154
66004
90882
48892
56295
47144
87139
81466
43359
6605
67428
94654
48464
25013
85646
26997
74071
18332
33536
73963
21685
15252
22613
12281
1995
4552
28723
7247
69057
75883
15248
33752
8153
42970
87034
96229
68584
71530
54062
64736
16489
74149
78443
76246
86797
10254
12976
25487
57330
57973
36193
70053
75880
20822
19689
24672
47070
7331
86238
18654
41217
85435
31396
65585
41868
97408
90471
42000
89982
23325
91326
64851
94426
32156
46945
19605
23591
87809
94896
99668
74802
788
9136
3948
57512
84929
84949
76022
13085
17617
45351
48800
76693
52731
74127
44503
63281
30878
64433
652
91684
38454
78666
92635
15997
33790
33480
72696
32995
9014
71693
85647
41369
23448
19872
78868
80505
72323
47982
70089
88035
25168
64285
59894
75284
62866
21462
73369
68420
2069
27423
64838
33904
92521
66573
52774
81794
4573
96927
47229
97482
24759
78016
76147
33660
79331
64386
47941
35417
54615
62620
6266
93438
71488
49665
30679
18633
51771
95919
12704
94317
77883
65378
69068
56218
26234
59120
35382
93612
15044
89971
94128
73511
75698
13600
29638
26361
35107
30146
16341
23882
76164
87117
56220
89189
95582
13093
42578
92755
43746
19167
42826
11193
33953
60074
9950
69758
73404
88218
4022
52346
35574
43100
28632
45725
19688
19316
71343
94599
12460
58316
58066
79743
2371
57107
13497
20468
76542
42391
80046
68539
7927
92045
56236
7201
7536
96074
78615
81488
97365
68528
51692
15078
32245
40130
29800
57794
88135
43480
95294
18979
32606
66690
6419
7808
62249
61370
91942
2833
31121
29257
4742
89784
74901
92284
90188
72682
74264
58014
29546
25887
47768
31112
64459
36583
65752
33327
80811
86813
76289
32716
60534
30542
76221
79892
85321
70877
91269
86568
67073
78637
98621
46176
15897
87867
76108
70684
80947
61749
79805
56788
855
82216
91239
43118
96764
88134
92004
96612
50583
30484
10940
36255
76974
24430
51349
15752
12280
4113
21159
78354
33591
93212
98924
87440
65467
18219
82140
39879
34414
40846
43268
43676
2336
1174
57305
92818
1712
8209
29234
81577
27631
25626
90693
13266
47391
57738
16190
32292
57076
98039
63265
94769
16622
55219
47011
63330
34941
15847
59706
92228
65074
89335
19334
79157
31835
57588
22913
14040
17480
88426
80032
91000
97312
95913
31498
17949
86696
65072
86531
28875
52456
69472
54126
68886
78870
63655
83479
48646
27571
38496
18369
38757
79343
84766
604
94731
11705
72064
26348
36368
52223
28906
14764
61198
26871
58415
10588
92472
36807
44821
61248
75912
55148
45653
1468
79286
18223
99962
92357
70729
19730
51539
58031
94163
27581
80904
20664
38265
57136
83939
11881
97269
12366
44108
68904
87282
95409
44281
95039
51233
51554
51961
91653
85888
53119
93923
88361
2346
9178
29925
42593
1554
88956
12931
68343
43381
60883
67143
14032
55711
90158
16354
45723
7366
28276
85226
60051
8940
12401
95481
32839
14041
21969
5156
34136
87967
98404
64146
8772
56673
31485
23883
83965
82281
31386
30589
63577
68380
35339
63849
6155
90410
88672
82201
78256
64289
37681
24169
64915
68376
59900
24745
76501
94833
97401
74841
53279
70493
34635
39760
33206
16079
95601
75040
41740
8277
64907
88894
88388
29874
92094
70018
85620
38586
91002
90126
40434
99939
37355
26257
13127
86558
47991
59951
3141
18824
51706
60456
72174
9698
28937
14455
18258
21081
60964
45920
67758
17056
40431
95942
22343
78015
55584
16141
75115
10595
15684
25435
32078
16439
78299
73804
32164
50228
60135
85101
71555
76473
62913
36447
95185
98661
85770
28351
3045
12867
55000
55133
31973
64908
81272
93424
80124
87083
22423
93725
50257
28706
86812
95765
2684
53300
93061
16365
60903
88909
1786
60275
86575
44658
51384
29298
94838
26377
88039
13861
11357
83819
20756
46883
76917
56168
98927
27456
46785
37752
3576
82584
51243
89166
36379
64898
98989
49125
72535
13080
96191
57721
163
80177
88021
78934
18935
86487
97657
73
79280
15108
67319
80893
50040
1936
66606
20116
10444
57450
33822
52898
29808
39
78110
29984
98972
70447
15163
3932
90088
76368
31630
66743
62404
36575
74782
12894
58567
70509
65893
36097
65217
65510
41671
1126
39318
4168
58259
77940
38657
2449
99987
14534
42659
48431
24813
75490
25663
77571
16012
75860
51625
22018
40331
84625
62526
45334
45315
52392
21317
16851
56542
92424
45706
69944
10608
21922
48306
89700
64166
61335
5626
89114
40863
57485
62162
92358
49193
30846
95650
10809
8035
4505
69089
16532
56437
97480
4743
99453
67642
61807
10827
80980
29741
40831
70111
50764
57598
41655
91299
62010
41898
35261
13100
90447
61045
57034
8913
11415
71685
5968
83307
34372
35721
42908
24788
37370
18863
86022
55521
135
19607
91548
57094
59185
20272
98617
18612
55034
1541
76396
19402
73741
75589
5184
94357
33849
61135
28649
61759
89366
38377
76847
75900
53422
49116
20795
8585
1737
43811
69112
72128
544
47427
71746
13755
73257
62148
50879
65044
5021
2305
66214
40272
66819
16344
65073
87897
94847
6672
63824
97487
40567
50349
9044
87685
58192
84380
16620
59577
83272
12394
9377
21472
8656
59131
64921
25831
43835
56126
40292
1505
86785
16792
34645
17549
69503
16503
61048
5057
25837
51647
5785
26680
42304
73734
9536
77462
37150
21641
58664
6754
63418
34827
8091
65768
78308
42999
32333
82551
11866
1198
26768
29720
63574
10732
84455
40348
87012
59885
30002
84052
61070
98935
6262
44551
81919
9213
82523
35797
54093
85864
53642
57064
77199
32278
27220
80555
17848
18133
4780
43705
53854
24145
30634
64820
18009
71097
34788
14540
47350
72144
79006
12477
34125
32625
77082
43374
47343
95081
71527
33032
70319
31302
98682
66702
5098
56111
66464
90891
48284
91056
57036
27085
4029
38984
98900
76943
18089
38601
96685
29109
52443
52775
14473
36361
21145
68007
4913
70662
96948
72472
61961
2452
68837
83771
21714
38163
68980
89263
8100
44233
42642
71401
22318
31223
92641
94628
21775
94395
42365
18959
46548
24411
70076
23783
43432
56477
26631
1364
60501
49603
35070
33662
26099
53875
80340
84279
49838
53549
62803
32739
36453
93699
59569
54380
15321
43697
18321
29121
53655
55399
59070
76452
26638
46912
4876
27595
12813
46610
14619
94774
26660
84254
77745
33548
88723
67333
75558
56749
4833
31310
99712
37211
11254
41331
41599
87435
72763
92110
84461
28684
52469
93550
78584
75876
93937
36623
18301
65302
23669
57551
70169
3734
8793
99180
99667
69182
64068
44746
92693
46855
19417
15046
31261
88003
8762
3597
89014
98109
45619
3731
30414
15042
89443
24605
6406
38510
61350
66637
75735
97995
71148
40278
20729
81796
70201
55818
14615
98811
9208
65600
21116
61091
89391
1034
77269
31255
5644
15593
53168
88611
79953
70461
87073
66432
33321
94970
53219
77804
24826
76372
95275
51852
89056
11725
23347
57636
78530
80365
85241
94560
61650
55986
60885
19046
95787
43447
69762
85288
54272
48388
80872
35271
33618
14681
64516
69196
49394
79516
19500
36148
8533
95494
35760
10942
49880
24879
1723
12047
11605
963
41115
65333
47961
79334
41521
11272
97015
82373
6374
51618
53482
92594
56868
66865
38234
97432
69317
37248
53336
95076
56376
63557
91293
72068
6276
59818
71710
58571
40217
61247
66803
6590
89561
82702
92354
3882
27011
66482
98549
27358
35752
22169
76484
8890
51815
69679
75104
74346
48343
8082
77704
93962
95680
30456
19193
24087
19930
7392
45364
58356
67800
99436
83161
99259
14600
71424
19054
25275
58224
54666
8032
66551
50933
59539
51661
319
74766
31426
1200
6486
74305
28135
93337
33733
8021
66993
90853
85155
96305
20297
97071
23244
89171
2900
9748
19732
48240
49585
60942
2771
1073
52428
98667
57862
88869
74568
85604
16924
13691
12295
95390
42357
3519
3301
85421
21560
36350
77176
1637
28353
57655
26336
59592
20791
44295
72026
31230
39012
66455
46360
3451
7443
15787
53680
51332
66039
70465
46832
54823
95337
64787
68418
146
72601
55156
44966
55952
45039
98356
56999
46278
72096
38747
94846
18220
19610
185
27905
96689
58670
42665
19612
21172
44599
58803
45947
28176
10775
98347
72785
2551
45894
724
12672
40971
59783
4088
49188
57694
11134
40766
88620
76102
88630
8770
46232
11626
28692
31975
26553
41246
33667
54478
43316
61056
33279
71648
43051
90411
86276
68930
22688
74790
74560
92199
65298
20458
88843
15921
26241
4487
40752
62527
75624
26102
51944
55342
77106
59441
21339
27012
33038
38893
57891
48767
15681
7446
30013
17988
84504
27985
55268
71529
6097
22991
96868
78684
23331
10836
46235
5208
40770
54954
99935
40411
76413
91906
56113
40835
54414
22868
51005
9658
12729
93339
21115
20812
21179
74
98556
89242
64900
49792
12526
40775
92381
45922
60101
5934
80175
40772
29139
91597
46739
87097
51755
47735
91244
7700
12436
17562
57781
71322
12633
57822
41965
13680
56404
8067
12747
21061
90087
84347
69241
14618
28437
75435
19507
25331
46675
7141
15801
38731
98899
25175
70542
91678
46921
10204
69558
99135
53428
12544
26704
7104
65948
16951
85057
53243
23139
15452
84026
88563
24031
8540
88977
1396
60257
25359
63490
84714
79358
50623
76317
80210
92486
17970
2190
36099
99409
20715
89704
75244
60548
69024
91648
17119
6749
11170
24218
81701
82829
49861
18583
62222
30122
620
88363
99555
56691
7022
70455
13348
22760
7569
37071
4946
11171
78493
76640
27353
19846
10782
42234
28963
81623
98344
82479
52068
47403
70603
21619
21672
81615
77938
62211
23724
26442
16738
47799
74907
52411
71989
14311
52632
22454
89546
15573
69124
53522
45971
26052
53139
52854
28958
98968
10168
40085
8280
59286
44231
965
40521
8828
41974
29089
55607
63782
72266
1001
55435
48196
45645
69727
31125
65193
93386
53078
89357
81415
90666
56175
84854
79538
39481
46362
57379
72342
66161
75346
55865
78746
18278
19513
62621
88883
71128
84892
94986
57884
31019
45332
97661
56955
55772
36479
2458
96221
22947
2810
6071
36002
31002
91694
60856
88298
35628
69950
49068
77753
85995
42396
9160
47721
11892
56986
2695
397
50937
86955
13156
10229
69583
41602
62277
26155
40634
41954
51259
88151
69607
40604
1180
87381
13913
1467
24351
54294
52810
3851
36755
73836
19772
34015
25110
36592
88309
7746
21379
35941
94298
91914
36666
18607
78553
60872
62037
49247
54751
59263
87075
92675
68298
44765
9663
64548
55582
69231
98076
42783
91873
75886
79479
44775
45231
76369
67210
64372
53182
66588
68927
30095
76463
22829
21356
71426
34601
60961
88414
96298
61330
23451
24717
89084
88446
77661
95258
91477
75168
83176
96268
82001
47686
76828
32885
30944
72186
66820
96770
52120
64315
39347
71293
77654
9546
90861
44521
27151
69105
22355
33337
10909
74005
86942
46191
57594
3623
29956
40871
591
27697
79822
70688
83571
91782
17812
61139
11947
44724
8048
16650
36186
57503
41071
7351
5027
52639
82409
91847
94248
20353
314
98767
39361
88514
97026
86011
99981
80064
46295
58985
69316
18449
96749
33083
38869
7325
76259
54184
82493
85577
14142
99875
16317
91717
57559
77772
25755
17963
1605
24139
78187
24359
7204
15875
74098
75879
1528
38404
6871
33288
18678
36477
79109
27821
8443
56255
84877
84426
94915
36063
11643
58285
14279
81413
6221
77931
31217
5131
50036
63176
16264
99729
85866
37273
80072
45085
19286
68953
32511
55199
85336
40882
5636
25934
21141
99579
78134
84732
7321
16689
82748
47364
46485
31164
38499
40405
11009
20176
91273
74491
93078
75120
43476
92233
17550
46942
80036
94916
24050
89387
71441
65770
57740
23508
57326
85532
19285
20868
85049
97791
26804
61457
52689
32095
89975
32852
52127
95358
56519
28819
94649
36221
84526
36245
69470
39312
68659
89097
91789
78236
60308
42285
52199
27776
83366
57856
41603
10473
71165
38833
88712
25369
72024
23097
33924
5594
32444
83803
55144
25564
62568
49586
36428
29486
62691
70196
57557
87225
3314
9837
73435
5635
41462
84230
71950
63373
31120
69115
66364
92304
44262
77242
