357.79 1666.63
2707.55 8168.23
9161.09 4789.48
8253.48 8551.27
4234.09 6474.32
8533.89 875.95
4435.5 7385.05
9534.12 4494.79
1337.72 6711.89
3791.78 3961.22
4162.77 8479.39
7772.84 82.78
6392.42 7369.87
4620.61 6477.45
5460.14 5165.72
7157.09 5817.94
6832.36 9864.64
9149.69 1156.97
4654.12 2566.69
9708.24 4051.73
4204.53 8242.13
4927.69 3803.55
5627.19 4461.81
8298.35 2128.43
6337.22 7253.65
1253.17 5663.51
5733.04 9026.01
909.81 7288.98
1559.4 693.94
3766.44 7019.55
1023.19 923.53
8001.01 3019.07
5951.69 2314.22
4176.04 5769.34
44.43 3884.28
9821.07 9412.49
7289.93 4748.76
3216.04 8080.64
4374.09 6677.91
209.08 5874.83
3931.57 6625.77
6701.86 9664.61
5651.79 7611.67
6953.6 7211.19
3469.14 5883.56
9394.26 4492.33
1970.61 2558.79
7511.4 3085.82
36.53 6850.96
8855.16 80.97
5898.76 8676.24
9493.46 3188.69
8588.52 2709.5
6432.86 8126.14
9387.42 1805.46
9164.49 8482.51
8431.23 5866.36
3310.64 4083.02
8641.55 264.24
6457.74 7274.21
1311.32 1015.52
1766.54 8445.45
3574.32 4441.46
1531.28 3610.85
1292.42 386.44
8855.34 7191.18
4226.2 8348.8
5543.4 7978.25
6221.83 1976.26
1267.91 772.77
3781.72 5595.92
9255.28 7376.47
6625.8 2565.92
6623.02 5267.36
7993.69 3080.76
7705.09 4468.53
4096.28 9471.64
2913.99 2834.12
9076.62 9608.79
1608.5 5532.57
9995.23 463.84
2723.75 9384.96
3976.17 3430.67
2526.73 198
570.45 3794.64
6134.29 9515.69
9390.56 553.09
6892.17 1179.89
3119.01 3515.19
6447.25 6276.22
1759.47 4152.34
5908.28 1019.27
8787.5 8822.27
3853.4 7864.13
8431.06 5461.9
8560.22 3589.81
1089.26 1283.97
8138.29 5065.43
9878.17 665.02
426.95 448.62
9623.18 1724.76
9964.32 4177.27
2277.85 6856.49
5357.16 560.39
5535.2 6967.93
6836.61 7294.67
1120.27 7908.41
8313.94 5071.3
6730.68 2167.34
8098.95 325.26
2792.76 6659.17
9078.6 9045.55
3106.66 7216.89
9274.5 2984.83
7881.92 4864.98
8596.98 2668.62
6589.74 3724.82
6845.89 8867.6
581.31 2203.05
4591.51 6116.51
9170.98 6591.64
8574.7 5454.78
4500.06 6888.64
5689.6 1230.74
4219.51 8952.07
6719.53 2175.79
5611.24 5798.13
6384.86 3881.42
8178.54 5659.37
2029.78 1223.98
524.35 626.76
3892.61 2277.61
4351.58 5902.02
6308.73 96.41
8105.08 900.24
1376.44 2439.58
7491.89 9951.14
3057.88 1991.95
2003.3 3911
8386.21 6222.81
2863.07 269.26
3562.13 3637.83
1230.91 9946.99
7519.26 9409.46
5606.36 9549.04
633.44 1294.23
5339.32 9689.57
8735.37 4854.42
5591.6 5044.1
4950.83 8860.2
1107.87 1490.79
6463.3 8599.76
6605.45 4684.71
5755.23 8608.75
8595.71 9304.96
9995.09 1458.79
9574.23 3557.22
5096.62 805.14
8667.73 7779.4
214.6 9437.62
7328.44 6011.57
5895.37 7831.28
5701.14 4630.74
2685.7 6456.26
4838.37 2800.05
5316.46 5946.24
4290.84 6943.29
9709.52 896.29
1628 628.27
4668.57 223.71
9933.23 4663.66
6846.02 9507.46
3384.4 7106.17
5476.13 2052.13
4885.57 5690.73
1489.75 7377.54
6865.82 7385.13
5208.82 7730.49
7179.39 3058.05
4186.75 2017.76
5858.1 4666.74
3127.52 5312.47
1610.03 2837.04
1372.28 3238.03
3465.31 1204.37
8625.26 8562.07
5868.03 5471.29
3233.05 4415.95
2577.46 8709.18
6468.09 2626.55
9563.44 3121.36
4.09 6429.26
506.49 376.44
4159.75 7685.89
3434.49 3510.03
4867.17 4456.11
8176.77 7994.7
4932.1 4950.32
5995.26 6304.39
8188.35 4624.1
7508.76 1977.13
3186.17 8540.32
2611.94 6419.22
2956.27 5189.4
291.93 9424.36
7815.96 9855.37
7709.25 2983.57
1448.15 3379.26
3360.01 5607.91
1065.15 6794.5
4281.46 1095.85
1250.62 2458.23
9090.55 1346.24
7408.55 5085.81
7650.63 760.42
9709.91 322.92
7901.07 8059.6
8863.24 513.02
4478.83 6983.03
5702.42 4770.76
1570.92 8681.9
9789.65 9280.17
1665.48 1237.8
2659.43 189.01
2009.23 8888.11
6983.52 6290.69
9983.96 3397.66
3912.44 4238.03
4743.9 6484.51
9323.84 7558.06
7244.93 4197.28
7880.98 5146.01
2256.88 1907.74
822.55 1899.23
8890.77 6524.97
1833.51 5625.21
370.4 1623.16
4905.38 7199.4
8024.49 7564.82
7388.41 33.72
1616.45 9535.45
1487.94 1600.41
8096.63 5400.38
5838.44 8004.06
7048.42 325.8
5562.12 4293.35
9686.6 8606.62
4602.88 1943.49
5677.88 5425.43
9006.24 9732.17
7113.93 839.76
5357.39 2647.85
7626.44 5426.29
5010.77 814.45
2991.11 2399.18
6011.7 9771.08
7098.16 7499.64
1371.49 358.31
8063.54 2373.45
8362.37 5111.96
7862.78 9088.01
4568.84 7549.38
2858.15 4335.24
4656.39 8536.03
4924.2 8826.16
3431.73 7201.65
4829.44 3952.64
9849.5 2455.88
9378.93 4860.27
8433.86 2370.05
2422.97 4445.56
7304.65 4684.65
7108.72 8676.15
5042.97 335.78
6213.12 3405.34
611.27 4075.9
7656.88 343.63
6788.81 515.03
4678.87 6608.72
4214.59 4766.59
5434.88 7646.32
1968.24 264.32
1598.96 6981.26
7883.73 6141.41
7005.05 6317.59
3674.98 9428.03
5926.67 979.64
4112.68 3035.39
9655.79 4319.17
8534.69 1032.43
7724.52 9145.96
5108.34 5381.4
9489.59 7060.67
1059.95 9331.99
3669.39 5274.54
9262.1 9104.28
8084.38 1230.35
4532.12 4846.86
3375.13 2415.85
988.28 380.19
8733.44 4663.26
4971.74 4660.11
5642.9 4247.94
2859.02 462.21
8567.12 1393.72
1494.65 1455.16
5703.2 1766.51
6836.56 356.32
8827.18 3060.03
4851.83 7660.09
8334.58 4113.93
1927.89 1582.48
507.8 6460.02
1592.87 3882.94
8875.87 2581.15
4263.13 2772.84
2407.93 9234.87
2596.47 3214.36
3482.81 5455.5
3676.57 7213.45
2012.74 334.74
8668.61 2879.46
2101.25 668.69
3235.78 6091.95
3728.73 8087.61
8915.57 7226.83
7365.07 843.46
8809.31 7872.87
7303.48 5565.7
1755.81 1342.88
8146.85 6018.94
4115.72 5718.31
417.33 6712.19
8932.67 9063.67
7331.21 7772.76
6277.12 9343.95
8107.51 109.26
7386.94 5372.28
777.95 622.72
6627.76 4506.68
3873.86 5543.33
1733.51 6402.45
6386.79 5706.35
4275.32 8853.8
1272.05 6031.14
196.68 4582.43
7213.6 4312.4
300.74 2794.46
6188.11 4396.93
7021.65 3519.33
2169.69 8462.29
8026.8 5440.72
8571.55 5413.74
813.01 9349.51
1199.99 7440.77
3856.19 237.37
2984.1 753.23
1803.34 4534.41
1623.1 6078.66
3388.21 2895.15
7273.32 3584.89
2641.1 4486.93
3060.81 8105.36
2444.91 4412.45
2502.29 9466.56
7931.78 9835.51
7928.85 1122.1
5276.23 6500.41
1699.37 6089.24
5849.92 8062.88
8693.53 4869.63
3463.77 1677.63
786.38 5267.11
1375.57 2409.48
1345.77 4763.78
468.16 8619.1
3512.2 3109.26
8269.55 1736.53
1214.63 714.46
6148.98 8880.44
5344.54 9244.28
3879.47 3273.39
5529.91 9155.71
4937.32 7229.28
408.47 5950.76
455.68 9102.01
820.4 3919.45
5943.16 1606.78
4350.08 7318.73
9179.79 859.37
7246.04 9647.95
4641.99 758.24
2757.21 2911.54
2494.77 9135.36
8789.52 3807.28
3179.33 9297.58
3051.56 7058.8
2570.98 8581.47
1378.03 2671.82
974.27 1786.51
8622.59 1429.95
6052.04 4606.51
512.92 7158.72
6213.29 26.52
9640.98 5393.08
885.9 6887.02
204.55 5527.89
2808.78 2961.77
3602.96 467.07
7260.65 7556
4274.35 439.98
6853.59 2489.44
2662.31 4588.09
6234.43 4040.34
7259.91 7208.71
5826.85 5882.5
3802.18 7042.41
489.01 9478.63
4201.14 1865.83
9505.15 3842.12
2422.43 5554.57
5892.66 2626.99
1082.47 8701.44
752.28 4685.43
9168.51 8012.93
2241.43 8606.39
3616.44 9095.02
1095.83 6278.75
8846.63 7330.26
319.09 6106.55
9702.49 1309.47
7152.57 8668.2
8351.88 7641.59
8146.83 7716.54
4670.94 2815.5
6722.18 7093.37
8370.08 2614.84
4883.88 4616.07
6479.8 799.68
9301.5 5648.32
8812.62 6706.45
4254.71 7592.58
965 514.06
3871.33 9811.63
7844.32 9353.94
1081.7 2710.34
663.41 8234.28
1378.54 4178.82
5875.87 4688.89
7058.88 5710.33
7504.39 3781.07
7967.22 1037.99
1559.43 2851.11
5654.06 8039.24
3650.79 4955.56
8851.08 7626.93
6825.54 8269.31
5219.51 2954.06
3946.89 4254.36
2765.69 6954.73
3608.31 3847.4
9665.07 9435.24
2081.68 1043.61
8777.58 3121.07
5732.5 5836.47
8831.4 8400.42
4781.06 6798.62
9438.41 1504.01
4813.25 5092.48
4706.77 3627.57
5211.56 8721.37
1254.5 2037.1
2154.2 1637.54
4991.16 6101.09
5891.9 2920.38
3055.83 4663.73
1931.3 2720.9
9262.5 9176.5
8928.04 8040.08
2297.57 9824.06
9040.07 6292.49
8224.48 3821.13
8254.63 2826.42
488.67 8231.41
7918.9 5195.44
1858.98 3130.46
3916.82 8277
331.09 6071.02
9914.54 485.77
7335.64 969.97
3406.15 391.47
797.22 500.97
8275.89 59.72
9677.47 2367.45
3263.33 7138.56
2191.52 2303.4
3431.05 5579.52
1288.06 6849.21
8405.94 1776.73
5080.62 1488.36
6972.17 2103.12
9782.35 6052.51
380.12 113.44
7287.06 5458.19
599.21 4622.7
1591.68 9168.89
5014.17 2388.9
9669.86 8453.58
7612.15 9347.34
821.04 875.48
6485.9 8176.08
3178.88 5080.48
3755.6 4466.94
7093.21 7325.07
1407.19 2173.83
8813.43 8379.37
4276.95 8595.78
9595.4 9820.59
3872.74 6882.46
5278.78 9635.48
1505.16 6870.46
8804.37 1682.85
4422.89 8474.23
136.44 2035.04
2985.09 6121
8074.04 9471
4297.08 6416.44
9715 3216.2
883.39 6808.21
5704.79 2290.58
4145.56 9681.75
5833.47 3586.03
3441.05 5428.88
3406.62 7313.8
7474.86 3848.93
6949.28 4143.55
719.39 5753.65
5826.4 305.8
9391.4 1126.36
7504.36 2376.5
2410.88 5578.4
7011.02 6707.96
1994.85 1889.54
5087.69 8041.76
3861.27 792.48
5495.86 8006.83
474.23 6492.86
1592.86 9078.81
1921.74 163
6392.61 4560.12
4011.93 8505.41
8703.67 9894.85
9422.58 9693.6
200.65 8813.98
819.96 7705.02
6354 3230.85
3283.42 8528.54
5102.33 441.79
418.08 5353.54
8483.55 4279.35
1309.55 3979.42
2286.18 1783.78
472.28 9042.56
6026.11 7557.54
4369.09 2418.72
7281.18 8381.02
924.13 5984.86
8275.87 5510.23
5678.46 8476.53
4324.22 1661.94
1345.07 5841.74
4892.79 4628.49
4370.29 5158.65
5070.29 4788.37
512.19 8717.36
4231.25 1821.74
2696.78 6517.43
8769.05 8332.58
723.52 4795.16
1053.64 5092.61
2377.41 8334.83
8637.15 8465.06
4319.69 6913.03
3975.3 5161.67
553.08 3463.04
6823.61 1898.15
9304.78 6879.93
1690.16 3675.07
2038.58 1923.97
3626.97 7714.29
641.34 7858.22
4699.56 8501.64
9539.17 8632.13
6834.23 5426.21
8590.81 3051.39
5682.34 968.22
1386.22 4319.5
4596.81 869.43
6396.05 3735.63
6031.1 6949.13
7198.67 8018.24
4010.8 1666.97
4898.17 5700.96
505.57 2100.27
7624.94 4132.54
4978.08 8266.28
7154.28 9677.64
6767.92 6693.45
8309.77 8765.67
2119.67 2064.11
1817.07 7802.01
3032.33 8366.81
2121.51 2792.66
4399.77 8517.56
6528.29 430.87
630.21 3726.96
3612.63 4641.01
557.46 8510.8
5505.5 1063.03
5774.59 3130.44
5195.57 752.68
6560.24 2349.85
5593.84 8491.68
4206.82 9067.14
2420.88 1490.01
1131.25 9401.47
9292.03 4163.58
7768.28 6577.06
2119.77 2168.05
258.15 8648.06
7762.45 6051.88
7538.55 1375.08
5856.42 8096.01
5049.41 1361.92
4322.56 824
4492.36 4681.65
6740.2 6216.12
2195.02 2334.05
9871.32 6401.84
1401.19 2292.2
7891.86 2532.44
1693.67 2347.41
1859.54 4625.48
4087.99 3979.31
1957.05 9509.66
7790.9 9719.5
5561.55 5329.45
6258.11 1417.97
8588.98 1307.52
2779.89 2911.54
7295.04 2435.77
7593.19 4035.25
3815.41 9788.21
6369.3 3686.73
1353.57 2934.01
5978.94 9245.43
5466.45 2836.13
6756.36 7325.99
7461.61 844.36
6468.83 9418.67
354.02 4259.73
4301.69 5915.57
4752.7 559.8
2497.06 3341.68
7030.84 440.47
6253.22 4325.89
2876.24 9009.93
3524.66 1855.17
3961.66 5057.48
5541.91 5315.23
7991.49 6684.37
9724.19 8621.46
9520.5 6480.55
1110.97 6982.12
7324.91 2743.32
1564.31 2842.46
7003.05 5866
3921.55 1755.75
1589.33 6418.62
260.95 8620.17
6859.09 1677.69
8109.58 4898.86
687.62 6797.76
6754.03 4649.28
1855.24 7459.46
5128.04 5010.25
4143.83 4852.23
8795.23 3664.34
1332.78 5069.73
5809.98 3821.22
7813.05 2537.81
6663.68 4816.11
8403.81 585.23
1735.38 9993.14
2167.37 1996.34
3776.84 4189.99
3674.03 1886.42
4252.37 9525.18
3847.71 1006.4
9337.98 866.47
3629.39 4466.02
5876.73 7773.22
9318.25 9835.48
6601.08 5814.56
4905.21 7574.58
9635.78 2718.27
112.39 1462.98
2697.9 3679.73
7211.73 4433.28
8836.39 9379.11
6429.62 7776.75
8732.62 5267.18
4826.7 2984.99
4792.36 8674.41
9154.91 4130.34
9540.88 2784.3
3759.89 581.13
5721.05 3078.14
416.62 2322.13
4056.22 485.35
5060.24 8855.52
3203.62 336.15
318.5 5901.52
4015.88 7530.24
334.81 8015.8
2072.87 1927.95
5792.55 805.49
7195.13 619.25
8954 7151.01
9293.66 8108.91
1281.36 3998.07
6056.74 204.77
4579.2 6941.31
8446.43 159.34
4426.96 2502.66
644.7 9487.2
1358.18 3848.32
9823.36 1676.69
4913.37 9002.76
4370.45 411.7
7018.56 1606.84
7503.17 7974.64
7575.85 4698.31
8593.89 6529.85
7012.84 3051.08
9802.28 3457.72
7049.15 1022.54
3662.49 1628.35
7963.85 2108.93
1787.7 2390.82
4611.59 7595.92
1878.02 1133.29
1444.24 6864.9
7973.5 1521.13
5867.67 7507.47
1932.83 8049.75
9114.31 9436.01
6024.39 6690.16
9297.84 9781.81
3220.01 1474.2
2832.89 8185.82
4931.93 9882.04
9208.36 8594.42
6673.91 7172.22
5866.87 8461.61
4726.56 5641.98
6057.53 1768.1
6775.28 2665.3
8633.01 9912.3
9349.95 9664.2
7419.78 6446.31
2877.47 6534.09
5882.32 4065.39
3224.26 343.68
3847.2 1607.79
6981.4 6680.09
4957.13 1913.33
6562.13 4165.5
5671.28 8399.56
6501.24 6701.67
2024.7 1227.8
2343.66 3245.75
8159.42 9118.94
1074.57 1955.95
4194.76 424.53
1620.15 1614.54
6870.84 9661.15
8148.64 7916.68
3726.54 6536.42
8260.36 7573.74
8144.21 5241.76
4253.83 3101.35
2318.62 5979.48
2430.37 3153.42
9542.56 8931.61
9855.09 1567.26
5322.93 2198.75
4813.02 3482.35
6481.21 5887.59
5438.31 675.98
6312.12 2221.98
2290.52 3182.96
7046.65 5602.68
1099.64 773.19
2139.1 4523.52
8346.93 5446.84
4928.81 7764.28
3711.71 2410.95
8907.28 6142.08
5564.37 8449.85
237.21 5419.46
17.11 723.66
2781.74 9993.65
9369.53 9262.95
5881.25 9971.36
5102.45 7356.89
2193.35 7392.98
5703.38 4403.52
2995.66 1966.54
5176.72 5134.77
6490.07 8687.17
5745.13 6582.4
1614.98 9456.84
4156.87 5685.78
5598.92 9721.24
4135.63 999.65
304.22 9316.27
1723.31 3085.96
9309.92 1092.84
7512.44 354.69
1064.21 2614.89
7711.59 8421.08
5171.39 3414.97
2824.6 8167.06
5381.51 3164.84
8465.35 7035.1
7015.54 4210.48
8781.02 8630.52
3667.32 2937.89
9479.82 4429.76
7822.65 3615.46
5429.41 3290.4
8095.25 7152.72
1539.88 2568.69
3409.08 9052.32
2923.39 4473.29
6830.74 5798.5
8057.89 2002.13
4376.99 882.5
169.19 4922.02
9210.86 3798.06
1957.13 6226.4
3172.06 5901.67
20.44 2002.9
4003.09 9500.27
6432.66 6989.26
8279.25 7025.59
279.66 6374.5
4178.31 6983.07
4106.71 2750.92
6035.39 2193.62
7224.21 2866.13
7992.12 5282.11
4868.27 7532.63
1328.13 200.98
2454.66 5702.51
3999.05 9575.31
1928.92 2334.63
5476.98 1949.36
4337.54 4643.59
6613.15 770.2
1632.86 4892.4
2959.32 7076.04
6430.42 7137.63
4059.11 537.14
5052.07 5258.03
2730.76 2276.29
8124.16 5886.41
2721.92 8155.95
3419.04 9213.57
8356.94 1037.22
4916.08 7519.51
612.53 2008.52
9854.14 1253.04
9121.41 9355.2
1060.15 5734.56
5288.93 2693.01
5790.49 8248.25
4932.58 2220.91
549.4 4155.21
7921.57 5601.48
9413.24 5815.86
7877.77 7537.41
6865.79 5763.21
856.88 5448.35
140.3 4377.34
6485.58 5056.38
1896.85 2261.63
7064.91 6914.52
3514.67 1349.84
1433.24 4574.83
7084.4 6722.17
2431.36 2874.89
4970.42 2527.46
259.33 5519.83
6682.68 8180.9
1121.31 6095.92
9160.28 4162.6
8796.85 6026.07
9925.81 9653.74
1474.43 66.11
4031.08 7960.01
286.01 1091.46
221.64 2514.44
3169.5 8899.84
3864.28 4602.74
8638.19 6112.21
1324.92 1069.55
4150.62 6295.34
8760.54 9573.47
1815.17 5443.22
7754.38 8100
1539.14 6914.66
2262.6 336
8104.26 7351.93
5153.26 9578.69
2581.56 4347.86
7538.7 2867.58
602.84 2923.86
545.54 3772.34
1823.7 9573.35
3538.61 461.89
849.08 27.05
6694.97 4999.7
6322.39 5455.51
9736.7 3301.09
6062.25 7491.08
1401.09 7601.39
9569.26 8827.22
3100.91 7673.52
6179.15 3417.69
7252.21 8760.72
7765.56 9954.43
6791.82 8368.4
2878.3 2500.88
7304.27 9865.52
2074.23 842.88
327.42 8086.83
869.93 2185.91
8250.06 2355.84
2804.94 7986.76
820.45 8867.19
5477.84 7385.07
1632.1 210.62
6212.29 9896.54
3047.67 7554.96
3314.23 5463.4
6315.68 6243.31
581.36 8271.02
9775.24 3459.66
771.91 7079.51
3325.18 8009.66
3085.91 8816.12
6096.5 9119.36
1002.03 4346.56
1475.2 8970.49
2333.32 7459.18
7837.68 2974.68
4844.25 4633.31
8348.82 6220.06
4529.85 1396.49
3775.02 7844.08
2023.42 5254.23
9250.92 2604.78
3525.25 9026.16
1227.96 9460.68
6105.67 4553.14
7470.35 4355.1
8532.79 8730.37
3474.46 4698.34
3076.93 4949.66
3668.84 573.77
7572.36 6670.04
3548.45 2416.61
1303.35 1897.27
3800.19 996.72
8457.29 2738.74
4004.33 5644.23
7992.97 3255.25
8249.01 6681.74
2281.41 4640.49
1305.95 3550.6
4357.15 8776.3
7905.7 2889.94
7506.67 1380.16
2751.81 5747.12
1493.34 6420.65
6320.89 9065.71
8254.21 5032.86
6645.84 4721.09
6930.13 446.04
5717.81 550.94
3184.78 9722.14
6195.17 6341.27
8140.91 9607.7
8186.53 5585.84
4248.19 9492.48
9136.44 8605.35
8268.78 2205.66
6658.81 938.97
8749.34 9410.62
1849.61 242.69
5831.27 8170.5
4471.92 9249.01
3203.36 1117.76
3970.1 5297.02
6727.32 4851.43
1011.48 5075.62
9737.1 7206.66
1416.89 7878.01
1977.88 9603.43
8627.38 1389.6
9095.91 2927.34
9994.95 2528.22
5133.01 6653.76
8630.71 3882.35
6064.39 480.33
9288.56 7059.18
3814.35 3760.48
1471.71 2181.24
4878.25 5441.81
7478.26 6769.09
5456.77 8489.74
1844.72 5193.87
859.92 3261.61
8235.4 8001.33
8028.56 6862.78
9390.93 2288
9790.13 9385.88
9979.74 86.66
1203.16 8610.45
3969.01 2431.07
4254.3 3257.58
9490.26 8068.66
2181.58 961.97
249.9 7059.83
1567.31 2891.68
3828.93 2187.6
1381.42 837.17
7381.47 7404.87
4098.78 780.39
5406.2 7290.87
2806.7 4797.13
4742.39 7760.35
9346.53 4722.13
7847.01 549.69
8496.1 6979.54
2980.77 2750.41
5400.64 7634.55
5982.59 7582.23
3760.04 6232.49
9805.58 490.87
4287.69 8798.03
2678.47 832.63
9635.2 5223.46
8237.5 8897.51
6003.86 8807.22
1351.9 3974.08
3604.35 6094.29
1734.43 2950.88
816.42 4744.96
8664.1 9312.52
1724.5 6808.39
7226.45 7125.15
4442.94 3209.04
9870.9 8202.98
4605.05 9676.48
8693.86 8892.74
3638.04 6535.85
9725.38 3273.24
1759.32 7962.88
7334.27 2926.7
6770.11 8686.17
6900.78 5537.98
4780.46 8635.21
3652.39 5596.88
3380.17 7480.01
72.93 268.19
4288.4 7299.38
2556.86 8731.34
508.43 2427.76
2097.84 5113.48
7267.77 5955.22
4006.23 905.81
2491.08 3731.61
9342.57 9413.92
6858.01 6676.85
2340.62 8791.64
5363.02 9241.4
9493.15 5307.01
3040.13 8309.06
903.89 1583.82
5789.07 6140.34
1852.01 77.47
3439.73 4408.88
3972.33 9111.68
2000.16 1233.69
4225.16 4431.45
2352.44 3394.91
500.78 7.04
2290.04 9843.36
9420.96 4311.58
1683.73 6925.1
3103.22 2210.27
6166.5 7759.89
7517.28 4370.15
6068.95 3584.7
5953.97 7021.54
9725.04 2969.5
2262.53 3164.77
2541.9 6234.86
2276.45 4542.07
2632.08 1665.14
4137.04 4984.52
5060.05 4637.83
4991.56 7350.1
9644.71 9576.04
6825.2 1328.44
6501.14 9928.42
3538.71 7831.16
2851.84 6219.52
7364.83 4084.31
9804.22 3318.8
1105.86 9529.26
1451.82 3368.39
7857.56 3993.73
4766.78 134.01
3699.32 7398.86
6962.67 7836.36
7546.9 2022.73
7637.71 7701.98
4536.35 7282.42
7278.02 1361.55
3774.38 8942.68
6453.49 2476.62
1937.36 4468.85
8696.14 9302.19
8553.17 8500.36
7784.51 9659.03
8029.62 9236.33
3027.42 1050.7
3230.06 2957.72
1184.72 2092.9
356.58 3310.91
9929.27 3067
5333.64 2730.5
768.98 5033.51
5176.45 3210.52
1558.58 8950.83
2153.2 3175.6
1427.45 9254.08
7644.45 123.59
8556.27 1361.14
3787.47 1504.3
1020.17 6980.62
740.64 9211.12
8031.32 9134.22
2168.84 4379.56
6390.65 7688.95
7690.48 1483.44
755.95 8187.64
4213.94 1524.94
3221.16 9390.39
4735.46 9943.26
8341.23 2052.19
8282.38 4932.2
1306.27 1090.36
219.32 5026.07
2451.5 4006.79
6530.37 8635.2
6150.93 2434.53
7846.32 4182.26
6732.28 5178.68
8561.82 3122.93
2867.63 6252.3
4606.37 8787.11
4439.95 3983.83
5475.57 2824.63
3374.23 5374.55
7931.41 6878.98
7426.74 6213.8
1811.18 3896.54
2467.68 2030.5
4086.13 4919.18
1200.82 5780.02
3554.38 7351.75
8214.56 6564.22
1534.01 110.36
1742.91 5259.36
8396.81 9774.06
1511.66 3003.18
3724.69 1115.13
6987.01 9200.26
9103.28 5524.76
4574.82 2198.22
2403.74 7165.08
3575.54 4214.93
6225.14 6043.22
1408.95 311.27
962.4 2609.77
6091.3 9680.31
5125.05 9469.38
6244.53 1822.58
4743.26 3150.96
7081.94 3140.07
2925.03 3757.13
6143.25 6649.72
35.78 8293.78
1013.51 4302.59
3818.55 5588.33
6500.81 1385.81
7916.93 76.35
5600.74 4142.08
1283.09 2173.22
9616.87 7409.01
9946.51 5708.17
7089.32 5071.56
341.07 3333.86
6894.15 5084.33
6484.82 9139.61
8224.4 4573.37
8060.26 9531.17
6386.62 8096.05
2988.48 7400.13
2398.64 1970.55
8151.98 4062.97
3356.36 6068.91
9302.84 4120.63
5374.51 585.93
6293.85 4991.39
7994.94 6240.36
5863.08 5084.27
6475.45 6204.16
3581.65 8533.12
6452.01 5229.99
7672.73 4676.42
9803.37 5733
9371.11 6189.99
8992.57 2359.59
3590.12 1391.21
4330.14 6905.62
617.7 2850.03
8138.05 9920.54
6970.66 3512.57
5669.99 3264.51
8503.96 3664.93
4668.39 9530.56
3912.72 1143.84
5734.72 2657.89
4840.48 7350.26
7887.89 2513.22
2026.68 7691.26
3409.74 6561.31
9044.77 7565.83
8920.91 7798.41
8957.04 8414.57
4704.03 4738.26
1264.6 2842.08
4658.8 8235.26
1518.17 328.79
6663.29 5185.65
9157.24 6495.21
4716.22 8233.49
7639.05 5614.46
891.38 7643.06
2964.72 3942.79
156.28 154.92
6797.57 8729.54
6716.24 5842.34
6295.37 5637.15
8804.27 415.93
9215.24 3508.3
5154.19 479.85
1513.91 4976.51
3878.63 3032.08
468.82 5705.45
8217.74 4789.58
2200.66 2933.96
3023.07 5003.23
3711.94 9077.98
2646.29 6676.67
3020.77 7966.09
6831.59 9818.35
1859.15 3547.83
824.21 8154.52
4348.5 9628.49
3733.97 3563.75
8300.31 4051.68
9207.12 9814.22
4191.71 3085.75
8009.83 4660.53
3954.72 6227.57
9450.12 6155.38
4325.05 7636.71
6322.14 3200.51
6714.69 8968.43
9877.18 9735.47
2098.05 1872.3
4717.34 3957.2
5420.13 5541.55
7275.25 4932.16
5170.04 6172.74
8495.91 8633.88
224.43 7703.03
8448.1 9579.66
5952.3 1621.45
4240.2 9907.03
3012.54 8853.84
1225.93 7337.59
1654.07 7548.07
5701.63 8368.77
1680.03 5578.81
3267.76 3778.08
7451.11 7985.1
2898.8 8034.77
8690.17 174.05
2966.93 9023.74
6346.8 6626.36
7657.62 1734.75
4329.39 1269.24
1314.41 5445.21
2890.7 718.13
5352.24 5903.24
4735.49 1741.7
8404.36 6389.57
4453.29 4105.99
4758.34 1296.84
9684.8 3189.62
5074.92 2299.44
6338.24 3137.25
5497.73 5028.41
3311.3 8464.66
4052.15 4821.62
5091.02 6873.29
6556.37 4583.93
8142.54 7870.79
29.14 1033.24
8588.92 544.91
2100 3324.42
7450.13 504.36
4877.51 1903.42
4610.35 9635.85
3200.27 9458.68
7988.99 3438.71
6921.64 4327.23
6575.96 2419.37
9355.64 5050.79
6047.55 8571.32
9872.41 1138.57
5444.61 6428.79
886.02 3587.15
9463.1 915.16
9783.91 3215.54
6623.59 1883.92
1703.48 4073.72
2388.28 6580.99
1140.67 2162.16
1380.36 4340.94
6784.36 9369.35
2943.17 3706
3696.58 4682.66
6125.37 3052.23
9733.45 2172.92
6787.07 4769.38
8475.01 2231.68
6361.69 4524.55
982.36 5824.79
603.23 766.27
4203.86 7226.83
7813.71 5907.34
6464.07 5365.52
7651.86 7604.74
7527.68 9032.22
1945.68 9475.56
3565.1 52.38
3181.56 7261.68
4735.04 4470.45
5477.43 4468.49
1806.89 2264.5
4401.39 5445.42
9659.71 763.09
9969.97 642.07
1751.4 573.2
1408.34 5955.26
2963.55 4385.58
7026.13 9427.63
9751.1 4677.99
7032.37 2442.3
8873.73 4141.58
1917.86 2438.83
4193.96 262.94
4864.04 8929
4733.39 341.47
8561.01 1703.8
7769.5 2962.4
7149.22 7429.21
8889.01 2282.71
8071.28 640.42
2855.91 4643.14
1759.2 5819.47
9028.72 8785.33
5247.1 3943.34
8626.84 7442.99
6385.64 7500.58
1584.57 3467.02
5102.93 5778.53
3729.96 9966.97
9871.05 3626.87
5471.97 8432.06
494.19 3241.47
6557.99 2806.93
5834.2 5447
5089.64 3905.48
1250.94 7945.56
3712.14 3010.15
8928.55 2740.87
1795.48 9339.17
6684.21 5585.85
6782.16 8233.38
8249.95 8366.74
6863.92 3352.88
9308.79 5757.41
8483.38 9179.85
9384.28 3955.35
2775.43 5042
2360.34 9333.42
7848.93 8194.54
9943.95 2938.58
7263.54 1194.89
6047.66 975.68
4205.04 139.73
3716.55 1164.05
9478.9 5564.29
6749.9 1424.58
8961.19 4999.85
4954.84 5825.11
8352.73 4263.64
1582.52 1999.63
8607.01 6130.33
1118.5 1382.44
6335.85 3478.84
5879.39 4184.78
6836.9 5823.34
2286.88 4100.44
7018.23 8334.54
239.65 1223.28
8474.27 9119.72
2387.33 3116.69
9847.53 9137.23
9704.8 8808.72
9300.6 4659.64
9797.36 2816.85
4086.8 6543.4
4816.49 7857.33
7837.25 5934.99
9239.78 4173.1
4577.36 5119.17
3521.41 6577.78
942.51 5808.29
5841.75 3124.26
9306.36 6081.4
4347.54 7780.63
5201.12 1898.39
6060.85 5048.66
6199.14 5765.65
9020.9 5499.74
5588.81 3981.78
8316.6 4839.14
5688.71 8296.61
2696.47 3525.96
9395.12 7099.77
2862.59 9136
7382.46 1547.52
5713.79 3488.49
7355.81 1555.54
6612.76 6662.17
2800.46 6123.82
9606.33 3165.1
8022.22 830.7
3377.28 9384.88
1759.87 7561.71
48.15 7348.68
1543.49 3528.27
7351.34 7232.2
1824.88 47.82
5921.69 6383.52
7147.59 3947.8
5519.53 4530.06
5495.32 6396.84
8018.55 2851.13
3115.9 4631.31
4676.83 5916.36
5918.66 9446.68
9081.46 9104.4
5440.9 7622.27
8489.28 7200.77
5183.98 3700.95
9712.97 6727.47
7229.22 7064.32
9123.2 4217.62
7112.14 5044.89
601.15 9423.25
8992.69 1284.2
3953.31 4488.01
7681.04 7135.39
2502.66 796.94
6930.22 2343.01
6713.3 2848.88
6953.21 958.28
7116.8 2394.11
8580.55 5606.09
4758.4 3764.53
9307.04 4471.38
5655.53 1699.79
1535.7 4778.73
5917.41 3811.36
4987.14 1682.08
3234.61 9143.35
2966.28 2351.45
3631.36 647.32
9486.84 1297.54
6607.78 1580.58
8804.08 3321.08
9592.99 920.81
9442.89 6709.79
3314.93 3186.96
2315.88 8073.33
6951.5 6786.45
7708.23 7770.55
3649.76 9243.93
7712.8 9567.17
3055.29 2699.94
6412.78 1453.43
1843.29 9379.06
3804.88 638.17
5189.91 8455.24
7099.23 1797.69
35.82 5903.31
282.3 9628.81
6824.13 4888.71
6338.61 5302.58
8075.67 3818.01
8539.43 190.69
5767.98 6247.67
7961.24 9417.74
655.12 5674.04
4148.44 8873.94
3537.5 5724.74
327.37 5380.79
267.32 4132.25
1182.48 5457.23
2587.49 8281.72
2418.45 7786.83
9348.55 7864.27
2579.17 1336.2
2752.98 4081.3
6638.78 5992.17
3062.83 341.74
6182.87 8830.82
1752.93 9307.63
3412.08 7571.57
145.2 2724.04
6445.51 3682.7
8448.78 6772.88
4227.02 8716.11
6068.65 5409.5
9336.86 3819.66
3691.22 6918.83
6770.02 3039.78
9946.62 9349.19
4375.98 2699.6
3430.49 6178.29
3855.3 6493.32
6520.03 38.17
487.66 3436.48
9345.8 3899.75
1008.05 9491
1787.31 2617.09
3173.71 236.1
4553.49 7400.73
4115.73 622.15
7973.75 8616.11
9605.33 1664.98
5534.95 6375.35
4704.76 5481.57
5724.54 4244.26
3344.7 4318.55
422.55 7200
5975.4 2106.1
2401.69 6463.06
5542.58 1747.49
5526.33 1714.16
6402.02 7313.65
4331.25 4739.25
2713.27 8884.74
7303.5 1992.52
4670.41 5277.25
608.63 4275.75
6942.23 1307.1
5814.62 6810.51
6788.68 1539.17
1054.78 5296.9
1021.24 1477.33
7660.42 6996.64
8746.96 62.11
8623.23 9453.06
6973.12 9313.08
1167.22 3375.14
1790.25 661.99
8114.39 4503.52
9546.74 581.41
1659.56 9380.67
5858.67 2268.2
8819.94 7964.42
3575.3 4634.57
4774.94 5527.5
1337.26 993.24
5987.92 2358.5
7634.09 3648.34
4518.67 6381.05
3710.45 3141.9
5834.12 683.58
2454.98 7001.34
9222.24 4245.24
7663.34 2500.16
3912.28 2373.6
3081.57 5571.85
6917.79 4103.76
3003.57 5737.74
2068.19 1742.39
372.31 2006.65
7269.9 1709.57
2999.89 3257.82
9231.59 633.98
2069.69 3750.26
7015.04 5780.14
2055.68 2849.16
1627.24 9674.19
5014.02 6013.01
9082.95 7840.88
8513.17 8158.75
5378 6758.26
8894.12 2295.8
862.03 1897.69
3197.06 2930.22
3640.09 3569.37
100.39 909.99
442.46 3100.28
9331.33 9674.05
3734.26 1401.02
8587.84 5912.82
2344.69 5807.04
3925.5 9135.45
644.75 8939.53
5148.46 9727.7
1943.93 8825.15
7886.46 7321.94
5583.42 1944.1
4781.26 6445.45
3841.8 7978.32
4539.19 7481.89
6711.21 4639.58
3555.4 7153.67
2903.38 8050.25
1991.24 1801.16
4614.8 5742.6
7713.99 2123.01
6713.17 1639.49
1258.46 7357.92
5742.54 1570.45
7085.63 7686.48
5559.12 135.61
5008.42 1142.54
2079.71 9789.68
2751.51 1085.03
2931.52 2454.22
3730.44 9642.73
2257.32 2449.36
1959.92 5160.7
499.62 3951.16
6961.87 277.94
4857.29 4675.86
2400.95 1570.46
1478.87 8822.93
8928.38 7221.42
393.38 1177.53
71.42 5952.51
6476.66 5079.84
2258.57 8556.38
33.04 173.61
4804.93 2964.56
2627.83 8535.38
7770.81 4885.16
984.74 9730.73
5209.38 6647.88
8845.41 2171.25
6925.82 3702.7
2010.63 9326.77
5273.16 3489.51
8149.71 9365.07
5874.45 3706.61
542.6 5945.87
4822.64 7019.27
6189.23 7081.22
739.17 6222.27
7254.83 5544.1
4350.35 5046.18
9243 7284.68
5094.86 227.75
7015.41 304.25
6875.63 5860.82
2475.5 3801.46
4727.05 9649.66
8291.75 0.21
8302.69 6441.46
4528.8 4177.14
5311.6 5071.41
5286.53 134.24
7254.2 6639.28
2378.98 7993.37
8025.07 4797.33
8700.99 2375.42
9843.52 7944
9660.1 4938.38
3335.27 1839.03
5242.63 210.9
7699.85 2881.66
9175.88 2426.9
2531.32 7467.64
7590.64 834.01
9072.62 2119.44
174.67 4384.22
2354.37 624.72
4518.47 4772.09
7264 2060.97
7928.98 5289.07
6858.31 6629.98
2828.01 6701.83
9737.5 2488.11
6803.73 3072.77
9490.66 7209.89
8447.19 7190.51
91.55 7623.08
4780.94 7786.39
254.24 7535.1
3783.92 9326.86
4818.06 9122.11
8874.61 2335.96
9746.83 8556.6
7108.05 7010.83
617.57 5037.04
2299.9 7475.88
1667.02 5127.91
9341.23 6568.04
2779.54 6144.97
4804.33 2270.2
8518.38 3251.52
4624.23 3773.45
6038.12 4568.69
1559.84 6292.36
2103.79 507.28
782.75 2085.38
9629.39 4820.88
4421.34 9376.22
8541 1529.39
6387.05 9158.57
6566.43 3850.47
1797.98 3396.97
4141.9 1139.21
9965.01 6921.44
2447.7 9932.86
4355.16 966.08
3184.39 8979.39
4739.53 9222.51
8711.61 1462.89
678.4 5978.92
1970.17 6624.67
8064.3 1599.56
6609.07 2485.64
6139.3 5150.07
4015.04 7689.87
4308.64 581.47
1540.34 1270.14
9141.97 5682.24
7572.88 4270.5
7767.2 20.58
4203.37 2122.36
6150.19 7387.76
6265.28 6053.24
1773.79 140.41
2679.66 7615.71
6119.33 9813.35
9403.9 4183.64
6576.44 6012.97
6669.28 2715.74
1163.04 684.32
405.62 635.21
6429.32 7109.48
7068.87 5571.29
7955.25 4641.75
5005.31 5722.45
9825.86 9208.68
3008.34 1139.57
1759.96 4437.14
7192.81 3533.76
4577.55 5035.99
6312.99 696.88
4849.35 880.42
4880.52 1425.79
6893.39 6713.33
9305.05 3219.96
2561.17 9710.67
9018.69 8990.49
6820.16 6087.56
9725.3 4775.41
5892.84 9894.14
5661.38 5718.7
9102.82 8669.72
6858.27 862.79
8270.38 9214.6
9560.07 2847.93
4250.6 1036.58
8708.34 9099.95
1917 8752.38
5689.26 8810.4
5465.71 4994.31
7193.88 8026.89
9868.51 1376.09
2180.9 1852.19
7463.65 7069.73
1791.12 8520.01
6963.87 7452.5
4238.71 1230.21
1285.75 6260.5
2093 9556.13
5475.11 6816.59
7567.59 4889.23
7853.18 6275.93
9152.7 9770.18
191.83 4841.96
3744.1 5657.55
4999.79 937.98
8847.96 4868.3
2314.07 6192.38
6720.49 4941.25
8425.63 8511.61
3461.26 553.02
5964.12 2863.5
1783.24 2413.39
9124 9039.76
1969.52 9762.63
5856.36 4700.63
9815.38 3709.54
6140.08 8968.08
3479.72 6331.92
8973.56 2387.35
1989.47 3973.36
3325.33 6000.95
8841.66 802.93
2193.33 5562.16
907.7 5782.49
4073.77 9532.48
6335.51 5201.41
7559.5 3282.27
7614.8 1847.03
2322.04 4747.85
6773.18 8178.4
9448.48 6588.57
7051.46 5588.57
5556.65 531.18
1920.49 4530.22
2918.53 9073.48
8503.58 1407.39
5074.43 7345.24
7373.84 2431.28
8070.92 3445.06
8213.77 2144.7
2977.54 9712.81
2509.63 5700.57
2995.08 124.44
7547.6 5317.12
35.81 4320.78
8659.04 9484.29
909.35 5710.5
236.38 1629.53
1405.21 7320.39
6159.75 9487.26
6393.87 9826.85
894.65 6631.82
2335.61 3432.01
4226.63 406.54
6877.07 7603.92
7714.76 5018.14
7316.73 224.39
718.71 5475.34
5512.35 3429.83
5955.98 5548.16
7750.61 4615.03
195.98 3823.49
325.53 5595.88
5453.02 1730.74
2916.28 1612.77
1218.01 4473.67
6603.14 7276.18
1105.5 8938.75
5871.72 495.65
4508.81 2748.79
8099.57 2223.57
2930.45 579.83
7611.49 3649.16
6055.17 8287.36
7078.99 2011.15
8999.05 9993.13
1789.7 9195.03
3816.62 2115.24
9954.43 9269.64
9009.5 2870.71
6045.93 5391.03
7344.39 2649.07
7830.74 3613.41
6751.34 3702.46
9272.58 1260.16
6451.25 7372.15
8647.25 9381.71
7951.98 6258.74
8194.39 9170.67
4546.11 436.91
6345.35 3545.16
430.04 8135.05
7903.71 4246.66
250.29 7858.14
8679.82 4423.32
5892.38 4725.75
4977.87 8400.29
2538.34 2808.61
2013.7 9289.68
6511.07 6449.8
549.84 8125.85
3821.95 9197.1
2671.08 6937.46
619.36 865.47
6108.13 5165.47
6465.9 2453.48
3874.15 6895.94
588.54 6941.38
6306.12 6002.35
4799.53 4985.94
5589.19 691.91
4875.21 567.07
9092.2 7413.55
3375.68 6269.42
1866.76 9886.76
2719.22 2416.6
3176.13 1704.69
6777.22 5847.21
8642.15 7396.59
6712.68 9913.81
7725.58 8342.11
7530.81 6763.26
5238.05 8119.35
3704.64 6707.7
9285.23 3667.69
6857.16 4874.42
9523.12 6895.9
605.01 8615.32
9472.97 3980.7
48.26 1339.73
9030.98 7931
8919.86 2207.11
9635.7 5697.08
8054.32 3441.37
8257.19 9930.52
3355.18 1146.3
3436.15 886
3073.08 3837.73
4168.87 1941.24
545.43 8617.62
5608.94 2566.11
8655.57 5132.06
9462.01 9260.58
8910.91 8934.99
8404.8 4122.69
274.72 7435.78
2053.7 9194.58
4806.41 6852.92
55.19 8024.25
294.29 3475.9
3118.3 8813
9785.72 6554.45
9699 2858.8
392.18 9031.39
9963.57 937.61
7649.02 5572.51
8667.25 6304.59
5868.09 8129.26
5565.17 4779
2227.77 3969.98
8901.7 2502.5
6569.28 6118.92
6860.6 1375.7
2971.84 2079.31
4563.47 8429.65
5555.22 7681.77
7242.65 504.46
4236.23 2105.17
8526.79 9791.93
1136.57 8490.36
5893.07 8785.59
4062.87 4560.32
253.7 9930.96
2689.58 5818.87
9873.49 80.88
4952.37 3938.71
2583.38 1521.66
57.63 4607.5
8060.88 8192.99
6686.82 2624.35
6622.64 7405.56
5469.65 9028.82
7910.02 4869.4
1133.99 6436.81
4661.33 2270.56
4927.17 554.4
6219.67 4153.56
278.24 6473.37
9248.05 8131.35
7455.77 9121.54
8212.23 2408.14
3060.25 795.61
9093.32 8281.4
566.63 7154.2
6474.39 7253.45
4942.08 8260.55
9822.53 5575.25
7289.37 7732.56
444.65 8423.37
9332.89 269.5
5857.45 4260.07
5987.43 2077.13
3577.15 6265.67
3714.02 2825.2
4397.02 1169.79
1946.74 2609.25
3577.94 170.51
8568.38 2671.26
3615.43 9135.02
4988.99 5253.34
1551.99 5094.59
3513.9 1374.53
5833.36 5966.79
9107.09 1441.53
9553.68 3603.5
1711.03 5411.14
7863.57 2861.98
2651.79 1440.73
9127.66 6365.81
9429.45 3524.68
7535.61 1376.2
1297.46 6277.07
6710.23 9865.84
4111.85 325.67
9000.86 4264.36
5579.01 5716.38
4522.47 9092.91
7090.91 355.83
223.23 1361.52
6960.88 9776.91
4965.02 8671.92
5188.05 7992.12
1533.9 7839.84
4596.37 5825.08
9369.18 4025.82
9349.77 6904.79
5402.02 5810.75
8345.38 2112.26
5676.59 2457.23
7601.45 9840.98
1885.12 3180.46
5557.36 6407.59
7436.9 2648.27
1926.95 7660.13
9173.31 8887.83
7437.04 4138.33
2723.27 7788.62
2130.45 4257.18
5628.46 6726.82
5245.78 161.16
752.65 9759.07
2229.47 1318.19
5569.82 574.85
8593.97 1246.42
8195.61 6195.42
6250.92 80.73
4539.41 1808.28
1651.84 1976.31
9620.07 3578.79
4799.96 8793.38
2466.63 2237
2931.71 353.42
25.62 225.69
9774.12 817.61
6952.51 5019.91
978.77 2868.68
4778.98 3208.25
4186.88 348.81
8946.62 7944.37
1595.23 7142.23
9303.32 7846.15
2386.48 3842.73
4817.95 4038.33
982.56 9601.54
2780.64 5782.52
8394.92 410.79
8019.52 6490.15
764.22 3208.67
1879.36 538.34
9189.8 3995.4
5558.25 5332.09
6864.08 337.24
3703.86 6214.48
5849.57 2650.49
9322.38 2608.32
4956.24 8625.7
5617.99 2506.25
2468.43 435.94
6544.58 3450.99
37.48 4488.74
9233.51 3595.92
4899.54 2416.55
5249.59 5663.76
788.74 7128.96
1365.62 5142.06
1124.36 6923.88
474.16 3151.96
2424.64 4178.02
4529.97 8274.21
1992.03 3852.35
882.53 2111.8
2478.05 6500.52
4618.05 110
2099.98 6326.15
3560.99 7300.98
814.89 7958.02
6060.42 5714.43
5538.09 1310.01
6541.71 6326.84
3602.49 7907.34
1468.9 9890.37
9994.74 7106.58
8205.86 7582.9
6448.13 2735.83
5857.11 8440.16
1751.7 1903.16
5715.48 9393.27
3567.2 333.53
9503.27 830.7
6659.68 8227.78
8131.68 2638.1
6185.8 9355.62
3516.05 1723.89
665.63 57.77
3214.25 9431.65
3128.63 9846.68
9322.02 3123.37
6953.26 2691.4
706.27 3401.39
5427.23 1726.9
7005.08 7178.93
8793.58 2720.56
6572.2 7524.3
8217.62 1238.99
8355 40.82
9466.77 1650.2
2678.92 816.09
1005.82 6194.98
7703.51 6834.97
1416.27 917.76
1430.14 4544.9
5927.96 5915.69
2831.79 2881.23
8607.09 3538.06
1446.14 4034.33
428.48 3614.74
6376.78 4385.58
6335.31 8112.51
1909.88 9716.45
9351.5 5428.4
9757.27 3981.8
7078.6 2436.2
4797.89 3247.94
8631.18 2501.4
5246.43 47.45
8582.69 1840.1
9755.87 4510.65
7755.79 2587.66
2555.4 6362.88
1289.24 9165.07
5560.73 1717.72
2779.81 7101.04
6103.3 4278.64
377.07 3176.7
3995.09 4892.09
8605.1 3752.37
8873.89 847.22
1352.09 8835.31
9258.68 9983.27
1336.71 9668.63
5194.24 5082.92
1508.73 113.63
9593.58 4428.04
2701.29 7312.5
5954.45 3990.53
6477.57 1515.18
871.77 9257.39
3779.74 2138.59
8699.55 4156.81
5315.29 2694.65
4212.43 9083.91
1610.54 3086.32
5094.65 2962.63
7085.15 4353.33
8109.42 8421.87
9185.48 3303.66
8668.31 694.22
8580.81 8261.89
285.78 1282.1
737.92 6240.23
436.15 7215.49
2918.94 6471.44
1636.4 6698.68
8610.03 335.96
6019.02 9088.84
3030.61 231.45
3336.27 4641.15
3317.77 8430.92
7603.78 402.93
7947.77 5713.2
3988.32 7133.25
4180.38 2656.63
2990.99 7924.71
6082.05 3276.78
9206.81 6819.97
4680.53 4806.48
9198.98 7599.47
6441.44 835.39
4298.16 214.99
1171.35 5480.7
9303.83 9365.48
5712.15 7803.62
9170.15 4193.44
1398.06 1937.45
9759.89 9345.83
2814.17 3748.21
1642.6 2158.07
1568.37 9797.12
82.78 2813.94
8237.42 4453.11
4797.43 2917.95
4423.11 9159.93
517.43 864.55
9995.32 9979.11
1079.54 6330.19
5459.81 5546.89
859.19 1171.96
3350.51 29.34
528.92 4748.57
7130.31 288.82
9257.92 9944.48
9200.55 900.52
2102.55 5932.44
697.64 7348.85
8746.38 8935.06
1801.96 8707.33
7016.54 1388.59
7867.27 2697.49
2253.14 3026.11
2676.6 3332.68
9356.31 3299.93
4043.09 5379.02
9635.41 7393.6
5408.37 164.33
7305.69 7702.2
453.15 1727.13
7646.69 9653.71
7791.18 4912.76
5586.15 3652.34
7425.14 9496.06
7750.93 4390.62
3366.91 4767.47
5779.22 1234.18
7464.96 8032.36
4260.3 141.56
6528.57 8780.13
8605.01 571.66
4159.15 8240.42
3128.79 4731.04
8404.75 434.48
2433.25 8857.91
7325.14 5243.46
3675.14 5116.32
5319.74 4424.81
8768.66 2744.88
3920.87 6519.59
7135.51 7287.79
1287.06 2914.73
3685.49 8752.02
947.09 3109.31
4057.1 2639.18
1889.44 7825.63
3210.85 1212.12
6066.05 6339.64
1106.68 4470.81
1937.64 3539.93
8492.24 9262.78
3946.91 7330.9
4379.1 9266.66
1755.71 8311.29
2011.54 840.11
4830.88 9147.05
8127.9 6117.95
7225.3 6976.91
33.49 3335.92
86.23 9254.12
5975.1 7139.19
7079.75 9185.95
8351.31 8309.33
689.11 4621.52
7943.66 2626.76
8161.45 1599.42
7053.06 2108.37
8930.32 1432.17
6538.55 686.03
9743.46 8550.09
1526.14 9737.86
2860.67 4817.56
1019.33 85.97
1794.48 6216.35
3421.89 7044.23
633.99 9397
4183.42 2877.26
3746.47 7698.26
1186.59 4435.59
2319.78 9130.25
2225.87 5644.75
729.67 9278.93
2916.64 9659.99
5874.62 9455.19
5509.55 781.6
8005.29 2199.21
519.47 6029.48
2180.3 1538.8
6115.45 9138.3
2918.67 4700.87
6182.53 3552.66
9261.39 5529.47
6429.93 8171.38
8391.25 7616.52
2606.97 5874.55
1910.3 4832.84
1519.31 2639.97
9275.3 9599.47
7463.49 5149.92
9054.67 8136.56
5931.53 2223.48
335.77 1614.52
8252.96 7679.59
3153.32 9531.93
6817.89 1235.52
4232.8 8163.94
4788.18 8657.71
3693.42 1218.11
6829.1 7248.19
8834.64 4599.59
3122.75 744.94
9432.44 4642.06
8548.43 3871.26
9405.05 1175.44
9021.18 8459.72
9312 116.23
5846.72 4811.3
1730.75 4099.68
2490.89 47.6
8795.14 4472.31
1283.12 8191.46
2636.25 6071.3
6849.18 1493.19
7289.42 3678.28
8741.39 1287.58
8277.87 7027.66
7196.04 2873.83
1669.72 5744.47
1908.61 6238.29
2083.44 929.8
4698.02 1395.44
6209.55 544.74
1370.26 7940.31
9807.95 9024.68
7987.91 8603.09
3496.99 4434.55
6794.55 1296.76
5669.37 8807.25
7953.48 2958.79
7649.05 6694.87
9409.89 1090.45
3722.53 6605.93
3964.28 555.77
7513.93 5872.9
6794.06 9597.37
1966.22 6655.6
6156.33 8175.77
2363.87 7526.6
1279.6 2171.82
1714.8 4431.03
5938.43 375.31
8865.58 7896.5
1672.07 4534.96
6703.76 4789.07
2657.27 4352.81
6647.46 2067.17
5443.26 5533.51
3836.62 4571.07
6089.28 1350.55
5607.49 8046.87
6111.44 2737.23
9865.99 7431.3
6076.52 7393.38
121.42 7356.13
4728.72 1836.22
1787.16 667.15
2211.53 5816.27
3727.18 9047.12
351.23 430.94
3836.2 8172.02
9947.27 483.66
239.19 554.06
6017.18 9239.34
288.65 7269.98
5753.41 1059.66
480.37 1864.86
8960.41 5509.89
4459.68 5036.93
2903.27 4581.1
2393.06 7632
6417.32 9343.75
3462.67 3792.37
5160.02 7189.85
8003.01 674.77
2784.31 7002.73
8846.79 2731.59
2649.92 4249.51
8449.17 3830.62
3488.85 3901.34
1100.6 9242.26
4961 6744.5
6270.64 3921.41
7417.91 730.32
4121.86 321.18
5311.42 1678.45
3116.7 6892.26
1022.2 6579.38
5848.15 1345.74
3769.23 3851.17
2020.51 6553.55
853.9 6030.82
4448.66 8667.34
280.33 8061.35
2497.96 3769.18
1962.69 8762.09
8174.97 2087.21
670.11 4445.61
1172.14 8088.02
339.46 5294
8409.2 814.4
2135.97 1525.91
7706.67 8321.69
8105.29 8718.34
9667.43 7038.04
2569.51 6851.46
3591.59 8586.94
8045.81 3203.77
2417.8 8326.14
1265.12 4915.77
7258.85 8391.33
3677.86 597.34
478.54 4347.97
206.47 6814.2
2435.99 545.93
7271.73 6008.71
6523.86 9407.7
2698.14 9394.05
2892.92 5966.95
8112.39 2560.35
3005 5845.43
4575.34 1760.11
9595.89 2621.15
4963.89 2013.69
6110.81 1392.53
6929.46 8533.18
9783.87 5770.84
9130.52 5425.93
5282.33 9337
2240.14 2881.84
5046.45 4675.39
8890.56 1570.31
9246.61 6752.22
964.36 2139.53
2719.18 9076.76
9863.41 5724.18
85.71 4438.75
2647.81 9681.6
2223.42 7611.7
1695.29 3497.75
4167.76 3788.28
2030.94 3951.63
4722.64 6324.98
4541.08 4.98
5661.98 1944.74
2886.82 5871.96
6620.13 1777.38
7442.27 5866.75
8529.61 3570.16
8006.28 6412.31
7810.44 7869.69
7300.01 7896.15
7471.96 9947.82
7577.75 4858.9
2723.05 4436.56
8356.66 6890.81
3388.36 5551.12
6005.96 8111.01
1876.1 547.04
8115.99 7538.09
2491.79 1002.81
8573.57 4275.44
7943.72 6015.84
142.19 1636.85
4749.52 3312
8049.16 2559.96
6345.21 512.69
456.11 8980.7
460.51 3197.38
3839.6 8347.08
2797.47 7359.78
5237.89 6185.83
2910.9 1243.85
4296.84 4787.01
6954.42 7576.35
7488.62 4609.73
3742.69 6062.19
8885.17 1686.41
7241.55 4190.89
8486.78 1991.08
7502.89 1699.46
9714.56 9011.62
2212.15 170.68
7992.32 7836.18
8531.58 6995.45
6183.27 1329.05
9518.75 6584.68
7514.89 2429.66
2992.06 6975.25
2380.19 9946.48
9715.13 5032.33
4556.21 3457.82
6258.04 8604.9
307.75 3499.59
2795.79 3958.05
654.19 5462.2
5657.51 368.76
4473.83 3033.18
5702.96 7629.67
6032.88 4234.54
9788.64 2216.15
727.12 9307.4
8800.84 3405.53
6900.58 1792.9
380.78 9280.77
6902.9 5259.43
4313.1 6622.63
8717.25 571.14
5227.53 9025
9234.25 3186.85
2983.05 5051.97
8649.05 3804.08
584.25 8286.4
2000.78 6287.21
5916.08 8033.67
5685.27 868.24
249.82 6412.39
175.64 4214.18
4981.44 7076.22
1170.6 525.75
1520.51 8073.5
5785.18 5833.61
9859.65 4502.44
1568.27 5087.19
8690.96 802.53
8274.04 6837.54
5854.5 2086.61
641.62 6438.75
373.02 7805.93
7889.48 1452.62
5839.6 8738.27
2320.86 6089.42
314.19 7660.03
303.61 5295.63
9899.77 1474.21
5821.38 1420.29
4711.24 1606.57
2417.42 4570.89
1272.53 3985.7
4821.6 5127.01
4788.23 3095.64
1964.55 5806.25
5182.26 7769.7
7408.52 718.8
5575.63 461.52
2171.42 1415.23
9199.79 9655.8
2668.17 9513.98
7315.83 8135.3
4809.62 7215.61
4773.04 5794.52
3799.42 9484.28
2564.61 6216.84
9218.69 3837.14
202.54 4040.3
4127.68 154.29
2299.46 6092.23
1124.06 2645.24
9025.45 3696.1
3364.04 9764.6
4157.62 698.98
6343.35 3357.42
354.79 9011.53
2871.4 7670.62
2310.35 2844.54
49.75 7083.39
8639.07 3849.17
1731.19 1203.68
5229.54 949.89
204.35 595.6
153.71 4332.03
749.9 7616.69
5587.78 7037.48
261.94 4613.24
733.59 8789.5
9541.36 4891.21
4652.01 5884.72
3412.15 5006.8
59.77 6283.56
7840.94 2370.12
4291.62 3054.22
9453.52 8094.21
2066.91 1184.71
9297.9 7296.45
7298.12 4665.77
7892.06 2615.35
8997.8 3805.48
232.05 4585.58
842.96 5657.51
4362.34 1576.55
9610.53 9067.23
1631.29 4262.54
4951.95 5043.44
9269.34 5011.72
6490.52 2273.81
7381.84 782.15
5328.03 1998.88
8876.36 7394.94
8347.12 3337.78
4691.4 5645.24
8003.55 7746.98
3424.12 2164.87
1552.46 3656.17
6750.46 2395.42
9313.68 6276.32
3971.98 8924.21
507.07 766.79
8350.28 5459.02
5810.23 7619.62
5634.26 2300.76
5056.95 8179.63
8246.43 384.98
178.51 7122.79
7779.93 3689.15
460.58 7634.85
4497.92 3627.65
5381.83 7922.04
5792.53 6934.29
1578.21 7706.51
4493.23 6055.41
9146.35 3628.73
143.14 9653.43
4395.52 8493.42
5112.45 205.76
1276.57 5910.24
7670.04 6333.52
4089.87 5916.47
1882.03 9431.9
3039.26 4825.48
8284.58 8663.36
7623.85 2782.5
2291.02 3005.68
704.54 3247.07
5103.49 7446.27
953.58 9596.72
8665.2 99.93
3225.46 8808.34
9753.36 7620.98
2465.29 29.34
2990.26 8905.38
1103.1 660.3
5238.9 5192.97
1740.29 2284.45
9788.39 9943.08
7109.93 8072.97
8606.44 4733.78
6018.99 6060.98
2902.98 6723.53
4471.57 3169.99
9333.32 5425.15
2766.72 7998.52
688.61 1155.7
1970.39 441.97
3940.2 4435.68
5634.83 2093.99
3341.06 6737.93
7917.81 3743.48
7094.42 9658.11
1191.46 2046.34
9601.19 8301.39
5282.83 3371.15
8198.7 1301.83
4595.66 6265.2
3188.88 9067.23
9435.2 2522.21
9655.91 7365.44
5684.25 344.52
3684.66 7654.64
5950.01 7624.86
7253.84 1584.85
4882.37 5758.42
3486.3 2800.19
4665.43 5744.25
2458.3 5856.89
7790.59 7223.01
9321.8 3073.42
594.16 7520.5
9538.77 353.34
8949.23 2727.66
9420.58 3547.95
413.39 9076.49
913.39 6097.64
4584.53 9761.57
8915.81 534.54
7386.43 6169.65
7282.91 2268.81
1928.08 5932.74
232.52 6593.51
1676.99 2690.82
2450.4 9467.58
9913.83 6935.72
7704.52 5671.51
9619.75 2406.82
6024.86 8568.98
5134.48 608.96
2116.93 711.39
4848.97 8193.84
6809.03 9433.5
3118.93 5724.84
5131.56 505.36
7058.02 2414.48
7937.69 4149.62
8347.22 3333.73
5906.65 5187.73
6024.55 3520.57
9818.83 1101.9
456.29 2686.87
6773.42 76.04
5093.69 7961.8
8645.02 228.17
8570.76 5925.47
6103.08 8583.25
9282.83 2912.12
8016.75 2401.76
3800.48 3148.31
8070.65 858.5
726.31 1171.86
171.64 4237.05
4505.6 6078.29
9424.78 5693.67
9598.86 4407.13
6795.58 55.16
7094.01 8732.52
131.2 2187.7
1857.84 3939.75
7579.4 5592.12
5028.74 3682.48
4175.37 9475.1
1758.12 2192.12
1876.86 5558.61
503.95 5111.03
1580.63 6393.79
6282.9 1752.28
5794.36 5952.02
2994.09 382.67
1645.69 2592.96
4789.8 3604.79
7811.64 1883.81
7500.83 3106.36
9235.04 4522.19
2209.63 6814.44
114.31 7238.38
5660.44 4289.68
6713.48 7418.57
1645.32 3753.86
8140.7 7312.8
8864.9 9721.33
3706.59 311.32
6637.13 9500.95
6263.34 4794.75
5047.14 3072.55
2551.23 9836.95
1840.87 362.87
6884.28 9341.7
3469.23 6119.32
3863.9 5678.87
8097.28 9141.73
8080.77 3757.73
3431.42 4794.25
6339.82 5076.74
8548.11 4480.52
7553.06 7413.01
9365.37 1259.65
2887.85 1166.03
5924.13 9151.19
5960.78 971.27
2223.75 8512.01
5971.74 4064.62
4038.4 2856.03
8569.84 2671.15
8975.35 7597.26
8350.02 2236.16
6739 6430.79
1157.41 5333.94
6388.56 7497.23
410.68 100.2
7141.27 7963.75
2676.73 6506.64
4386.92 5564.59
2836.19 5474.57
4715.78 3960.49
6445.85 2103.05
2472.5 7581.11
1331.19 1674.42
437.14 5064.56
4345.58 4576.02
2661.82 2695.6
6812.18 4564.34
4289.92 7969.59
9898.28 5842
630.34 5472.49
5942.2 7771.61
8599.76 8618.94
9441.77 2986.68
9347.05 2277.97
3624.78 9226.35
6238.46 5234.15
1329.41 3874.49
2815.26 7824.12
5548.91 3252.41
2888.68 9894.49
7828.43 5550.51
7753.62 9804.13
5278.37 7207.06
2937.24 5176.66
3049.06 3567.58
649.15 4154.79
6502.71 4412.43
7937.25 5944.48
7399.11 7284.3
8222.45 6187.41
6510.65 9624.44
1421.56 7840.06
3498.93 4236.83
5664.19 4211.36
7489.24 3716.39
4105.86 481.19
4430.42 1859.48
5448.84 9708.8
9066.54 8386.08
48.98 7279.12
7117.18 698.13
1433.91 3619.89
5110.56 9371.16
9564.37 7673.19
6655.46 2950.35
9024.13 8329.64
2574.79 445.69
1333.22 1237.24
4682.52 2160.93
5448.6 7335.28
5877.33 4717.98
7816.47 307.75
1740.98 8428.83
16.55 5971.04
6814.91 65.53
3250.17 3932.09
5927.18 9847.6
7551.98 6201.26
9218.77 2279.88
9037.98 1037.75
393.75 8062.11
9367.39 8132.06
3671.32 700.62
9369.3 8353.85
2861.55 9981.42
5689.13 3902.4
4699.41 8669.13
4210.16 1603.91
7097.96 9390.23
7574.96 9076.4
4619.29 825.13
8172.01 5709.99
672.73 887.52
7074.78 5055.02
3167.4 1276.28
1256.3 3561.15
9338.39 623.69
6856.73 3009.71
6487.83 6226.03
6527.08 4512.91
1370.97 7379.74
8415.31 1233.9
6048.87 7788.99
2837.82 8310.35
2342.75 412.78
2550.27 6962.04
6401.43 722.29
7835.55 2237.68
1609.81 4910.33
7292.71 9940.73
6186.61 8549.01
8665.4 688.52
4336.22 5522.13
8861.76 5987.58
6911.68 5388.84
500.49 8282.65
2768.58 4079.32
9516.56 3980.97
1868.32 2354.38
7454.85 4211.07
2767.16 5168.64
6336.63 4332.11
5890.93 4172.18
6569.79 2664.26
9082.52 9026.02
7768.51 432.65
7575.03 6433.91
1121.18 7074.78
7119.56 9982.94
3062.36 4031.24
535.3 8726.37
2313.9 3303.89
2805.69 6993.98
2448.38 9837.53
9348.36 5066.75
9212.12 7279.04
235.4 712.27
1611.15 6126.33
4884.46 3344.46
3954.12 9130.5
2370.49 1722.63
9563.15 5109.04
8156.55 5847.85
7347.34 5276.11
994.31 409.7
4470.88 1529.62
4299.59 1948.3
4833.51 2268.81
8942.28 2445.41
2106.34 3454.16
7512.17 6481.99
5896.72 7747.57
7194.26 2671.39
9037.42 7242.24
6015.85 2991.54
6372.74 8386.34
4714.18 1099.42
8658.91 8034.25
2110.79 6006.25
8473.88 3105.11
1579.48 2944.76
4634.73 5879.07
4893.06 4631.76
8147.88 8998.86
7077.17 5417.75
2453.02 9752.86
1899.74 8349.74
7500.43 4257.52
1021.13 1701.38
1499.77 2200.51
4692.92 3036.03
586.85 4570.62
4135.45 4409.28
2604.87 1409.77
415.54 1078.76
4514.88 1995.02
9187.04 9149.61
7874.09 9243.63
8944.89 1185.5
8242.49 6022.06
6603.25 695.52
938.45 3666.51
9045.26 3602.4
7924.03 5229.92
5303.78 9423.8
7430.43 9996.71
7623.36 3180.8
4567.33 6922.33
7590.09 2335.73
8332.1 8005.63
8578.01 2846.98
5164.17 7765.05
7160.11 3038.26
7008.68 6105
4223.76 5251.18
7290.59 5990.53
1110.22 8229.04
9657.04 5319
1831.44 7581.08
548.92 7135.23
2168.4 3142.87
2295.46 9791.76
1487.2 2026.31
6714.1 9077.29
4362.04 209.72
2246.44 2940.05
3056.71 7410.61
5868.63 216.82
5612.39 8040.83
1485.35 4999.68
3292.01 8775.94
990.21 9565.75
2168.5 5810.78
4884.76 3999.94
8555.38 597.2
6298.69 5887.3
3740.08 3757.67
842.59 5227.28
5783.99 2720.21
9468.09 5309.55
2929.93 6878.05
3413.13 5986.64
9452.18 9281.76
1366.99 5064.57
2486.11 2852.34
5227.77 941.65
6791.8 1381.51
507.4 8960.3
7192.29 5392.16
8123.76 911.19
5989.37 9585.98
6798.49 4892.97
3343.65 7641.08
5283.77 4291.16
361.29 4751.86
4764.24 8454.75
1629.91 8177.37
4441.39 1082.09
2622.65 971.9
1310.18 5108.76
8987.76 1701.48
1213.93 5779.56
3082.99 1721.34
9903.38 5438.8
2277.02 3190.67
6349.99 3429.91
2776.65 8312
8322.88 1283.82
5953.09 3606.65
738.51 1477.9
3522.03 5502.75
9932.65 315.46
8843.64 9537.57
6561.07 1466.29
5672.99 3034.78
1738.57 4660.76
4736.26 2952.51
5603.84 7819.25
9837.37 5507.23
8421.57 2114.39
3861.42 9935.08
5544.31 6638.07
8247.08 9030.71
3085.41 9363.69
7800.89 3823.92
6005.12 6486.44
4490.19 5937.77
6801.91 3333.83
638.86 3362.98
9963.64 6311.86
6397.76 1702.22
6136.14 6297.54
9818.25 1739.98
4116.79 9655.62
2410.73 7701.88
6933.53 6272.15
7636.96 7641.36
8073.74 5884.05
6672.08 1159.16
5247.74 9636.49
146.6 1252.86
6122.93 4636.8
2354.16 2924.84
3134.15 8156.54
1451.35 3097.8
4468.4 3012.63
9963.54 604.54
9310.18 4945.31
7508.05 8590.49
9764.45 9918.78
6292.38 6697.98
1354.46 3929.34
4339.35 9428.2
9813.39 6174.95
5750.88 224.66
5811.44 5897.49
6641.04 7097.89
5697.81 8995.2
22.74 8831.96
7151.75 6637.61
7093.28 6783.67
9650.24 7056.82
2551.74 4123.94
2002.13 59.79
2714.44 1766.58
5142.09 9006.82
3628.09 6496.55
2936.16 3130.96
1088.28 7913.08
9305.91 6839.16
8137.74 280.87
7900.17 4778.78
7378.76 3597.98
8937.51 2565.02
7593.47 6089.26
4366.15 4686.75
8036.45 9179.92
6907.1 588.19
3303.86 8909.23
5811.5 6018.3
5839.34 953.6
5025.12 9467.43
2613.67 3124.81
2598.39 8865.47
1037.89 7067.82
868.16 9175.63
2512.21 8768.33
9117.93 5054.49
7529.84 8055.44
2783.04 5123.31
9308.22 7149.19
4973.58 7344.68
6329.11 1880.68
3096.39 9632.98
5953.44 8907.9
5651.28 6956.3
5025.02 5839.93
6423.73 2802.21
8964.74 4185.64
1667.69 2.63
6416.98 2535.85
4341.78 8929.19
6467.7 3459.71
9147.2 3997.54
1515.16 1930.24
4284.37 5986.9
9079.44 9257.96
3331.58 5408.55
6302.16 1591.5
205.05 2255.6
499.4 1019.86
9211.9 687.94
6859.79 799.15
3490.15 988.05
148.31 321.36
6154.2 1728.81
8020.73 495.98
658 9651.96
9119.21 4968.73
3649.5 5797.89
6898.97 3097.4
1784.8 5978.41
2355.36 279.9
6550.49 8657.52
1871.4 1919.06
6076.65 2370.8
2938.92 452.07
8222.26 9798.71
6414.75 6875.94
786.76 6563.06
2360.82 6940.96
8291.88 381.56
2600.46 4113.4
5197.04 1719.68
9082.13 8846.54
7517.57 1144.63
1943.94 9302.37
2286.56 9462.82
4745.8 8837.05
3283.87 6617.2
756.12 4524.04
4151.53 3695.04
4976.11 2373.79
8657.28 1390.86
9249.73 4607.56
3117.45 1610.56
1548.53 6572.85
7155.64 4148.99
5849.77 2352.68
1032.19 95.43
6362.74 3713.29
1240.06 3470.21
8179.18 3526.62
2933.03 2924.98
7527.2 1380.42
9542.19 3446.84
5904.46 3693.72
2305.4 6044.1
6067.51 962.68
7434.96 480.77
5570.25 5715.93
2091.33 2282.3
2288.78 4410.49
1594.81 3302.08
6763.17 7790.53
3397.51 8289.43
1503.82 4637.57
1759.64 9683
8164.19 9856.2
2607.99 854.91
1236.62 2150.18
4301.75 7141.09
5843.9 6607.16
8348.71 7074.93
2733.36 5783.67
7555.7 3467.13
6663.13 4810.55
912.95 4115.43
4384.56 2507.77
7417.51 6311.25
298.3 815.02
4600.69 6965.64
616.11 6360.33
6648.64 3943.83
1380.05 9256.63
4798.74 2616.68
6570.33 9100.5
4921.29 7577.75
871.18 3270
4652.69 8768.06
4217.19 7371.91
2235.2 6043.84
7345.99 3148.15
159.28 1730.55
819.44 2740.31
8041.81 6281.26
3555.34 7806.02
3246.9 9334.97
9329.87 9895.55
3278.8 709.93
4315.7 8077.55
3326.61 886.04
2341.57 3411.42
8463.79 3212.75
1844.94 8280
7144.33 6062.13
815.44 9379.53
2105.98 8161.43
7691.21 7428.78
5055.5 8510.65
169.09 8260.83
4791.92 8887.95
6066.85 8038.82
8222.93 5396.73
3097.89 1501.73
1270.18 7413.6
9579.28 9760.31
8299.64 7084.37
3171.73 1926.95
5460.64 5016.67
206.96 2604.98
6242.32 1022.4
1984.51 3511.82
4347.35 4839.24
6104.12 9402.85
3349.9 6273.22
2827.21 3305.34
5161.17 4057.58
6507.68 8547.62
4617.83 9605.58
49.36 5888.01
2182.7 4792.16
5648.32 5645.86
7040.06 3983.57
7572.81 2500.7
4163.76 7779.77
5105.68 5569.61
3965.69 2253.72
9081.43 3476.56
7092.96 5185.56
8042.94 5606.38
6622.3 870.15
8911.72 6946.99
4927.73 5419.41
5494.62 9545.57
188.51 707.5
5433.58 7534.73
663.18 6245.43
3180.59 7703.24
229 753.4
203.95 4392.77
3696.7 473.15
5125.9 2825.91
2726.87 4207.33
6302.48 9819.84
4556.41 4345.42
589.74 6342.23
5215.57 9501.47
3289.23 143.3
84.4 3947.37
4852.39 5436.43
4654.87 5449.5
2971.16 481.57
1694.93 6151.75
8184.82 7087.45
2068.67 3552.29
6643.74 5765.37
4025.44 1769.64
8591.29 1915.84
5976.98 4893.77
6899.2 5696.91
4402.71 7488.94
2039.15 9618.28
6990.41 5328.38
4925.1 2238.33
4439.27 9777.5
7674.76 4257.66
5227 5809.44
4739.23 2085.45
7124.71 8087.57
9172.9 9193.39
1639.86 5816.65
122.28 828.83
7586.29 3877.09
2744.67 8726.79
3934.38 9643.87
4423.71 8337.09
7132.81 1626.38
7955.37 9286.75
2118.28 8044
1525.08 6557.55
2985.02 4363.37
815.21 3375.54
172.81 717.96
5460.99 7297.53
8805.54 4633.89
1654.44 5608.92
5614.06 1776.72
6437.75 3200.36
5653.82 4345.94
1927.15 9588.2
9153.33 1514.38
3088.82 6286.15
3140.76 1044.19
736.42 5259.04
4251.71 7425.02
6980.11 7236.73
1788.39 7795.32
612.27 7124.73
8513.29 6073.26
4422.26 2482.35
5870.68 1240.22
8091.27 1484.74
3016.94 9692.55
4685.1 3834.28
4038.49 1775.78
8586.01 3191.83
8453.68 1674.83
4641.5 1594.45
7882.54 541.44
2017.01 2134.26
7966.46 4160.65
9370.99 4918.38
7119.49 9983.27
2043.11 5632.78
1220.05 1628.89
3278.65 7090.73
2869.11 1369.93
8575.48 1049.57
6226 8424.1
4883.86 264.49
5363.4 3469.87
8619.84 3817.09
308.22 3261.34
575.06 8190.76
3802.78 7755.59
325.02 6932.77
1916.24 4859.54
1851.15 9035.74
6.33 9057.78
9832.04 1226.38
686.67 3110.7
3480.64 8719.3
9644.15 7219.64
9768.87 5870.15
5643.74 9816.25
1298.16 6170.67
8449.64 9918.01
9987.76 8757.86
8342.87 562.82
2112.15 7309.18
3481.93 7600.69
4241.95 5398.18
2460.23 1256.62
9597.44 7630.08
314.4 9429.48
8856.47 6164.59
7703.7 7500.63
4883.89 2511.37
4720.27 4652.76
8381.52 364.01
9632.54 4843.21
6534.68 8082.18
4761.22 1685.96
6840.05 8267.61
7412.3 4115.72
5576.79 894.24
1716.41 9818.74
1455.94 9340.17
6238.88 1053.38
6970.25 6553.28
5646.38 5826.72
2717.87 3350.09
3327.35 2765.28
5861.46 3211.14
7418.05 9406.51
8738.68 2214.11
9413.24 5273.36
296.29 4174.46
2122.85 2299.86
2442.07 9535.15
6415.58 3182.39
429.39 8132
8164.65 7048.85
7472.17 4403.54
8102.23 9605.94
6120.34 3748.62
5432.67 4001.74
2262.23 3923.54
6767.02 3287.21
7134.69 9348.59
7857.24 5873.37
1562.7 7270.48
6310.25 1859
6608.46 3596.62
9322.38 4214.06
3131.78 5737.97
7396.45 8724.69
9033.49 5561.1
5773.55 1669.18
5128.16 9039.3
1275.12 1248.51
7951.44 1871.31
5250.25 213.67
958.38 2017.27
3500.89 3256.59
1365.87 6521.65
4293.48 8092.09
3792.14 5767.25
9951.09 5564.12
9363.88 9273.48
9778.18 2495.66
174.97 7174.63
6383.87 4371.98
7899.26 7320.94
6041.16 3027.42
6360.25 7316.28
4275.93 4311.69
4351.12 4689.7
9688.89 5309.5
6706.98 8353.3
3729.61 3236.37
4874.95 8023.09
6491.98 3830.61
3790.34 6443.08
9394.74 3154.22
880.08 9172.92
813.4 6218.57
1511.08 2360.8
590.55 4573.86
9681.74 6631.71
7601.28 1205.51
9111.51 7040.74
680.73 8626.15
1730.44 369.62
3935.65 3600.94
8722.92 7665.26
2000.83 8761.39
851.87 8492.82
2592.01 4642.22
99.42 7150.27
2959.96 979.5
1486.71 3773.37
2361.59 8161.31
6134.17 2952.14
2735.17 979.43
4747.37 336.46
7348.47 9022.4
7377.2 8029.2
7648.56 4271.16
8398.82 6747.73
7872.11 2285.26
9576.52 9872.94
6210.17 428.39
8365.76 3965.7
234.13 8465.18
1115.97 3194.1
4608.2 7766.21
2130.99 2133.31
5927.52 3428.68
5085.45 8662.7
4408.11 9832.82
8999.16 1756.58
4018.75 1539.88
9785.78 1667.31
5811.04 3348.12
8415.04 3683.15
796.9 7991.56
8719.62 2170.6
3583.48 2248.9
6136.3 3817.61
5877.61 2415.8
7011.71 5649.33
182.01 9142.7
7782.65 6109.53
2571.38 2868.1
4772.23 2143.02
7864.45 8934.91
3899.6 1883.2
5638.31 8848.91
8714.03 1449.36
7360.55 7129.07
296.03 3320.98
284.16 4179.17
5491.58 3867.64
6428.08 6791.4
2848.77 2305.69
9207.2 9860.49
7955.02 9389.21
4166.71 901.19
662.27 1901.62
3769.3 598.02
4044.64 6797.27
9532.94 3107.76
3843.99 5171.25
7120.19 2558.02
1784.13 4480.75
4850.61 7243.69
2965.25 5134.77
1422.86 8456.83
4165.93 7850.94
5248.23 7014.71
5320.15 9618.96
2038.72 8438.7
9008.17 1368.95
9339.89 4833.96
3270.57 8272.71
5431.99 7315.21
5069.98 128.45
422.98 4077.49
463.22 7543.17
6635.51 2247.36
7187.44 1486.13
4654.57 5316.21
1784.42 6077.43
3773.04 5950.36
9091.9 4184.8
8128.59 9575.57
8967.28 5330.83
8014.27 3138.97
6699.78 2517.69
7972.94 9970.36
790.4 3404.93
2449.09 1023.91
8696.9 2872.07
5101.4 9160.12
5578.77 1736.92
6571 7929.73
8386.57 1225.57
3245.95 170.99
7303.01 2182.51
1284.87 1558.43
1530.83 4576.98
1134 498.11
9907.81 4311.8
3637.09 6607.6
6829.49 1610.03
1741.48 7619.89
178.48 4190.57
3807.32 4038.9
7062.65 8908.73
3199.02 7804.94
5809.17 4933.55
898.19 4195.74
6159.12 9307.66
9530.25 8625.65
1490.18 5978.65
5347.6 8184.53
555.63 6481.61
8682.65 463.45
793.41 7483.26
7071.05 7622.9
4256.81 3976.05
406.31 9598.81
8166.62 4213.64
3637.71 5229.27
8285.89 2000.25
8197.73 4095.06
6933.8 4259.45
3454.32 3092.93
3567.11 8148.09
6882.1 220.81
4126.74 2229.71
8405.35 4682.38
3874.84 2251.52
5145.83 4668.25
4898.3 7380.4
7454.67 9155.11
1356.45 7860.98
8753.92 9523.07
7238.14 7555.15
9915.87 5524.03
9555.4 3277.12
4782.61 6489.21
7536.57 8236.93
4745.66 6267.21
1548.55 6791.28
6488.02 5675.29
9020.99 56.89
357.67 2895.83
7471.93 667.02
2727.6 2370.23
3210.94 182.27
6688.86 9730.91
3206.78 606.3
9253.99 444.92
8161.45 4333.38
1132.48 7716.86
2774.02 5915.09
9369.59 5474.12
9315.55 4115.25
1741.33 864.1
906.53 3392.87
1702.91 5091.05
8613.29 2060.59
3150.4 6085.22
7891.13 5878.01
3618.98 1102.08
1223.8 307.84
832.99 4430.58
914.15 5250.5
39.03 4239.12
4747.4 1171.51
1955.98 7521.43
2250.12 6489.09
8159.07 6729.19
604.34 5063.92
7593.29 6674.4
8456.79 4459.73
6928.97 2233.6
6520.32 79.37
3482.35 9574.97
1120.9 7101.33
677.05 2344.71
2572.69 6673.57
6775.29 8650.36
1924.07 6814.32
8053.01 1835
3149.35 5172.51
4519.95 5399.48
1661.61 2679.02
7292.19 7429.47
7742.94 49.01
9267.39 1363.25
4508.74 6196.36
3596.86 1029.06
1439.26 2242.73
5767.55 2560.16
4507.58 6444.61
68.39 2243.79
3118.18 6843.69
894.16 205.77
8821.53 4110.69
7204.29 7134.41
9283.2 1724.24
2533.89 944.81
4403.26 9826.08
8374.29 7309.72
5038.61 7641.68
3836.5 9547.35
9001.57 2596.88
5739.93 440.83
4839.61 1507.49
8164.51 9347.19
7952.1 8232.91
1590.98 6233.8
240.12 7648.66
1603.09 9061.65
1759.35 8807.39
6196.06 1042.56
531.63 3893.47
7150.89 98.42
8883.08 688.7
7408.14 3921.69
8330.39 6408.16
3469.05 2495.48
9005.04 4372.5
8099.83 3844.65
5879.99 6264.34
8355.36 3832.09
4497.25 5109.87
5229.41 4737.37
7922.05 6832.51
8962.55 9681.41
5639.9 322.13
5887.49 1335.05
9379.13 8201.9
1433.47 3425.73
8890.61 4005.14
2510.94 2384.52
413.3 1143.51
4880 4581.87
5516.02 2979.83
3590.04 1396.01
9244.17 1945.41
391.63 8904.95
7055.28 5621.04
8805.84 140.85
7617.07 2931.91
9822.26 3256.97
3254.05 873.27
9755.55 7796.7
9075.18 6352.54
1222.43 3129.31
5521.2 8896.89
5513.83 1098.03
40.41 393.83
5679.9 5556.43
8537.18 9269.94
6952.44 7781.35
6378.87 7344.07
1849.82 3434.15
8128.64 5819.19
3575.01 5745.71
8751.1 8560.79
4166.21 7168.67
4597.59 3921.76
4965.37 8836.29
5437.82 1351.32
1965.6 959.03
248.22 7479.43
2057.06 288.63
3036.78 7736.96
1008.58 1573.96
2170.42 7961.02
9355.31 8549.3
468.62 6368.66
7146.97 3760.78
2187.85 5885.5
9506.49 938.95
4446.3 3672.7
8107.63 4207.41
2757.98 8236.52
3043.7 8195.81
4751.37 172.82
4318.36 4999.59
7652.25 6375.42
451.74 689.03
9275.9 1460.32
2262.99 1446.32
4584.86 6781.82
9995.62 217
3150.48 7142.6
3977.78 501.85
3028.1 8647.8
1440.81 2637.92
2320.5 4711.96
2008.85 242.01
8112 216.07
3601.34 2863.37
388.89 7919.7
3026.48 8041.14
4295.12 8641.74
3893.69 8734.54
5265.58 6156.68
180.86 5013.97
8102.03 5340.01
5230.97 1252.51
2482.61 4372.28
1754.37 674.23
3020.08 8358.7
8475.68 504.1
8234.18 5648.05
746.11 1509.7
5864.13 9510.97
9536.6 6253.02
7430.67 2563.08
4294.17 6889.31
6368.35 8187.86
5623.85 1633.93
9508.07 968.24
6647.9 7610.1
6308.25 7042.4
4026.13 3954.38
6578.2 944.02
9792.13 9598.28
4466.24 3431.33
5265.9 2700.42
9079.39 1175.54
4210.13 4943.52
686.51 8910.25
1196.54 3280.71
1473.33 654.23
170.02 3005.2
8842.1 957.4
9802.66 3513.69
1925.64 1614.08
1123.79 3397.41
8656.48 5149.92
7351.79 5234.68
6093.95 7143.92
9996.48 560.19
575.26 5262.39
8424.14 4818.17
1601.45 7797.79
9761.69 2287.96
6708.04 6121.75
5568.67 3344.89
6775.99 902.22
6350.1 781.61
1859.62 1316.28
4295.3 8948.78
2930.36 5419.09
2346.19 1586.85
5732.53 9697.98
1985.05 6990
2005.42 7145.06
2713.72 7744.2
7570.97 6301.38
2562.37 9172.42
4099.17 7487.58
1460.38 5970.73
3609.34 2192.58
4479.14 385.33
8258.32 5992.76
1166.94 117.94
7309.04 5462.24
4230.24 239.41
6044.85 6576.43
6989.78 6940.9
1437.93 8974.83
3930.91 8606.87
1283.41 6644.63
6351.08 8854.38
2946.01 4076.97
8026.8 2208.7
1564.56 4650.71
8179.43 5173.9
2006.81 7822.09
722.75 265.13
3814.86 1889.69
5546.59 1123.9
2515.45 9776.83
1363.31 3723.82
1516.78 8353.09
664.72 2954.71
2491.45 9759.15
1561.58 3774.86
6403.78 3076.18
7792.77 4513.31
7153.16 5819.57
1885.53 3881.24
5633.8 5228.48
4218.66 2804.13
3050.58 4941.41
3069.26 6865.44
1994.62 3779.37
7989.34 4510.07
3556.2 4516.18
3397.41 5072.98
2869.27 4062.13
3191.21 5360.72
3821.29 9916.32
9135.59 5388.59
8156.02 6928.36
5065.43 472.7
7911.45 2114.48
4353.94 8708.78
7342.97 8572.6
6676.43 5557.07
3514.01 9745.7
2422.51 672.15
3525.07 5575.37
5182.22 2244.8
91.55 3743.15
2481.3 2960.83
2968.81 836.04
3485.07 6790.1
5915.88 7784.18
7342.21 4071.9
9876.06 7571.16
9708.13 2951.04
9685.65 4062.07
6823.34 2192.14
7798.2 3499.77
7749.21 6475.73
3245.47 5335.24
7147.89 1934.07
910.61 7493.63
9342.39 6165.69
1236.79 1823.69
4290.04 4205.6
7823.25 7775.11
6159.22 3739.13
722.82 8664.95
2974.56 598.88
6236.12 2682.69
3549.92 5921.77
6744.76 5536.78
8113.91 9706.48
9036.56 1026.64
6182.22 7445.55
6361.88 3330.11
4543.14 2436.01
5987.26 3885.53
8601.7 7224.05
872.75 2891.74
6593.17 8696
666.86 2752.39
7598.66 6553.2
1417.35 573.22
7152.08 2816.99
3255.91 5865.53
8738.76 5164.19
1402.31 2016.19
4870.68 438.87
8206.35 6216.42
3047.95 4568.23
4710.05 7591.09
7004.24 697.31
1476.63 5605.95
3084.89 2349.38
3661.21 9678.06
6208.9 9491.59
7593.98 3807.56
6044.79 4174.85
9544.3 3196.88
6991.84 2800.21
4225.93 894.12
3127.93 791.76
8073.83 3162.13
1230.64 6280.18
9378.55 9442.11
6011.93 4088.6
7033.2 3016.17
4785.91 3673.35
3785.64 7870.8
1186.25 7446.86
2712.39 7395.16
2101.97 306.37
6366.24 8146.77
9644.74 5910.55
6507.17 6636.58
3874.28 733.1
2694.22 2165.73
1524.86 768.05
5327.86 7919.02
2211.75 4706.41
7361.13 8223.68
8795.01 9557.86
1239.85 8744.45
3231.21 189.02
1778.77 4417.47
2799.4 4491.16
1812.63 4901.37
9961.05 3342.39
3048.14 9605.79
4416.46 9555.31
1405.89 8290.75
5451.93 4100.11
456.48 6976.8
31.68 5784.35
59.34 2243.43
5654.28 2584
467.11 9612.82
2141.86 6870.49
8357.27 5373.07
7059.51 136.04
9790.54 5022.43
9790.73 6766.69
9923.8 4915.3
109.09 8135.47
4521.1 4525.55
2854.3 1090.51
7979.82 8306.24
5190.63 3599.83
446.56 5222.31
4547.7 505.9
2629.27 201.98
3089.9 3096.38
9814.8 395.28
9966.87 3335.59
5768.36 2189.9
8635.16 5558.9
7212.33 8425.89
7489.12 2299.66
3341.19 7598.21
435.13 3025.81
7287.28 3289.43
9279.85 430.63
6759.19 9634
4030.46 7205.75
4856.31 3741.68
2875.18 2649.1
3943.66 5965.08
5745.49 8921.99
6360.37 875.88
2257.58 7292.25
8229.31 892.74
8014.67 605.16
4482.15 5503.79
2904.82 2986.87
8265.52 8503.47
1176.2 716.33
6956.43 456.05
1146.96 3715.62
90.05 340.94
921.38 109.89
9246.14 3796.56
2758.99 3189.8
4925.16 8504.48
7275.31 6449.05
4543.89 4696.42
8904.82 2773.2
5589.16 6919.5
3378.36 5234.84
7586.81 1446.71
8221.71 5852.34
9950.18 9397.91
1732.19 2070.13
9853.97 8042.67
5785.76 9944.02
3547.13 1870.66
53.91 2793.27
830.74 7976.43
1146.59 5755.9
1644.43 8421.91
7368.48 6188.32
3118.33 6273.3
4125.04 3871.01
8356.32 2666.93
9105.85 5943.14
4113.64 2491.08
6959 9227.34
1889 8691.19
1297.48 1742.97
1897.38 2246.76
6850.51 5444.51
4117.42 2067.95
8237.78 4948.16
44.38 4547.89
5867.58 1688.81
8133.32 8399.58
3040.66 6415.17
4672.89 7165.7
286.19 3029.21
9832.63 4555.56
4135.87 9109.79
7046.65 1094.87
8337.14 4099.17
4949.58 4798.14
1005.66 6846.96
7044.9 7856.17
7454.99 6325.84
5087.64 856.29
6437.52 295.54
5404.19 2305.1
7147.88 3537.51
704.69 188.54
9952.69 541.1
2517.76 5402.4
8733.83 2350.4
9957.96 8033.23
6623.71 2168.13
9128.1 124.37
6267.3 9241.21
4922.51 2436.48
1251.69 7130.93
292.66 8706.69
8620.29 543.82
9562.98 5057.81
839.37 4967.17
2526.44 7987.25
3668.21 8394.65
3339.31 3620.9
8935.75 5857.07
4186.82 2833.1
3370.99 9308.3
866.33 9994.71
6639.96 5157.96
119.08 2907.26
4399.17 205.12
507.27 5650.86
2499.57 799.93
9521.07 1119.87
6507.27 4247.58
6177.68 2510.16
9214.75 3867.64
497.41 8046.48
2262.29 9000.24
6830.9 1198.04
4857.32 1017.72
9194.67 3391.83
326.03 61
3386.54 6965.99
5218.96 8669.15
5036.77 4781.65
4037.79 5544.04
5596.04 6537.36
1507.49 5117.11
7657.23 3178.29
9364.69 8998.44
5688.45 3742.97
8029.6 1349.39
1789.45 291.9
349.63 3783.88
6653.46 370.47
4801.6 5848.13
3762.31 291.15
5909.14 2312.37
2420.66 6291.62
6145.04 2620.96
1073.28 182.83
3328.52 6669.32
1883.72 9999.54
6949.95 4704.47
3177.83 6314.65
3702.91 4029.8
5221.14 6896.04
5379.19 2174.11
7187.94 892.35
5957.99 3841.4
1262.82 5923.12
4853.06 5025.13
1377.79 762.2
2501.03 8961.98
2217.34 8646.07
1582.94 8454.14
3992.43 74.98
5123.46 5876.15
74.52 7236.94
580.62 8415.87
8715.11 9447.06
2445.68 3936.25
6343.1 2988.39
1273.88 3531.04
3880.74 7231.88
2535.96 5143.57
8318.52 7389.02
5332.22 9696.31
3314.74 2996.77
3821.81 5532.09
6806.37 568.27
9149.75 798.8
643.26 4273.22
1838.47 5881.3
6673.68 2419.09
9460.7 5388.79
7029.67 7069.9
4488.56 3372.77
58.29 5762.44
2067.33 9102.56
8157.84 9766.82
9409.65 6476.36
7155.84 9905.39
1336.2 5634.11
2902.17 5158.01
6329.72 9708.54
5726.29 5479.47
5670.86 1533.07
4916.21 7509.33
2577.89 1589.89
5091.94 2038.59
2142.2 2121.62
9108.49 6630.76
5494.39 4330.31
2393.21 2725.25
8596.39 5714.57
2492.07 8006.04
2190.94 4811.43
3074.95 8690.66
445.54 5977.12
9012.19 6775.26
849.18 9902
7418.26 1683.56
1435.07 2334.47
9192.89 9176.49
9087.89 4284.84
1215.08 1230.09
1569.98 5487.1
7860.86 7064.37
4980.93 5417.59
4953.14 3577.32
1132.16 7445.21
6746.88 8486.62
2256.65 9821.83
2340.8 7865.71
962.48 1353
9804.5 6975.18
1255 7222.76
8658.75 7853.6
9557.23 3015.16
7030.09 8645.12
2463.52 3408.69
5038.74 4033.5
4059.31 2899.6
6261.4 9040.24
3480.71 1214.54
7781.08 4612.87
8659.76 9691.48
8263.02 6079.93
4676.84 603.82
3945.64 5639.32
1956.82 3750.14
7778.02 8375.35
972.9 6436.77
1392.47 5693.66
4615.46 3586.08
9502.3 7078.98
6994.77 4541.04
6276.01 6217.61
2604.16 2537.41
421.37 6084.87
8915.47 8202.46
5861.27 2738.75
3057.46 4124.29
8818.68 2897.82
4728.11 7927.85
3700.66 1848.46
1677.99 1478.69
5387.33 7814.42
3078.98 6779.8
8671.6 7694.44
5529.4 8173.9
9936.95 2524.17
7878.47 6212.96
8741.78 482.63
3913.89 9163.16
6567.51 2829.36
2529.14 2428.78
5568.12 750.12
1716.59 4386.8
3647.95 1608.22
7478.17 7348.61
8620.2 9156.17
8827.3 4007.53
2134.11 7069.81
5950.85 5969.23
4764.25 1480.25
9306.65 4701.2
9167.95 7185.12
6077.68 3073.25
2831.28 9991.57
7399.93 4562.31
2820.94 9929.07
2154.61 3552.58
5842.72 3871.2
7939.38 4654.19
5479.42 5417.56
2002.8 4099.63
9737.25 5993.63
3270.68 7034.88
3063.44 9221.54
8167.63 2991.21
5865.31 7474.28
7692.42 5033.26
9822.93 8933.62
8106.52 2654.21
8925.2 5506.45
7216.52 6909.66
599.05 9371.13
462.24 1605.29
8405.85 8401.62
6259.48 3885.27
8982.7 3425.8
3148.42 3883.47
9419.43 1582.63
6081.87 7646.39
5967.69 4249.5
637.61 1833
1723.79 3493.55
2029.79 1546.72
2427.17 5299.83
9364.45 6515.89
5969.8 6580.97
3425.55 6568.85
1115.62 3887.79
3337.66 9521.47
7452.94 9597.14
8570.26 1599.16
8186.47 1718.69
646.16 2769.42
8464.84 6728.03
415.82 4432.53
6141.06 6216.95
6265.53 3028.37
4874.02 8295.32
9738.61 2464.71
8758.67 9103.06
8980.61 4728.48
847.55 7569.68
6460.85 7126.69
1457.48 9798.52
6648.16 4073.94
4559.18 5218.42
5673.1 2745.65
2100.63 1482.78
5515.08 565.47
3374.34 1094.42
4998 9515.4
2474.89 6427.06
7707.29 2512.43
9885.9 7445.9
4977.14 8644.58
1712.48 9121.27
3373.06 7723.55
6690.96 9833.91
4850.24 3311.96
4795.95 1498.4
2549.42 9355.14
1880.34 8222.52
2100.79 9144.5
4868.83 2779.39
9709.97 8243.17
9037.33 9871.5
7758.57 1512.22
1462.08 5465.86
4024.65 1347.98
8075.28 4165.32
5156.08 4951.28
3286.59 3692.66
2674.83 5141.07
8690.1 7525.07
3616.55 3486.05
4186.99 6165.97
2841.19 6067.33
9552.02 105.51
375.35 4420.85
8048.42 85.33
2664.02 7085.76
5120.35 422.59
8597.98 1745.95
1051.97 7786.16
3093.93 4290.77
1951.48 3413.54
9242.05 401.59
7106.2 1916.88
5542.67 5796.3
4605.47 4322.74
4445.88 8792.46
488.72 7287.07
23.31 40.74
2556.1 398.67
4461.59 604.53
5647.52 7125.61
2853.81 5931.39
2711.72 6615.31
7677.34 8927.21
4401.47 5934.79
8381.5 1516.47
9348.33 7623.55
7081.59 1618.06
4703.95 7787.78
2577.88 4472.94
2110.52 7023.76
3265.4 2599.24
9474.36 8452.23
2639.98 2030.46
8850.9 2265.09
7798.51 4498.42
9390.7 5815.84
5593.33 7265.94
2431.16 3270.67
6193.15 1996.15
9205.47 9738.17
8676.15 3717.32
7361.72 5757.74
5335.38 7229.19
3545.52 7913.27
1702.13 819.56
100.55 131.05
3418.81 9574.91
8583.29 1222.31
6768.9 2597.71
8650.93 9730.93
2259.66 3205.15
5546.78 7852.99
471.1 3141.46
1123.67 1827.77
301.13 5492.66
1565.95 8977.28
9209.98 4091.19
9898.54 4545.37
6483.91 8607.58
7622.16 3349.56
9427.15 7722.71
3480.62 8009.48
2461.15 7227.43
4395.31 9230.05
9825.14 3046.24
4124.5 2084.8
6251.4 9671.28
5101.32 1886.02
7976.26 6224.99
8877.31 8277.4
1717.65 5606.78
7254.68 927.63
9697.98 2316.75
636.52 1345.41
924.33 8258.68
4694.97 351.48
1144.92 3339.11
8360.96 3606.07
5730.06 7919.8
7999.64 5555.21
966.04 2124.14
2803.53 2380.96
6958.95 7904.85
9430.5 4935.21
9293.36 8307.82
3212.61 1011.01
9078.12 5630.82
7102.17 8776.1
7947.57 2902.21
5285.03 4035.42
6324.42 5143.53
4386.91 7469.34
8482.64 7911.39
6238.93 4212.71
5831.19 4238.57
4931.44 1960.76
1526.23 2898.49
9505.24 8485.18
803.35 8935.75
8583.92 96.71
2407.09 6960.05
6271.25 1485.21
2590.87 8536.94
5424.84 5701.96
1439.15 5873.39
9737.39 7763.57
1016.92 9287.82
396.43 4663.09
7199.21 6635.36
8875.8 8193.93
6037.45 8970.76
5318.21 7563.69
1869.25 4823.45
1212.39 7836.12
8922.72 9796.31
3096.36 6493.33
6756.37 9367.61
3142.07 4510.76
3068.07 8566.91
212.73 4507.22
9603.82 5113.64
2270.8 620.75
4401.46 2667.23
5283.84 6764.19
4466.12 9323.16
121.64 503.57
3457.44 5439.85
3230.78 5326.69
5426.83 4443.18
8326.34 4349.55
4239.49 1422.7
6006.41 6159.38
5953.83 9148.48
670.15 9021.9
2878.91 6046.4
3529.12 2482.73
6323.56 963.44
3103.48 5888.54
3630.68 3550.84
2652.73 3260.32
2874 7937.9
3763.89 6331.44
3377.75 6994.68
6821.66 8804.58
1437.86 5148
8317.66 840.87
6570.7 9487.59
7000.26 7688.05
8636.07 2833.93
6709.95 1514.98
8880.33 5402.59
9161.23 5203.89
6366.04 2264.72
1092.43 5160.24
5815.56 8908.68
8420.56 3853.09
6846.58 7347.97
5348.05 5387.86
4342.65 2169.71
9355.96 944.03
7317.71 2837.14
6948.43 9051.93
2324.73 9112.21
1903.5 960.8
1946.14 8613.45
7639.3 5989.99
4016.05 6800.54
1193.88 382.09
4228.78 7449.83
705.85 44.34
1522.03 9126.41
9060.95 8368.62
6474.38 4409.01
8920 5980.56
6578.72 8275.96
2088.11 9059.96
1113.11 9036.54
3275.41 3437.84
3312.27 5178.92
9562.17 5258.41
8955.89 7201.47
1248.4 2971.94
4002.01 7605.8
8517.55 3394.31
5055.63 4386.92
3438.66 1741.19
8676.85 7663.13
109.81 5151.24
2072.14 9029.81
6295.32 3814.39
2469.29 3546.95
2874.35 3582.4
7747.02 1313.28
7020.25 1059.29
1655.72 1745.94
6317.71 611.62
8947.41 2729.63
8747.08 8112.95
335.44 2428.16
1507.26 554.59
6815.08 109.44
2295.78 5491.94
7772.58 7569.11
5806.7 5008.24
1762.44 7265.54
8822.63 4231.74
812.49 6860.5
7814.14 8559.51
8173.79 9997.91
9618.81 9829.51
1743.85 1100.04
5604.65 5854.79
3829.67 4351.74
3967.74 4165.11
1943.42 638.52
4719.71 3922.02
747.97 7015.49
4577.48 3684.07
9748.13 5547.7
8692.31 1510.57
2813.24 7514.95
5742.31 8789.26
9538.97 8719.98
7348.77 7712.76
3881.41 2131.1
2705.8 788.79
3231.14 8310.45
6643.58 7060.82
7825.71 5774.84
6389.45 4932.65
1576.88 6272.68
8854.68 2324.85
3288.18 3432.16
1172.44 8199.83
8979.87 5028.28
9710.4 6956.63
7706.75 5452.72
5745.89 7245.72
9336.22 8258.19
4958.49 3217.63
389.29 2827.81
9169.94 8783.96
6301.78 5813.52
1008.3 9291.02
6751.88 7397.75
4223.67 8328.77
3670.44 8241.87
5817.14 2122.14
6837.56 6989.59
321.97 980.95
7181.39 32.37
7937.58 4888.14
648.61 8847
2133.86 9984.83
7105.19 2255.87
8365.99 2658
247.2 7535.93
1441.96 6548.99
8512.98 7613.78
5840.01 5264.86
5011.54 5227.2
8757.15 3845.5
3469.08 4574.3
5967.64 306.64
6727.41 1453.13
1287.59 3908.8
1485.5 4388.69
8796.94 7297.64
3235.69 6094.32
2445.99 5504.4
3513.72 5975.5
8162.41 3760.92
3511.44 4767.89
5473.43 7187.94
2381.68 6476.96
7616.32 2556.74
1704.17 6373.48
6402.24 336.77
947.78 7533.4
643.41 7675.19
8986.53 7094.52
6747.51 5635.55
6646.73 5544.45
2933.19 5045.95
6802.29 542.71
550.35 316.01
6518.21 3876.28
9240.46 5193.17
8644.18 4713.89
7544.63 6189.38
1190.86 5160.96
8746.12 8058.55
1534.44 311.88
8395.32 2482.22
7845.28 4202.25
5320.93 6831.81
6460.29 2068.44
7630.88 3107.02
2776.41 5727.6
8152.97 9578.7
6270.31 8703.33
5058.24 7952.04
7743.13 9462.22
8308.74 6387.31
9339.63 5853.37
7740.21 5694.01
1014.33 1649.85
3752.56 2548.77
1961.73 2147.88
194.51 9807.01
1513.65 5515.44
1802.34 7973.94
2747.4 9433.23
6244.49 5523.81
324.35 4397.46
266.04 6594.66
8264.31 487.8
9710.22 6007.45
9950.02 8018.96
7558.28 9289.65
3872.34 462.02
4983.67 4886.67
2111.87 3899.75
2598.97 4073.61
1211.16 2793.48
9044.14 2724.81
3472.45 6010.01
5862.28 6219.85
5443.24 2106.77
6907.19 5767.59
6504.23 2336.75
7525.77 9932.07
2824.55 7235.99
1103.04 7938.09
418.48 3824.84
2391.26 4290.82
4286.86 7374.93
4341.01 1562.26
6438.21 2103.5
5635.87 7649.37
60.51 9843.53
5537.7 3532.96
5853.54 1399.98
4916.33 6460.3
3506.75 6987.04
7391.41 5174.51
9323.79 4917.18
270.1 2148.34
7316.7 1373.14
86.43 7735.18
361.5 2477.7
7189.52 4648.37
5016.15 6694.05
6210.63 6617.88
8797.56 7010.02
4267.25 8858.07
6853.55 9804.96
7554.55 7870.62
1204.94 2470.88
4330.92 9875.22
4621.45 1722.34
5049.73 3945.24
1803.04 5319.83
1257.11 9119.74
1856.49 1343.54
2018.44 2217.99
8984.76 9207.96
2029.88 9164.44
1065.54 3404.03
5782.32 9863.1
414.05 5213.1
3884.69 2431.13
5018.06 1439.24
301.75 1386.52
9073.64 4632.67
1261.74 3695.09
1518.53 1474.99
2803.86 3321.58
6794.82 4060.97
2441.32 3814.83
568.03 9623.29
6032.83 4716.32
3994.77 3226.23
3880.76 5060.31
6630.27 4826.6
86.93 7044.32
39.7 3971.62
4638.97 221.28
5410.86 4940.72
1607.81 9648.03
4736.92 8033.07
3343.12 1418.97
9508.07 6146.98
4740.55 1466.41
5371.47 2345.4
5281.25 5939.51
1968.69 6477.6
655.83 1126.98
9703.83 4536.59
6187.3 6334.1
4526.71 6274.23
8541.95 4566.42
5409.38 3180.92
4787.7 5983.76
3285.17 1559.03
5631.79 3185.61
9592.11 4138.44
4604.58 9100.18
5448.94 4508.66
566.59 820.42
2017.58 1011.36
6759.93 9149.79
7488.96 2579.28
276.77 2356.32
2279.39 1627.59
3853.94 6806.1
3065.35 2395.89
6536.04 8474.73
740.34 6487.27
4458.49 9189.03
8046.3 5253.81
2374.64 7638.41
9392.25 2142.74
1902.11 4.71
1814.92 7632.23
825.13 3832.5
8643.59 2748.58
2982.29 1296.08
5327.86 3259.07
3652.4 2770.77
4886.66 7506.34
9576.88 3115.53
5065.76 6112.92
1590.26 5806.1
2600.19 1212.28
4995.13 5810.02
6466.09 2533.29
8611.95 1021.86
9839.55 514.07
1026.57 1654.48
8146.3 7015.23
5486.98 1953.41
9763.81 3632.8
3249.49 255.2
2055.39 6901.89
3025.97 2105.57
9571.76 7766.37
5221.11 4637.52
3879.3 6811.37
443.62 1643.01
8023.65 602.27
7453.03 9653.26
3135.56 1228.51
675.12 8138.63
1742.58 1701.7
9793.11 5052.4
8716.93 443.62
7005.81 3644.26
4076.42 255.31
9062.98 1295.33
2320.72 7252.48
3400.9 1892.48
5018.85 8622.01
6530 4061.67
596.91 2137.14
868.21 3784.08
2739.41 3484.76
3437.35 1038.49
4713.27 4112.47
9177.13 6455.85
977.69 4133.76
6671.77 4858.14
4577.38 3677.59
3665.93 3817.32
9096.42 2728.91
5112.65 1417.14
9981.39 8513.56
8473.15 163.77
2299.09 5003.15
4225.44 2896
7140.3 257.17
6680.09 5043.23
3741.94 117.44
6081.73 8455.21
9393.43 422.38
74.59 371.13
4556.14 6746.36
392.79 4297.05
5587.47 4058.72
8114.37 4683.89
1951.16 8390.55
1264.56 1932.55
2067.63 9737.71
7259.84 4366.72
9904.38 1485.29
2426.25 2208.2
1742.46 9106.34
7251.44 647.92
4387.3 8496.69
9103.14 3780.73
8919.07 4341.25
9315.38 8638.73
1087.61 9708.18
2935.78 1838.61
8930.42 6213.68
6522.5 881.58
9767.75 7787.06
7977.66 1835.38
2688.29 5237.5
1365.62 2592.68
1886.31 3791.87
9964.4 3628.78
8061.73 2379.36
9440.22 2449.03
876.05 8543.36
1393.29 4958.64
2884.61 708.67
3597.38 9135.75
5580.37 1696.68
974.36 9674.32
3073.88 2660.38
555.9 2841.63
5610.97 8533.56
9840.53 8299.26
8934.59 6369.68
6055.46 820.9
161.55 1183.39
9613.2 3386.81
3562.75 9053.43
5835.84 4438.81
7596.79 7229.13
4560.97 5644.93
3101.33 3321.87
9944.2 3845.22
5018.56 6082.08
3519.54 8092.44
8742.46 4075.45
6097.6 9516.95
7772.53 5938.13
2979.74 6707.12
2307.81 9035.2
7528.03 7632.89
218.59 2304.75
6183.22 8944.87
1358.18 2019.06
3383.68 4118.5
4411.72 3108.17
4926.95 2676.57
6430.05 4871.15
6521.79 6612.13
6116.75 5204.86
9868.09 22.73
4443.83 5965.69
9539.69 2216.36
7067.35 2519.43
4087.01 4538.68
6718.15 6778.56
7335.09 2100.27
9083.31 3518.31
1045.14 441.5
700.9 9592.34
4560 276.14
2700.51 9486.95
8116.23 4294.08
9521.62 4638.02
906.21 5638.37
5006.4 5937.83
5661.1 9450.23
7067.04 364.31
6830.12 4134.39
2883.74 917.13
3836.6 9601.9
7695.69 6335.21
6865.69 1942.52
9853.53 7910.83
7547.54 5717.95
7503.17 2107.54
5994.09 203.68
6758.01 4110.32
9661.29 1443.15
3911.86 5731.02
2245.04 8918.27
1668.85 3069.67
3532.02 8735.9
3433.98 362.14
8033.81 1481.25
1279.27 7033.93
6246.67 4138.48
3369.15 3112.36
6081.01 3222.68
1023.19 8792.07
8940.63 8526.36
899.62 98.24
3893.56 2821.15
9372.08 8718.37
4264.31 3283.94
4449.4 1672.87
7365.73 6118.25
4742.54 897.76
4854.15 8176.53
1259.9 8051.49
9657.78 7702.7
5085.42 5904.45
7004.7 8454.57
9016.81 8249.23
6840.77 5203.52
7041.31 944.92
8893.4 7940.93
1043.16 2786.96
5925.6 5578.76
1505.34 5353.43
4026.23 1118.26
7026.31 1391.96
7236.51 1768.85
7453.24 7254.19
5108.9 3876.67
5305.68 4766.68
1579.37 5554.62
5834.65 8584.07
9172.72 14.98
6833.31 6013.49
5218.5 3874.62
2121.94 9275.42
6979.07 8328.62
7225.91 8068.19
3907.39 3894.77
3421.63 7933.62
5013.03 447.94
4489.1 2249.54
7380.31 1942.35
9503.73 2489.22
5819.02 9972.93
2419.42 2561.91
691.08 3417.6
1145.98 9863.8
3432.58 3142.81
1040.81 3814.61
2180.95 3162.75
3090.03 4323.54
6654.9 315.94
2391.74 562.29
4210.71 5813.37
3659.43 4387.26
1424.83 8148.53
6636.81 8805.14
90.88 1304.06
6457.88 1073.42
6440.52 8877.31
8798.85 7131.6
2294.91 9944.84
2158.92 891.01
8251.17 3199.73
9869.14 432.13
1526.01 8122.7
4755.67 8180.91
3602.16 2310.93
3906.72 2976.4
8124.3 7566.15
7363.66 9549.13
5714.68 4000.47
3517.8 969.09
468.06 9975.68
7206.03 6908.58
8852.99 6004.89
4040.18 6311.42
1113.25 6199.1
2365.96 4527.94
4562.35 2235.1
123.59 1251.88
5521.32 4879.27
9432.79 9123.49
2353.72 3339.51
7263.41 478.03
6069.18 4627.07
5190.68 6947.39
3791.07 8708.48
7916.48 4259.13
8684.17 286.03
6331.23 7537.16
6290.92 371.41
9012.11 2567.69
1734.03 1378.07
7095.64 1459.9
8776.69 7219.23
2711.79 4298.02
7262.02 7308.1
8585.03 9615.75
647.62 5848.44
5257.3 1880.32
475.51 447.98
8827.71 9430.1
9156.47 1907.71
3689.23 7840.64
2193.75 5183.98
541.32 3648.19
718.91 9553.43
1379.41 2452.94
6095.02 8475.05
9076.37 4871.72
857.8 1788.16
4333.26 8119.83
9096.26 2918.29
2899.1 4907.4
3930.25 8156.4
1951.25 4405.76
8604.38 778.96
8999.39 7760.85
2686.68 7852.14
765.01 43.95
3036.13 6469.86
3692.14 3755.04
1186.81 235.07
1371.51 7281.84
8710.12 447.88
7317.08 9567.93
7399.56 1650.34
2851.28 6495.82
9732.15 5750.38
6566.75 3662.4
9070.3 8518
3231.68 7674.68
4460.48 2231.07
599.06 7147.16
5246.74 1364.07
2354.63 8282.87
2997.45 1210.3
2037.91 4184.27
1445.37 3409.42
1466.11 155.5
9020.82 3946.71
4886.95 6420.38
760.57 7738.23
8079.73 492.72
8652.13 4646.48
9318.64 7722.43
8328 7713.84
560.63 2788.48
5108.44 1159.69
9935.65 355.18
7687.29 7453.8
8638.05 684.74
8664.1 5839.48
4869.01 109.48
9248.91 1498.64
264.98 3433.25
5445.35 315.45
9853.64 6205.92
3217.2 7933.37
1862.16 7032.85
2579.85 6344.32
4755.28 6071.37
4058.17 5315.91
8859.85 4330.13
1639.13 3959.02
4685.31 4489.94
1412.83 3323.36
5174.68 76.93
4326.36 5207.22
186.41 3575.27
6705.86 5614.91
7008.53 7314.74
5930.36 2025.69
8684.18 4311.08
9959.06 546.35
1343.93 7702.43
2054.19 1262.73
3773.8 6112.36
6578.65 7797.17
442.49 3381.3
1756.2 291.32
7871.24 3169.03
8778.2 8209.44
8409.48 3104.57
3416.66 3759.42
1843.36 5286.05
9374.33 4015.41
2600.79 468.22
6041.1 6448.49
9942.82 6000.16
6994.84 1286.76
8866.11 9049.04
2549.49 2639.91
324.92 4291.66
437.09 5930.94
7672.96 7356.81
6222.26 707.72
5689.36 163.99
8917.17 4098.84
3268.56 7497.35
7858.26 5111.92
7946.92 2396.12
4290.86 5711.23
8027.86 331.96
2159.73 7970.68
1495.65 4318.09
9257.44 361.76
3367.13 6970.46
8165.2 8855.58
1262.12 3765.81
9950.04 4098.61
1122.62 6172.3
9969.85 1975.5
1499.81 4050.54
6074.34 4768.37
6711.42 9096.13
5043.82 4658.34
6655.77 9334.68
369.58 4683.63
9666.64 7692.83
7817.83 6325.81
2010.92 2238.8
6687.58 541.58
9209.26 16.3
9397.16 5634.9
8945.63 9347.2
9733.51 5231.77
683.02 9703.37
7207.27 2182.84
8917.43 8445.13
2114.73 5628.85
2704.78 7158.55
287.2 9360.55
1656.75 5820.3
9207.7 6486.92
3513.13 7025.54
2812.73 5524.05
9264.34 4663.83
6065.63 3637.12
4680.13 626.31
9272.02 8789.28
5137.03 9005.54
4021.05 5820.06
3872.43 1228.32
3166.42 2789.86
9673.46 5281.15
3582.24 2378.24
7603.23 3869.44
6902.32 9259.98
4853.26 6110.02
5746.9 8366.39
8299.08 8559.64
9053.96 7563.42
3223.47 283.12
6364.06 3067.13
909.43 5636.09
1856.41 6046.47
9805.15 1040.99
7030.05 3677.58
2269.31 196.47
1630.96 7106.29
641.14 5213.2
9484.54 8244.37
4246.16 1550.38
7504.36 9099.42
7660.4 3251.26
2629.33 1123.01
6974.42 1683.3
8686.43 5361.42
1966.42 214.02
3592.07 8039.37
5850.11 612
9249.36 5655.26
1652.99 1442.93
4496.36 3922.31
1639.4 1290.84
1028.6 7444.07
1667.57 5676.66
5688.44 5913.73
7227.04 8356.32
176.68 50.97
6771.11 2806.01
1173.98 3745.53
4489.31 5023.93
4270.47 1619.25
5237.95 7862.54
9658.63 6251.58
8474.55 4071.51
1906.84 5291.06
5514.45 1566.72
9213.37 2317.37
2857.57 5405.5
9761.44 4525.14
6245.68 613.41
5602.39 8636.25
8969.73 5779.07
3850.74 5740.84
8585.09 188.24
4649.9 8237.92
375.69 8920.37
9857.18 777.17
6782.92 4679.33
7028.75 420.99
8750.84 4099.12
5712.05 9428.81
5665.84 88.95
1746.19 8523.41
657.97 6671.15
3048.55 2067.17
7284.56 8650.95
5866.94 6254.3
9593.54 9717.68
7158.66 8178.63
5069.44 1808.56
1580.08 5445.14
5892.46 1437.26
6222.31 7838.9
1280.11 3251.06
8259.89 5194.47
7350.18 9135.46
4623.29 3016.03
4387.93 1533
6702.96 209.42
8204.15 4915.04
2276.6 5488.72
8729.51 3307.06
6906.54 8323.05
3024.75 9228.72
1665.21 8094.19
6200.81 3245.29
8702.85 2093.27
4682.55 4925.16
9932.17 5962.66
3339.75 3355.58
6320.65 5853.45
7654.56 943.94
8869.48 7206.02
2476.94 735.97
7415.44 681.1
5651.01 4855.56
1333.34 4380.52
8162.63 3403.4
2703.57 6350.9
2632.12 4368.78
9608.61 3996.45
7614.07 8311.47
6089.72 7460.14
8400.15 1185.41
8586.32 1739.9
4540.99 4906.98
7593.36 2195.56
5850.92 1626.36
4565.1 3491.39
2362.33 1980.54
9336.01 3176.86
1999.63 5832.87
7557.38 162.26
9236.27 5424.48
1676.68 7031.91
9793.26 1285.29
1028.37 2570.86
4760.28 2281.61
5194.52 3160.44
3467.03 8944.37
4900.34 8008.02
3851.35 7657.22
5367.1 4865.79
4447.11 9932.2
3520.7 6809.44
7076.27 2856.71
5149.83 9075.9
8689.58 2707.21
4401.68 3089.37
8131.69 6078.36
5284.81 3088.48
7363.65 1476.7
822.86 2123.94
3758.31 1180.9
447.9 7225.34
125.27 511.76
396.89 3976.62
8168.99 927.51
4005.94 2616.1
859.72 7526.64
4589.06 3099.51
5546.88 4902.41
2175.41 4236.46
7609.63 6577.09
2489.36 904.84
2655.45 2937.69
3993.32 5182.62
4414.39 9979.7
2470.08 8172.7
1160.61 2917.98
561.57 1285.88
3429.75 958.46
426.03 6762.26
1885.97 4431.97
4541.88 7909.21
1958.61 4294.46
1008.72 7505.49
9196.88 3184.13
6905.48 1970.03
4924.74 4558.36
2874.87 2743.71
7496.05 2031.72
7926.34 7073.96
2011.42 5559.94
5246.66 8335.55
8477.93 5808.23
4784.96 7071.2
1930.21 5210.99
8996.98 3816.19
9642.96 8702.38
6888.92 6765.09
2996.84 7897.65
9434.11 7357.24
6245.3 1503.11
9327.27 1170.05
1224.99 2202.15
3913.76 3884.56
9397.39 7003.62
958.52 6572.33
2563.57 1368.7
4907.89 6205.02
7176.94 9692.85
8439.74 4270.67
67.36 2600.24
3250.38 9710.32
1302.62 139.31
1638.93 9462.98
8036.96 6236.56
6820.23 4282.26
7739.67 1311.02
615.83 8964.66
8676.69 9693.12
2849.22 8074.08
6696.74 8971.26
4646.42 4423.83
339.97 4717.83
5792.37 2680.43
9574.2 4232.11
6951.1 9641.56
1995.87 201.49
4515.4 3298.49
340.8 6154.33
2761.48 3541.28
2390.9 4745.23
2987.06 5294.09
6056.25 8766.42
9422.28 4732.95
8459.54 7435.02
2807.03 319.8
6406.29 2616.97
4743.64 6746.26
7334.8 5699.53
9426.69 6909
5095.17 1541.31
1714.08 7091.04
1742.8 6229.48
389.54 7247.12
2383.82 8314.54
5951.92 9938.24
3059.77 8938.99
5232.33 9116.02
7705.41 9818.13
3848.97 1328.47
7253.16 1819.53
1648.27 3659.45
4436.5 1555.43
405.71 6934.83
7254.97 4995.92
9007.35 2350.14
6537.23 721.44
4604.7 3443.56
6950.92 157.76
690.68 4498.26
8472.3 1806.13
4436.5 1532.07
745.12 4832.36
5811.62 3614.05
4650.49 4824.11
4942.52 1903.65
1807.16 1754.31
726.62 1407.19
3309.75 6295.85
8342.02 5728.24
1291.77 2512.89
3241.9 2992.53
3234.33 7846.6
6436.09 5348.78
8004.37 2290.29
9847.04 1640.19
4096.42 9447.07
8335.79 5.06
4279.43 4147.41
8782.63 4093.44
4135.04 3725.15
1160.62 1105.73
642.99 1887.24
2512.92 3952.74
8183.1 6018.46
4844.5 4638.39
8531.35 8086.4
7630.92 6929.21
1096.52 9230.53
2277.99 9100.89
1520.83 7288.55
5904.61 5617.25
6735.62 4240.4
785.84 6178.57
3551.33 9568.47
272.02 7686.37
3293.63 1432.64
8792.1 9100.14
8483.4 6468.54
3052.88 1830.02
2487 7897.38
6468.42 6181.88
1147.3 9262.86
3111.09 2243.82
8493.4 552.6
6508.24 5177.75
7841.15 2412.85
795 9740.3
6653.25 1580.84
1082.39 204.58
6312.84 1354.41
3054.47 9606.47
7950.57 7010.1
3870.13 1597.5
3478.64 6923.01
3427.52 5965.65
9983.91 5059.46
2147.53 1131.21
9485.85 422.14
8538.55 3142.77
974.74 5046.79
8320.52 3979.41
7459.64 4279.04
3719.71 4112.89
1023.41 4802.11
9480.99 7336.25
1320.04 2535.47
2106.24 4434.14
9545.57 5976.37
6031.64 8187.73
8062.9 4622.68
9316.9 8046.81
4845.67 1464.43
4341.54 4331.52
7050.09 2880.09
7474.29 8024.83
7926.89 958.33
7167.77 550.05
5237.37 887.48
9826.47 6260.78
853.11 9307.46
3597.03 7336.68
7006.45 866.79
1770.82 1715.54
6843.16 2965.98
9903.28 4906.06
2752.18 9220.18
2952.87 7597.85
5848.14 2457.93
7092.89 2898.23
5338.03 4567.18
6086.59 8428.44
5525.51 3254.36
8978.49 5926.41
9305.36 8804.96
2187.19 5322
3275.95 947.75
2658.68 282.4
1814.54 9593.02
7161.47 8657.71
7722.52 7064.75
3563.77 474.7
1448.45 1680.17
3236.08 2460.11
9301.62 328.97
521.87 4639.65
59.68 1771.98
8231.61 748.71
5026.34 2373.63
6675.12 9495.22
6342.11 4025.84
4817.22 9618.06
4973.59 2639.42
5063.99 1951.65
7395.96 2225.46
609.36 5118.48
4453.73 9336.66
756.71 1065.7
6180.35 9156.31
3525.82 5481.97
9485.28 9211.21
5285.15 4708.48
983.19 8680.28
620.72 6009.53
1053.91 2459.36
668.27 7396.03
6485.2 649.02
2177.61 6622.31
3288.44 7241.6
8573.97 684.41
4630.58 4346.85
966.41 4247.83
8847.03 6886.64
5313.54 190.9
6042.95 4002.88
5672.88 5528.24
3214.09 6121.55
5400.24 4197.28
4801.83 6020.96
5370.33 5855.75
8480.33 1202.12
8415.3 129.05
1851.14 592.91
6751.37 5139.59
7834.52 488.86
987.52 7628.62
9999.23 1953.93
1876.46 8846.27
8840.58 2353.52
9037.17 47.05
6356.4 9873.57
5575.29 4734.01
5995.12 6139.06
4094.81 5960.48
7323.54 9465.14
1816.23 967.39
667.26 231.53
1096.45 2518.41
5987.96 3011.34
2821.52 3822.48
8663.72 8972.56
6614.63 8662.95
6090.01 8491.09
7509.22 4930.59
844.61 1709.92
4977.65 2364.53
1583.49 5716.46
7098.54 2742.14
7019.04 1193.35
8702.62 4342.59
5822.01 5682.37
473.5 1652.79
1077.42 1569.95
9334.72 7065.38
9744.81 2156.24
6051.39 8408.53
1128.8 2666.02
2235.01 2382.34
6320.63 9744.23
7312.93 7165.24
6617.67 7454.1
4693.29 8201.17
8334.09 1791.83
943.31 516.65
8148.7 4809.45
22.76 3970.71
491.82 496.27
787.02 1569.24
7229.74 121.75
3798.14 2138.08
7441.51 9849.53
546.61 3733.84
2515.55 7945.14
6116.18 3999.7
2852.9 8592.63
1164.94 9470.57
1210.26 1021.75
7671.74 9544.35
7977.1 3778.57
5224.52 6125.8
8588.02 5247.29
5260.03 4243.36
907.08 6047.06
5812.6 8136.82
6168.81 9610.75
274.9 3610.32
4623.8 5985.04
7344.16 2302.88
3930.18 3460.34
6302.58 6783.08
2052.98 2631.05
6253.66 3263.24
3652.8 9088.92
7971.11 1629.91
2867.5 8359.15
2919.23 6619.04
3606.44 8179.27
862.41 4513.52
4226.33 1838.53
7813.87 395.14
6612.8 8088.77
9168.98 1236.61
9237.33 1676.67
8703.01 3167.52
300.53 5005.59
5114.12 2353.51
2800.16 6531.3
780.27 6452.97
5620.23 3914.9
3246.4 3651.25
2274.06 6165.63
5433.81 1044.02
4344.9 1459.74
5557.55 3734.75
3298.28 8534.94
9293.41 5074.6
6623.71 8462.4
1474.73 5861.05
139.07 177.74
4192.09 439.6
346.86 4469.73
7956.64 3147.02
1001.04 3900.43
4763.51 1784.79
7815.34 8009.91
599.56 5252.92
4175.55 6033.37
6296.94 3683.97
7493.12 7018.01
7418.73 5954.92
5552.95 6712.14
1029.52 2176.67
338.06 7667.78
3201.24 477.13
7845.52 2556.85
6080.26 8192.38
2190.1 9200.42
6502.93 3191.14
3100.85 1266.44
139.45 6079.71
9276.36 739.01
6496.15 8615.43
6772.39 2793.1
2299.4 9429.03
9811.11 4881.65
547.47 527.59
1593.8 1576.99
2704.26 1931.86
4408.29 1069.02
7572.52 2253.82
8789.39 8816.3
5609.72 979.49
8016.72 7276.17
9334.16 6281.09
8542.62 9473.61
7524.33 2982.5
212.63 4020.48
1597.93 2148.54
1977.1 9060.85
6741.09 6951.74
3942.51 7288.56
7479.33 699.83
4029.07 5347.11
2631.69 8437.37
1579.65 5367.73
5854.71 5532.56
4184.03 6627.95
6512.05 7364.27
3904.13 1009.73
8808.89 2446.75
5646.87 1496.74
592.77 1023.02
680.74 2190.7
3171.56 7821.37
6415.07 5076.17
4773.11 357.58
2364.73 2252.44
1057.41 6393.8
2763.07 8852.63
9994.69 4342.72
9383.88 5849.4
9875.28 3567.92
2477.36 1550.85
6095.71 6381.49
2560.59 68.12
3991.76 3370.98
6728.38 4584.53
4394 7409.13
1938.75 2729.08
5230.5 8353.82
7805.25 5167.13
3874.93 169.98
7419.57 95.86
1727.3 5346.16
4112.01 1722
9688.88 3495.9
7571.4 9564.16
2227.34 5212.28
6278.53 8323.05
6757.29 4002.64
3554.7 749.05
7373.62 283.08
5333.58 1767.62
7692.21 2435.85
4496.7 8086.23
789.68 2301.95
3253.36 9828.13
7635.45 5836.45
9923.99 9362.76
1182.61 9199.53
6248.28 6035.01
2695.43 8983.2
762.69 4922.77
4195.49 7041.23
8409.34 952.78
1043.87 1964.04
6865.36 3581.02
7410.65 7362.46
5348.64 266.38
9798.32 5008.87
8352.62 5751.52
2474.34 6769.5
5579.65 109.8
7769.48 667.16
4636.08 4115.61
9866.69 884.36
150.63 7725.64
5031.08 913.32
2648.41 9226.57
3118.07 6221.28
5342.88 9325.47
3348.84 2208.24
2906.49 759.49
9570.7 3418.65
1025.88 9369.02
8427.52 4542.02
5120.54 6065.39
6475.04 5863.71
6175.19 4244.52
6530.88 5974.79
8360.14 1561.09
2022.67 8510.77
9286.74 7053.75
4587.61 7098.67
1443.85 7705.69
3319.95 6786.73
2194.68 1832.32
8994.97 5101.17
2591.81 3729.19
3683.34 8781.21
8261.74 7274.39
8486.75 3382.28
3339.78 4961.8
4409.52 4678.49
4369.84 6103.92
653.28 2729.98
7665.01 7839.47
6404.27 2115.27
4893.22 6155.41
9213.95 6337.07
9024.62 2533.9
8287.32 1219.3
9529.74 2445.81
1483.99 2121.56
6175.01 5167.33
6066.29 4436.75
2441.72 9716.57
2982.55 945.02
4678.37 7392.07
5623.51 9048.21
8659.51 1440.31
6941.72 6324.53
4443.3 8509.51
8439.8 9336.53
4664.92 2817.27
837.12 3689.54
514.7 9124.45
4908.84 44.44
1570.26 1556.35
7329.52 2908.79
6723.69 3395.82
7345.54 4328.93
3112.39 5491.62
437.48 2954.28
8047.21 1224.51
7166.01 6706.73
7828.35 4107.73
8194.78 2271.65
7780.77 1798.1
6771.7 2445.69
4615.38 7608.83
6135.24 5130.08
1896.8 6207.6
5174.52 8630.58
7763.96 2504.05
1539.38 9651.17
1063.39 4048.44
9143.62 9339.3
9540.06 9581.1
2293.58 2750.8
805.62 4623.11
9457.53 8633.97
3894.37 7652.31
905.62 1675.14
9450.41 2840.85
4120.83 4065.79
449.68 5419.59
4359.39 7510
1627.2 9533.92
6140.58 4554.68
7201.49 2843.48
9369.37 8264.88
2055.45 8512.99
2767.7 6759.03
8094.1 224.8
9509.83 4063.24
4847.91 4130.88
2697.21 8742.28
1783.19 8766.35
417.42 6397.13
1607.2 9701.78
5626.44 7220.4
284.89 9985.84
4730.4 1912.09
4683.28 6034.51
1630.29 7048.29
4041.51 999.66
5313.17 1260.48
4676.18 3244.39
8019.52 7933.8
3469.19 7529.35
1997.04 8317.1
6823.76 9857.77
2222.91 8606.95
8624.12 7803.85
167.6 5394.85
7505.63 5794.05
2615.25 7790.53
943.41 2509.18
4866.14 790.21
3707.21 1659.96
7838.5 2912.24
7823.14 8315.19
4172.73 2499.32
1559.58 2192.25
433.12 5028.77
4885.12 7593.68
3345.87 1708.88
7451.45 732.3
5479.36 1239.1
8536.16 810.48
6633.95 1205.31
1768.05 4412.72
8995.84 2711.46
2085.42 9025.51
3501.67 5792.63
5848.99 1340.17
3868.4 3672.13
4818.88 8041.13
1334.98 6378.46
5396.9 6931.62
1407.23 5445.54
4525.31 9916.63
2317.95 7140.28
5812.45 7797.31
8379.38 4348.61
3771.31 176.85
5553.93 5539.37
4589.58 9713.29
8250.83 6675
8738.8 6916.03
7631.16 9751.31
3419.72 1499.56
3423.45 8238.61
4704.21 9921.95
9780.59 101.11
6853.57 6351.35
5546.65 6542.4
6267.98 3028.12
3682.69 2080.43
825.43 2062.07
1592.57 9760.27
2238.93 7146.5
5299.64 1992.03
6859.79 3550.47
3830.55 762.12
5630.02 1461.71
513.43 4213.27
8124.79 9100.4
2451.88 2829
9022.35 2232.47
8093.63 1039.45
8583.82 3640.29
7581.85 15.32
6668.41 1264.54
7259.28 2657.37
8490.14 8851.85
2417.64 5892.59
1161.87 2880.8
7884.62 3185.18
6431.27 1715.17
3947.3 7224.82
8340.41 9624.26
1438.09 6465.2
3888.18 9053.49
4457.73 8074.06
6449.48 2551.36
9113.51 196.83
1355.17 6695.36
212.15 8023.59
3123.43 2634.95
5844.48 1613.57
6650.32 3425.64
7506.16 7812.19
6306.44 5390.78
997.38 7901.23
2269.47 108.2
5126.05 609.88
4895.98 1727.66
2238.61 3947.69
781.15 6696.34
2021.75 2394.16
4411.22 1135.26
2590.99 5766.4
2994.14 7966.66
8953.51 6117.57
601.62 4797.99
2894.66 7251.94
3387.15 400.82
227.66 9693.59
955.12 6388.56
2758.34 8388.12
1660.28 3047.92
4161.52 1719.79
4775.58 1563.65
5667.48 720.26
8259.99 7689.23
3114.42 2671.22
3988.01 5705.41
3601.14 2145.67
3672.07 2554.65
3426.77 9437.21
7352.64 6321.43
1852.68 5903.31
1885.78 7243.86
5596.9 2840.9
3632.42 3518.76
6392.54 456.22
6566.68 554.07
2176.01 6505.79
2117.72 7843.49
7226.05 5541.24
696.24 5503.99
3375.98 9847.77
6372.92 6977.12
1993.45 5208.51
9531.77 583.74
4645.73 2047.93
6905.17 1661.93
7951.24 8790.95
8905.79 8711.66
6795.38 2538.21
2230.42 3187.92
8157.95 8797.11
3741.99 333.97
5302.9 1023.24
3340.98 7692.47
6564.48 9200.75
8359.98 9940.46
4212.04 4732.9
6917.58 1369.01
9941.41 1612.87
1952.75 9750.66
3660.8 8857.93
1412.59 1612.04
2812.4 318.38
323.7 9607.78
8020.11 2554.12
2795.71 6178.07
6514.75 1701.22
1675.56 6981.17
2724.46 5016.54
4673.64 9288.94
9380.81 3033.62
4392.92 3592.86
2930.04 1310.5
4961.87 2871.46
8086.89 6914.63
7785.64 1747.69
936.08 9198.24
8523.25 3748.48
9516.62 4010.47
3356.27 2700.26
1728.12 6151.98
8878.33 8242.87
3016.72 553.89
387.57 5741.19
733.95 5061.21
5030.13 114.77
3258.36 9423.06
8871.15 6188.4
5897.08 3833.02
4223.38 3983.98
5911.17 2009.03
895.19 6847.25
1207.27 4581.97
595.74 5887.41
8592.44 9115.53
3751.19 5484.08
431.03 2629.52
8890.48 3447.75
8346.93 9278.05
9188.94 4244.41
4339.26 9382.6
4359.18 2761.14
8805.66 8393.85
8949.55 9866.26
2226.87 8336.45
9013.76 3301.57
345.48 9908.96
148.82 6716.27
9654.45 5908.08
7767.21 3410.41
5023.61 1518.4
8894.5 5454.64
9311.45 7784.98
8902.4 7658.38
7063.03 3254.86
1902.79 6565.81
2637.46 1425.49
9326.96 6606.64
4982.86 3440.03
6472.91 7209.74
6940 650.19
5674.83 7285.49
5722.67 5823.65
9165.28 5377.12
6895.26 2096.01
8787.54 7082.39
8777.94 7682.04
2537.04 8089.39
630.54 6602.96
911.29 2857.09
5021.34 7977.61
4586.42 7658.81
4566.62 9076.9
9428.97 9549.49
2516.93 5901.88
1922.75 4620.46
1715.6 7597.58
7069.47 7438.27
8584.75 6234.75
2815.4 5480.01
3494.29 6766.46
2562.41 2272.23
9612.02 262.97
361.62 242.56
2029.45 1272.91
8263.17 7050.79
4414.04 2849.59
4709.6 8980.67
1926.5 4138.58
8530.16 9606.95
5203.98 452.91
4227.41 6919.58
3214.01 1296.88
9521.38 1798.76
2695.16 2336.78
7278.78 6189.45
9103.24 5004.71
8461.68 3878.78
431.2 3986.82
4121.34 2460.65
423.25 7548.03
9511.44 4837.3
397.62 9384.57
3817.97 2324.12
8686.67 7511.65
7094.6 9054.17
3128.08 6485.53
1137.28 6342.09
7782.42 658.66
8140.85 5641.1
2995.44 583.15
1830.55 7262.2
751.38 5455.75
1140.98 1182.58
9442.57 425.84
3643.23 5029.34
7973.87 8318.2
9866.64 3535.01
7702.77 8848.13
1022.66 6389.44
1523.3 8117.26
5443.61 4651.38
4602.79 6580.89
993.47 7548.73
2403.07 4297.85
3189.83 5398.51
44.52 183.9
7824.23 795.91
5639.65 4128.73
1978.49 245.74
9718.09 785.25
438.61 2855.48
9103.45 305.25
6390.5 6806.22
4316.91 2576.68
8359.18 5840.21
5857.46 8966.31
5655.12 460.25
5547.21 1812.11
3172.51 7950.28
6109.96 6362.34
8512.32 6154.49
1709.77 1500.07
2113.92 2512.94
792.33 4092.41
7922.21 5673.94
4877.66 8360.82
8529.43 9144.63
3829.59 83.45
5950.85 8146.5
7823.65 9473.55
9150.24 3681.11
8439.87 9968.88
4141.36 3987.08
1780.99 2477.39
7100.88 3054.48
4003.26 776.72
4372.49 5713.03
7440.32 6486.41
8225.97 3396.17
5742.34 1311.7
9070.11 5783.53
9672.52 2763.06
4928.16 3502.12
8010.03 6042.54
6812.14 5833.68
5516.09 1125.9
9514.79 3955.96
6258.3 8819.68
3106.56 3202.82
1297.07 5370.97
6257.3 5300.33
1311.21 629.79
6176.88 8751.53
2279.72 9566.38
2147.7 8022.06
878.08 6381.34
3805.59 550.61
9144.4 3897.28
9216.25 7154.44
9939.82 1191.91
2988.12 5455.91
7481.34 7666.44
4575.4 3739.64
6486.12 7681.96
2105.98 7783.19
3052.93 8363.28
8247.05 4364.15
4156.59 4423.93
8279.2 1599.83
3990.31 5590.43
9621.9 4868.4
1971.77 8591.01
582.53 6279.69
2488.29 4962.3
3434.13 7591.63
1317.73 1585.78
8211.07 8799.07
9252.22 2786.47
7702.24 901.86
468.43 9808.22
8685.05 3521.37
3335.03 6932.1
3049.04 2655.14
1356.04 1328.24
4254.98 5346.35
6918.67 3876.88
5378.27 4053.96
7631.41 1124.32
333.66 5283.23
6086.62 8931.31
2874.86 2567.88
5680.61 1085.93
1366.95 96.35
3872.4 4232.71
998.21 9504.36
9204.46 9683.27
8189.25 2539.49
1778.89 1238.29
5194.63 8298.45
7730.05 9449.61
3644.81 9812.25
8490.01 4186.6
3866.21 1284.95
5310.93 9363.39
6568.18 6561.07
8294.71 4606.56
9128.95 3975.32
856.02 5659.43
4071.68 9891.94
5055.66 233.41
9396.3 4260.12
9916.68 2749.07
1963.13 6859.1
3987.36 7157.77
5157.55 6880.94
1770.9 3965.88
6693.19 5424.44
8152.49 559.4
6709.39 8626.94
9922.8 8441.09
351.53 3381.03
8211.17 4644.01
2519.87 9067.19
303.44 1755.07
4122.66 522.62
1988.49 3518.96
4782.75 7068.69
6268.04 6745.88
3927.79 5418.92
9067.17 9085.35
2299.86 6001.6
8214.75 4156.57
1426.04 1530.76
9879.5 3298.95
5321.22 4965.82
6903.56 5672.76
8346.85 5114.73
5480.29 6030.24
9345.45 947.25
7785.32 3468.11
1469.87 9773.81
2150.59 6252.62
2006.02 3582.15
8162.03 1097.34
9001.08 2392.72
5346.21 6464.46
8394.32 3560.96
5784.56 4983.88
5091.73 5664.06
8282.83 412.95
629.88 5186.39
1249.23 4140.25
5464.65 6729.52
170.49 4810.1
7676.77 3119.33
8278.21 9146.65
2893.14 428.8
562.79 62.69
4010.96 3888.34
1160.03 8175.56
6281.07 6506.24
9803.54 4675.39
67.2 5588.1
4822.8 322.45
1252.16 8269.15
735.41 7045.56
3455.55 7148.16
6349.33 4083.72
3877.69 6519.83
8893.82 6717.98
9639.16 2335.55
5864.63 7695.83
2764.35 1590.95
7758.52 1938.83
5479.29 4082.07
114.39 6923.88
588.31 9917.94
6762.8 5819.03
5506.04 1585.6
6141.49 1921.73
9854.75 6876.9
4130.81 8473.82
4025.06 480.15
2557.54 3066.27
2163.5 6614.88
9784.26 1802.66
8950.43 812.41
4662.01 1714.79
2403.36 7584.05
3653.62 3046.18
1666.12 8931.54
9970.06 7417.95
4013 1896.38
3236.99 4682.56
3481.98 9378.48
6604.29 8500.26
1418.9 5898.63
6974.08 607.48
6378.78 4695.15
3673.76 8542.28
1310.03 8621.54
5508.46 260.47
9433.95 170.48
7138.78 7000.84
2918.05 5955.92
47.02 4584.18
4887.46 5180.6
7165.65 8900.46
7076.99 402.64
3583.03 5722.49
4944.64 5350.84
4222.75 6363.54
1249.47 1196.84
2134.55 2791.77
5891.99 971.83
1334.05 2365.54
9593.37 6842.52
2626.01 4190.84
2176.52 9764.79
1191.68 5094.57
884.24 6402.22
4842.27 5771.7
6746.35 2007.93
9835.69 8986.86
2410.57 8582.24
9872.87 2518.74
3933.08 4095.63
8882.28 346.08
455.99 6180.35
3137.85 1511.5
7152.18 4471.91
3877.04 1909.07
6477.95 1666.58
6099.92 8654.47
6594.89 2455.12
8912.56 7479.13
8857.35 3754.84
8414.36 767.22
926.29 8250.05
4917.6 8500.38
6832.29 4790.47
1019.12 765.37
8886.1 5064.93
6274.97 4505.61
1245.28 9412.83
6017.11 8397.47
9048.26 5057.68
306.54 5526.21
1887.78 6406.46
9344.2 8482.67
4025.11 8256.76
1125.33 8045.98
7175.12 9539.69
8813.2 3264.93
7789.74 3730.8
1765.32 9785.55
3684.79 2784.44
5714.44 7734.42
7849.37 1989.42
2240.03 4258.18
1402.25 3420.67
2655.65 5614.03
3641.87 8125.71
1140.24 5529.65
9695.7 5647.96
9175.84 3720.81
9068.24 301.17
1766.79 6243.37
9840.86 5743.51
9508.3 2794.12
4637.83 6437.14
2579.67 8322.62
9221.59 8294.12
6057.04 2234.48
283.54 8297.08
6492.66 6849.31
6881.27 4311.83
2463.34 523.14
2437.55 8767.1
6052.79 2133.25
4415.06 5228.63
1017.58 3483.3
693.33 2784.37
4890.19 534.19
3691.4 9562.02
3328.32 8329.23
5999.16 1071.51
6651.85 384.27
9365.63 7872.42
2618.76 4812.69
1333.02 4274.94
1662 8214.29
3750.3 9288.86
8737.43 1351.37
8055.96 9953.74
8648.14 7634.54
345.89 9665.72
6281.37 1039.22
7613.61 1171.56
6736.94 1305.01
733.58 65.26
9634.24 6732.75
6300.29 1449.61
2280.54 5665.93
9322.03 62.82
478.62 655.05
4337.77 7304.15
8869.34 3251.59
6593.01 2770.29
4602.96 9812.5
7887.55 3251.1
7447.04 8233.45
8080.34 3728.41
4436.19 5693.95
63.5 1173.13
2162.48 797.08
6401.91 1796.72
2693.35 2702.21
8409.85 137.42
3531.66 2895.41
200.24 4010.28
3550.46 9701.53
1314.43 7583.33
2953.12 3070.97
5517.14 7556.08
2883.47 3404.7
5970.7 5494.03
6801.67 4051.04
4385.97 6401.38
4908.51 4449.47
7574.52 7070.99
410.07 9139.95
4031.23 8266.95
7005.68 7604.61
8404.37 537.34
500.02 8604.61
4547.63 4050.48
8306.15 1025.58
6797.33 6422.79
9260.07 2314.48
3978.88 7307.06
882.7 5113.1
2801.1 2847.89
4327.67 7187.07
9249.27 4399.7
6800.06 1987.31
1470.7 7210.13
1127.27 665.45
5477.08 8132.95
8270.06 9044.97
3833.82 8770.08
7649.59 3544.97
7984.09 1119.26
9734.07 4781.42
7542.05 8994.15
2259.42 6684.45
6301.21 3142.12
1797.56 4265.83
5990.01 1288.75
1452.9 5239.29
5688.45 3416.48
2390.12 2322.67
626.62 3517.39
2988.13 1267.22
6813.87 6421.71
312.2 647.69
5191.8 3125.31
9356.18 3175.89
4244.57 9090.25
3120.83 6950.14
8084.4 5380.26
3634.6 9549.14
3685.9 595.68
3814.97 9675.92
1884.43 431.4
78.73 7572.88
3847.88 2468.85
9895.56 9638.02
1149.77 8047.21
6068.77 3127.16
4468.92 6380.97
8938.37 4824.24
4669.8 8294.55
3163.65 4077.89
7384.8 6284.49
1028.03 632.73
6828.27 4662.63
181.87 514.17
5258.31 9160.36
5353.61 2306.26
9591.76 595.86
5042.67 8603.17
8228.24 4938.23
8241.19 4541.53
8148.96 4309.96
7668.69 7781.4
5854.45 1770.58
2605.65 5687.77
5228.65 5769.3
9765.66 7776.97
7217.31 793.7
8409.7 4045.58
619.85 3755.09
9723.28 1041.69
8078.98 240.41
3347.95 7670.74
5999.8 8390.62
1437.43 4228.04
8492.37 9678.63
3933.09 6641.33
9152.11 6765.3
9586.26 5006.57
8535.88 2191.91
5857.86 3764.53
7961.21 5623.53
1541.5 342.05
1580.75 5114.73
9551.15 2200.6
4033.34 9274.43
8405.81 2112.32
4678.37 1753.77
4946.59 678.17
5307.91 6384.02
69.73 3800.29
1226.17 4002.82
5605.14 378.29
5931.64 5191.4
548.38 9631.04
2546.83 6406.24
3395.57 5671.57
7193.29 100.59
6013.62 8774.04
378.84 5564.77
6138.17 9575.71
2.73 4543.98
1688.03 9844.62
1461.27 1798.14
522.79 1932.71
8182.17 5756.04
896.52 4571.86
4922.38 6501.66
113.67 854.02
6856.59 5825.57
485.06 4566.94
2231.82 9044.15
238.51 4588.63
4308.26 6252.13
3362.68 9850.63
6980.43 4664.37
9426.34 2146.68
4371.87 1114.37
1991.3 996.67
8076.04 2514.09
2929.38 1421.73
3433.65 3825.9
5993.59 8356.03
5491.08 6107.27
4373.57 7511.19
1932.84 4858.63
2078.14 9328.18
9066.3 2316.65
3916.82 8538.08
3732.31 2443.02
8388.71 712.74
2270.91 7815.05
8022.94 6642.78
4092.95 14.24
7639.45 2168.99
7691.85 5732.35
3590.72 1125.5
9558.25 4747.83
4645.05 212.86
855.1 9018.62
7724.05 7951.47
9040.77 9802.19
7279.65 8107.07
7282.37 6359.99
6645.15 1014.68
3966.53 197.39
6890.94 6237.44
8012.44 4913.88
2880.23 7268.91
91.64 5683.2
9437.9 7783.49
6579.08 8192.14
4072.51 1300.85
2939.98 8717.56
1513.71 8958.6
7736.18 9237.77
2073.59 1940.47
4203.48 4516.77
47.54 6649.37
876.76 1856.21
2827.57 4843.3
2053.6 9718.51
6244.26 5229.57
9795.91 9124.49
2498.48 5051.07
9971.22 7099.91
2834.56 6550.3
455.57 6907.07
7851.15 8559.07
788.15 4528.39
7517.68 8524.33
8929.68 9591.27
464.8 3133.16
4108.04 5675.86
9782.54 148.33
2695.6 7773.63
155.15 4749.2
7492.15 6399.41
5142.29 2451.58
687.43 7640.78
7502.66 658.65
9904.21 5500.74
2372.47 359.78
7571.34 5387.14
8918.86 8359.49
9915.53 6436.54
2047.35 8845.21
1191.33 7675.67
7141.9 462.9
3351.54 2087.96
5774.75 1210.66
9861.59 5929.9
1123.38 2517.26
7492.83 6265.68
4968.85 8180.26
3906.46 7635.03
4002.43 8974.19
8299.29 6374.9
9333.97 5870.63
6925.57 8252.83
4230.13 6841.1
9852.89 1441
849.84 6207.75
9116.67 7991.74
1834.17 7631.73
5243.22 7608.92
8842.39 5104.81
8702.34 9965.78
7622.08 6195.17
6231.46 7754.45
4375.44 5301.44
553 3541.39
4275.63 8852.29
5079.82 8773.12
4722.93 2005.39
7025.96 4116.58
4010.01 2042.37
5557.58 4859.85
8250.12 4674.25
8015.11 84.29
2305.99 3258.33
2856.73 6311.9
8363.15 1559.07
6277.68 5985.23
7754.25 7672.66
8903.2 7293.21
8137.62 9456.2
834.6 2413.25
8308.49 5914.42
1186.38 8194.94
3083.33 3375.86
2311.52 7093.35
581.75 7869.1
1953.2 8831.88
7706.88 9968.32
4079.69 12.87
3226.65 2099.95
6324.77 1589.8
3659.02 7765.98
2738.55 6576.79
602.16 6805.27
3870 8739.79
6261.47 9868.13
1153.04 9733.49
946.07 7502.94
7928.43 4029.41
6042.32 5403.48
1122.76 6624.08
3272.58 8239.48
619.48 6142.98
8207.8 9862.69
6155.85 6597.98
1962.64 7644.15
3351.3 5621.67
573.65 1253.38
7361.98 1175.81
8058.65 6395.51
9915.6 9483.65
6263.64 6232.17
4380.66 2373.23
8898.63 7472.61
6402.64 104.48
2876.09 2688.92
6728.56 1312.2
928.41 2511.56
7455.18 4299.73
2374.25 8774.56
897.71 4336.9
1582.23 4249.02
5122.09 2155.88
5502.4 7647.59
8495.21 8724.57
4043.1 8410.82
8208.22 5470.26
9806.51 2588.88
7843.5 8705.14
61.5 9409.66
8809.62 8101.11
2098.59 701.7
9413.31 8190.52
8376.78 2032.02
2490.25 751.04
806.58 3387.97
251.46 2388.81
2800.51 537.07
9708.21 8302.91
8184.66 8203.42
2191 7391.29
1777.76 399.23
2861.55 1584.27
8151.63 705.05
5452.94 3376.65
114.72 4262.56
1477.77 7376.83
127.79 6054.6
5567.35 8504.57
3250.14 3221.12
4419.13 4056.72
1772.61 9834.11
1609.05 4573.12
5534.7 6480.78
8039.55 8882.89
4684.21 230.56
6274.18 1625.49
5793.31 9135.73
3209.77 3944.94
5004.31 8662.71
2485.12 282.55
8088.79 9126.41
7659.38 3380.1
5181.01 8390.25
7048.2 8431.16
6774.89 1467.33
7651.4 8547.51
6464.97 4423.98
8284.15 7163.19
904.76 6323.71
1209.6 752.49
1717.79 7483.78
2377.99 7511.1
1783.04 5587.76
6619.56 6787.35
9413.99 9104.68
2233.42 7502.78
8231.09 5056.32
882.89 8575.63
8610.09 7931.09
2170.31 5384.98
4561.94 4985.23
9096.01 6190.43
9409.21 7380.17
8517.15 5477.5
3703.88 9726.75
6229.99 5421.67
2374.06 3771.5
8096.29 9320.62
9359.26 4715.85
1271.49 3936.77
8984.06 3504.91
6603.08 2378.67
8561.23 2649.49
954.3 7171.32
5744.1 8288.13
7719.82 5469.56
3273.37 6815.84
6823.52 2682.58
4196.01 5340.67
3323.6 3063.41
230.94 9553.6
8485.08 7768.52
3325.1 1744.89
7089.14 7847.89
6460.74 8360.63
6948.18 608.32
1865.54 3551.26
2987 5590.29
6200.75 3941.3
7925.13 7108.37
7392.96 5644.96
2577.94 666.33
2460.8 9401.46
8512.43 1820.33
9905.65 1836.04
4883.74 136.59
1389.64 8532.34
7905.12 9878.26
277.23 4994.26
7726.15 1901.49
8518.42 9837.86
2509.82 5547.48
3389.12 5496.82
1137.78 4753.4
4601.64 9062.91
1861.77 1994.6
9871.39 4439.71
7824.45 2332.19
3841.17 6336.89
9316.04 8910.34
8172.93 4199.78
9046.94 4726.09
7895.64 2115.58
9767.87 3336.39
2273.36 2657.55
5237.89 791.78
2495.41 2911.23
6339.27 5884.53
3571.57 2640.57
637.93 3336.73
1703.48 7663.23
5331.34 6738.4
2102.94 3155.79
9070.59 1107.64
4656.2 3550.16
17.98 7992.65
7749.94 4228.44
7882.26 809.11
6344.02 7650.14
4145.5 8617.39
5471.21 4546.91
4572.69 7966.62
7458.14 6075.48
9014.67 6193.23
8716.05 4816.13
9529.97 5583.06
2479.36 4861.31
2321.46 4582.3
3180.62 6555.57
853.46 3000.35
105.73 871.45
993 3019.2
5099.89 4038.79
3828.31 1443.92
6852.45 3137.33
5224.83 2323.66
7684.25 9797.52
290.28 305.91
1036.53 4468.47
6499.15 9752.58
9284.6 6029.12
5335.64 1763.96
6053.95 2820.62
1509.79 4398.09
9376.2 2363.25
7398.44 4645.45
3234.7 3554.97
7664.65 3498.12
2757.28 6656.48
105.56 9609.73
9793.82 493.91
1933.39 2641.59
291.43 7387.19
2947.5 1327.96
1855.66 9446.65
6244.07 6303.79
639.29 6743.23
8067.75 1856.76
9563.86 4741.06
6254.86 4103.58
7104.32 8816.82
8749.03 5502.54
7535.31 1577.21
4164.18 292.59
8233.69 4269.74
5065.84 8027.51
4763.65 6999.23
5832.62 218.61
9549.94 8780.13
6710.09 6569.13
3390.3 8117.68
2872.92 9193.12
4860.92 6104.19
1049.88 9588.3
845.26 2468.26
3691.88 7949.58
1285.09 7604.43
8615.64 3983.92
9181.64 2779.83
9440.04 7415.34
2213.09 4505.88
606.37 2140.27
6668.64 6439
2358.88 6218.58
382.65 4232.49
2787.71 3772.95
2350.18 824.15
8129.59 7211.1
6928.35 9179.48
1962.92 7773.61
1647.74 5654.8
886.71 8096.35
3259.23 9502.35
7243.8 7604.4
7445.7 6683.84
5019.74 4822.32
1189.72 789.63
6962.59 7858.36
2392.15 4484.99
9240.47 2774.8
8717.48 7191.7
1711.28 1067.66
8015.86 9840.87
3442.28 4944.21
4183.87 5405.2
2717.82 5831.62
6223.52 8768.05
9091.49 4646.28
3433.92 6335.29
2250.68 879.63
8182.65 2433.94
865.47 9372.38
8387.09 7828.06
2394.26 779.25
2313.05 6798.25
8717.57 1030.53
3989.96 428.85
7261.72 2005.82
269.73 5867.52
2113.55 9617.12
6436.25 9994.89
5448.74 7823.29
8762.94 9703.76
2469.57 2196.86
1202.57 9883.77
8240.01 9385.23
2317.71 9105.48
3921.13 704.81
6933.54 1478.91
6647.58 4410.11
8277.17 5365.15
604.17 7430.65
957.53 3029.41
9436.47 6390.78
8896.93 6713.54
6007.9 496.7
6708.43 1456.65
8320 5471.37
6323.93 789.57
7668.23 7526.5
673.35 1071.77
6911.73 8154.58
177.25 5996.38
4022.91 2274.32
7475.3 670.49
6684.43 915.99
1199.17 7288.6
8346.64 2156.7
318.01 2946.63
8547.48 4378.47
9660.17 4555.38
4875.17 6368.6
1175.55 3195.17
1839.97 7499.48
9148.27 4671.72
5025.99 4985.14
5743.49 7101.24
3139.72 1084.27
8261.15 2326.16
3358.59 5736.45
8160.17 43.02
6652.44 9359.34
2495.15 162.6
1516.04 7976.68
3109.23 5227.04
7518.67 2769.4
9782.43 2393.85
9138 957.98
752.54 6141.49
3620.99 9900.81
813.21 3810.5
49.47 1720.23
6075.26 3189.2
2804.5 4336.41
678.88 6163.09
5236.38 8839.05
1369.63 7052.34
8198.4 9028.3
7214.94 4877.96
7004.99 324.17
105.01 9687.18
8257.09 5050.96
2081.03 2558.61
1172.46 7997.1
8700.1 9956.97
3061.43 4676.84
3767.47 3110.91
1560.59 9842.74
1463.63 4365.09
9342.67 2142.51
5691.7 4579.06
981.56 7061.33
6794.92 9179.96
1253.16 4009.87
9221.45 3421.67
9497.56 4489.98
3108.85 2918.18
4704.46 353.41
5476.79 5876.92
8350.51 9340.42
997.42 1411.94
4017.26 4764.89
4522.85 5577.85
9771.15 5986.48
5106.46 4277.35
8128.99 798.16
8856.41 4274.08
3023.01 814.85
8617.56 4276.17
9988.24 7839.01
2861.36 9485.81
7492.51 5970.22
7567.51 2196.97
6323.63 3044.3
3237.42 4674.14
2384.72 4234.84
1249.6 1565.5
8999.73 935.98
2306.87 3934.41
2085.98 7413.33
8211.76 5378.5
3375.01 2231.69
9652.58 6398.03
3046.54 8270.14
5837.72 3034.79
1272.68 8699.09
7684.12 8765.19
4669.31 5251.63
962.17 6156.46
3459.45 9363.11
5994.12 5844.18
3597.95 7243.72
2573.2 7761.2
3343.22 4880.08
1695.61 5429.21
2293.41 5070.89
5971.23 5668.43
7302.58 787.33
7229.98 5512.65
9057.47 8231.22
3710.96 5493.67
2093.83 1395.08
4258.87 1926.66
1810.23 384.56
8083.12 5269.68
9747.67 4077.24
6277.38 8509.14
6484.49 8850.59
1433.86 9827.71
3730.67 8293
420.44 1187.6
3363.89 1555.19
6856.03 5830
2342.52 9249.53
1342.65 6563.52
7480.76 5053.61
2057.19 9574.59
1612.21 1479.58
1501.26 3422.44
7027.66 4747.9
3855.64 1938.85
8825.15 133.03
447.99 473.16
8983.62 1881.86
5464.39 2714.29
174.86 1048.36
3901.89 8702.27
2603.55 5921.45
4532.27 4946.08
334.5 1038.44
1509.6 7815.26
1255.57 8730.31
2553.38 2867.78
209.9 9218.16
1453.74 2401.08
3966.06 5309.39
4339.94 7954.73
5442.42 4787.93
3591.41 9589.56
1833.31 9055.81
2303.85 2008.17
104.17 1369.26
5873.97 7871.24
2454.23 406.24
2817.32 2788.74
6608.21 9490.44
604 7863.78
3384.28 8320.9
5895.09 8757.7
2702.58 7348.83
1158.78 1832.17
7821.74 5498.72
4950.42 8427.68
5450.18 8541.84
3180.76 7283.49
2761.17 5484.61
4455.19 8028.86
2017.4 329.16
5900.1 4471.63
5898.92 3880.95
7260.37 2507.13
8534.91 3027.9
370.92 1919.19
6512.32 1429.53
676.89 9214.91
3941.88 1835.68
1047.08 1763.63
2497.92 5997.5
5354.83 7948.1
9702.86 8535.6
395.12 7627.55
9183.73 4850.31
5656.41 6364.65
342.99 1556.52
836.29 6241.91
600.99 3260.18
3912.57 9135.9
6288.08 4283.49
1055.1 2800.41
876.54 6895.51
7178.84 4818.42
3894.71 8225.92
6582.05 6392.64
9386.94 7100.41
9504.26 4253.33
799.53 9899.38
1880.88 9983.26
9913.21 2700.82
6347.92 256.2
4257.34 2347.73
1661.64 4858.33
5607.91 5574.21
3994.23 7059.52
5021.22 212.85
5023.45 5897.76
7108.37 2202.29
716.18 1003.08
5591.73 2461.76
7395.72 142.19
9562.17 2063.51
4395.52 361.7
1962.89 1439.93
5508.48 1876.11
4140.75 7019.92
2132.31 3561.61
9367.65 8957.47
3583.46 139.09
4531.68 2741.21
7198.61 9552.9
2954.07 2222.06
5450.66 62.44
9587.87 1330.37
6229.04 5179.6
3792.13 8788.29
5321.79 8517.82
851.8 4880.84
4043.04 2814.69
1484.29 4715.04
9854.32 788.56
1734.97 7150.16
4350.17 6266.14
6107.63 7933.63
6405.23 639.32
5838.36 8767.36
5355.74 8792.43
989.42 5969.93
4018.39 5740.81
7300.3 5410.96
920.41 6255.95
4199.25 1405.73
9937.29 5051.05
1450.09 3980.33
3029.26 2934.38
8695.37 8047.11
8886.46 5593.86
5197.27 3236.63
1860.01 6468.42
6333.78 3428.76
7107.74 2172.14
2196.13 7627.01
6128.1 8349.07
8760.46 5310.01
4089.89 1224.28
720.97 173.82
7480.23 4920.22
1579.55 7417.52
5134.79 8193.16
6561.37 3327.58
6291.06 420.26
6538.21 5177.52
6014.13 1735.48
8414.15 3037.66
8203.9 9911.45
6466.42 475.17
2083.6 8662.55
3265.7 3375.22
2175.15 2026.16
8685.23 6265.04
3250.44 9406.21
6438.86 5894.19
9489.95 3181.94
3311.71 9788.27
1375.1 5036.6
8279.37 7666.17
5456.86 4817.58
8007.21 6634.51
1716.58 6421.37
9672.17 9920.48
1496.34 6138.6
5559.17 8743.46
9964.67 3988.39
2118.68 2139.82
6014.55 803.92
8404.86 4428.51
5373.65 7.25
322.7 27.12
3189.19 8797.93
9815.39 9727.81
3834.53 8094.76
2557.5 4454.92
8075.86 564.72
1089.43 9792.44
2149.61 761.61
4876.45 3645.95
6900.21 435.62
2389.42 2028.4
4424.02 9671.62
4168.23 5602.09
5639.06 7736.61
30.61 1012.71
7743.86 353.31
1039.84 6096.57
4314.77 6018.75
987.91 8149.3
9277.04 3545.41
2604.22 7352.9
9273.65 3693.66
2308.87 1423.26
9618.79 7185.32
232.74 1682.52
2784.46 7785.68
3710.92 7208.48
7457.3 7879.15
7974.1 3096.37
779.29 8004.71
9272.6 8523.15
3521.54 5475.96
9783.25 7836.31
6658.24 771.16
1149.14 5935.28
9480.09 8916.88
8451.7 8753.75
2610.54 760.57
5340.53 7392.85
3109.41 736.79
9075.37 5893.88
8522.47 2786.3
3102.36 1143.3
5828.97 6239.98
4239.67 6608.26
9408.21 8675.79
294.94 2929.76
4151.76 5241.71
5929.59 810
6012.87 7078.73
1908.8 656.48
5995.62 360.5
9410.23 3769.68
6284.6 9914.29
1162.54 9394.01
651.08 5401.43
5287.89 4337.08
3351.25 3553.78
5480.38 9180.23
9793.76 9720.05
952.01 9201.98
8395.84 6410.47
7295.26 7711.12
1652.18 3224.85
8521.12 2828.57
5467.11 429.92
3485.06 6626.25
5953.95 8058.81
5559.45 7402.07
7973.1 1885.51
6796.08 3787.71
7286.95 7247.5
8124.79 638.2
5964.8 3605.17
4981.95 922.08
8488.74 5933.97
5287.58 2048.1
7507.96 7746.36
9759.23 9160.15
6134.74 3443.87
1988.72 1601.85
3873.8 5473.78
3391.62 4991.27
3532.6 8951.07
2393.34 6669.22
836.59 4352.94
456.93 8123.54
6763.96 8581.72
3925.26 7892.28
2186.89 8907.22
8814.37 5839.15
4.71 9265.47
7887.26 7512.67
7011.84 7646.49
6672.82 3146.58
6253.88 3825.07
9911.95 5291.2
9298.85 3303.57
282.47 7994.97
2254.64 7839.33
4664.2 3091.23
7355.8 284.65
6378.29 9283.28
8866.38 303.56
7175.57 6216.79
4374.3 1153.46
2055.95 9542.53
418.93 5106.73
7055.2 7430.77
7916.74 8891.55
577.35 4170.62
7880.14 5652.82
9461.83 2342.51
8956.39 9744.3
337.49 1211.04
2747.16 165.21
9465.79 102.96
449.86 5844.09
4549.76 9316.24
1311.17 1725.33
696.56 848.99
2878.79 7916.03
391.52 3297.73
3022.76 2610.24
5892.02 6103.02
6665.31 1632.9
273.64 4545.45
7285.72 9735.47
6887.97 6242.12
4643.3 2388.98
2616.68 2553.98
2554.19 2082.47
2656.94 3004.05
3090.08 2370.22
7483.82 9564.77
4095.56 3343.9
413.76 6974.35
1259.93 805.28
5435.6 9446.21
8579.05 1327.63
712.75 5244.36
8124.05 986.39
4953.34 5409.77
5885.39 1841.31
1651.89 528.69
4230.29 9432.09
3082.67 1948
6678.09 903.13
4952.05 9768.17
3273.35 7599.39
4496.47 2532.43
943.29 4910.23
4670.31 7366.74
879.04 5269.43
1976.47 9458.09
1760.58 2689.22
9865.97 9884.63
3675.62 4819.31
5294.41 4724.53
1824.14 2109.82
5253.22 1217.95
1541.92 3499.41
3165.95 8220.01
9566.06 3281.53
3151.7 8002.93
6044.44 7648.17
5698.89 6987.74
7721.93 369.2
9518 8600.97
5638.63 1494.48
3222.58 7399.22
9347.22 3088.55
7283.85 8186.36
3071.39 7741.78
2910.89 59.05
9851.61 3327.63
1277.01 6557.05
1990.56 9606.48
9940.58 1556.62
8051.53 3092.28
4723.08 4095.98
5903.98 5585.49
6247.24 3625.91
5954.69 5765.24
2226.88 6756.84
2423.24 612.98
9319.58 1770.47
8865.05 1766.96
9956.83 1936.44
9508.74 8031.25
1995.5 4523.87
1358.88 8436.03
6244.44 3349.45
8042.51 6185.02
69.59 6094.05
4440.83 9956.19
5353.55 344.81
5541.68 1600.79
3970.72 6659.89
7366.03 1361.12
3416.74 4952.8
1974.1 7899.84
1886.79 6002.67
9666.8 7007.14
7939.12 4339.07
5038.39 5098.14
4026.46 6397.28
3534.17 270.91
9746.73 6740.2
1619.45 9816.32
7997.77 6060.28
4936.04 3351.32
6405.09 477.72
4952.11 375.81
7137.62 7481.67
6900.45 5717.88
2434.47 4038.07
8781.24 4321.26
40.75 3611.57
1328.4 3143.39
7950.64 6366.8
8241.53 7140.62
7927.6 6939.22
2575.05 7674.33
3679.42 4194.51
2654.17 6840.72
254.79 2753.73
192.04 1823.41
3231.46 5144.16
7362.74 5532.6
7789.35 4263.2
6414 223.82
8301.27 5195.24
9708.6 3505.54
8806.81 6200.52
6648.93 1920.97
7730.84 4890.46
4225.12 5658.44
6993.2 6800.17
8496.29 5836.15
6158.2 6313.99
2676.87 1576.52
9067.72 2868.91
3399.93 7462.7
3176.59 762.67
8158.82 965.94
189.39 4572.82
6353.28 3654.19
9768.07 6061.88
7159.73 3738.4
7425.93 8972.19
822.9 320.29
3862.65 5048.02
1142.26 6019.38
7011.71 9638.55
1855.53 3169.92
1116.06 4532.4
4746.44 5347.31
2564.83 3309.89
7973.53 5741.43
9236.08 6132.36
6707.37 4589
705.18 3060.66
8243.19 5636.77
4286.06 566.44
4538.7 6875.51
9538.63 5361.6
7195.81 8564.81
5573.14 8338.07
4584.19 2584.85
3140.14 6439.72
5754.77 4256.21
6135.64 5664.73
4767.04 8700.47
4138.14 2740.57
4441.9 3374.23
8872.93 6312.8
3126.75 4741.64
4536.98 6533.46
5541.93 8823.04
7099.9 80.63
5698.56 1802.06
605.75 2894.37
5530.39 6178.89
6395.96 114.58
8763.75 9536.1
1717.82 9682.04
3792.31 3016.98
510.3 3722.87
1717.45 4648.44
6463.45 1322.88
3186.19 499.9
7635.68 6312.94
405.06 2172.66
2846.4 5947
6159.22 5109.83
1191.15 7021.3
2075.41 1796.91
5079.19 7605.8
3139.32 1475.15
7720.38 1903.07
1011.26 4601.72
6748.64 9967.09
7618.7 7258.94
3689.97 4499.67
7070.9 5316.94
5822.55 257.1
5816.84 8621.75
1733.56 1385.43
5957.93 9743.49
7332.43 7280.68
4853.32 3687.1
4301.98 6928.73
647.53 4544.7
4534.53 3786.86
6019.85 7418.43
5689.93 2194.63
7183.67 2438.57
2161.73 9965.89
4861.03 5851.7
4465.56 1931.94
6332.16 5451.64
7352.56 2149
9236.91 9086.12
8697.95 5194.85
8829.61 6030.38
7639.05 3682.93
4881.01 1941.03
5775.18 5528.54
1649.25 5473.23
9315.4 7669.11
2891.66 168.86
9863.74 5238.85
7770.95 7188.99
5204.74 2631.99
8204.21 4833.83
9727.45 4536.37
285.47 7080.01
1848.9 4685.9
6166.13 546.85
5044.27 4995.75
1740.76 2683.32
3842.2 6621.77
9787.88 4780.91
7313.83 1437.13
254.14 6629.24
4269.76 8309.33
1961.62 4133.51
8711.7 9732.57
6486.02 3916.45
7528.08 4690.24
8750.28 7255.53
9226.61 4199.27
4335.54 1075.51
8885.17 5665.2
1622.37 9092.97
5824.47 8526.65
1776.29 4830.19
5148.42 1564.17
9611.1 2462.25
8164.83 5028.77
4255.01 2434.59
8501.62 6216.63
1731.62 7213.32
5949.21 8217.65
1129.77 3477.29
2907.89 5043.57
5896.35 7298.02
4406.36 231.89
3537.06 3291.54
1060.61 5159.43
7548.03 6885.08
3686.08 9324.32
1715.28 3998.02
6052.02 1326.38
1623.79 4216.85
1518.67 5878.81
1814.96 20.29
7258.96 8710.11
7233.62 3208.17
6927.76 3526.91
1848.99 4999.17
8570.49 2908.86
7460.71 2976.85
3140.75 997.77
1431.91 9364.89
1320.72 8979.94
6249.97 170.32
3467.79 7965.25
4168.34 9519.81
4455.16 955.66
8900.18 5973.83
6834.47 715.14
1157.65 4093.43
4588.77 8391.27
2465.13 1516.53
1918.18 9477.64
1679.22 488.67
2386.5 9139.94
8629.05 690.77
5301.23 60.96
55.66 6621.96
4204.43 6305.64
6792.28 7672.22
9434.41 6124.15
7192.03 3889.57
7079.81 1255.73
5026.93 9077.8
1970.87 6184.58
8334.75 1723.17
9739.37 5963.4
3239.7 1657.55
5441.04 82.45
7309.75 7827.54
4385.91 5938.8
3681.84 9687.14
1163.28 3737.5
1472.62 5367.71
5206.66 3428.43
3039.93 4641.08
9552.58 5395.48
3694.17 1795.91
6651.21 3884.62
6037.23 3785.61
5232.72 4371.98
5508.78 4972.09
335.39 3912
6629.65 939.95
9157.97 9102.92
3931.02 3543.88
205.24 7612.86
8394.55 1368.52
6513.88 9867.17
1899.76 1720.55
8459.12 4939.69
1525.15 8011.7
5498.7 382.84
9807.61 2149.91
4267.47 5844.84
5935.52 4663.71
5380.35 6607.82
9635.81 879.26
519.83 1428.98
1819.21 9677.8
531.9 913.75
8385.21 5900.66
8526.61 6779.76
7269.18 5040.5
1810.45 9168.94
1924.57 269.58
9272.16 3449.72
3444.8 4770.86
8996.08 8415.94
6920.77 8427.07
9424.3 8019.82
3090.79 4804.65
4627.64 2726.6
847.43 5147.47
9319.1 2666.65
9988.8 5014.52
8743.92 8374.01
915.18 7270.54
5153.77 8184.36
7474.56 2127.74
2516.83 9399.13
7560.84 6952.51
8012.37 1005.65
1723.37 2171.97
9421.59 3807.66
599.05 8845.89
6991 3689.84
8814.07 1618.65
1579.96 9661.5
1929.64 899.06
7491.67 1918.44
1077.1 6235.6
292.45 1992.28
8669.66 609.74
5340.16 6144.22
7901.01 7856.99
706.87 5461.85
9973.02 3882.76
6467.5 1696.39
6054.73 1052.61
667.58 1817.3
5062.03 7658.58
670.66 3876.1
9277.23 2250.62
8701.12 6370.4
8313.2 1356.32
8288.84 9390.3
2755.44 3744.82
6546.1 1425.1
9518.08 1886.27
2732.84 7419.09
4906.78 8603.23
2880.95 4879.81
7649.51 4511.97
1739.72 3704.24
5564.59 2407.3
685.07 626.62
65.89 1355.73
9666.24 4506.64
3606.36 8367.36
6040.56 7083.08
4887.2 4329.41
1636.91 7642.64
3237.75 8183.01
4231.26 2755.83
69.28 2127.62
5338.45 139.59
5894.37 8219.4
5019.4 3543.88
7894.89 6759.12
2411.65 3459.48
4329.95 3096.72
9249.62 9559.36
4452.45 8915.86
9229.52 3222.33
2446.75 5270.09
5468.94 7333.95
4763.02 7105.85
140.12 8000.77
5288.86 9534.9
5920.12 521.67
1662.53 1258.57
5824.78 2720.42
4641.49 844.18
6264.31 2536.39
2766.82 8675.96
1159.39 7096.77
6936.2 409.02
6656.13 1388.65
4488.4 5885.66
9774.51 6935.15
1155.75 5243.45
9432.63 5918.77
2349.3 9572.75
9083.06 2801.68
4271.17 5003.18
8486.87 5933.7
1425.28 4311.65
3817.65 6066.77
319.35 81.96
3766.68 3086.18
3921.44 89.6
182.95 857.64
498.62 2002.61
7409.81 4987.02
3051.79 7184.32
7085.7 9371.06
2427.77 6518.33
453.35 9940.59
6091.08 9536.41
2742.28 5525.77
9703.11 6392.67
6623 1128.39
704.33 440.65
2358.69 1023.68
522.61 1288.89
9273.38 4444.05
1378.49 4619.86
465.21 1877.11
6622.47 7875.02
2027.66 4837.78
5059.35 9113.36
4208.84 7487.12
5631.69 4662.19
2591.24 6886.29
4198.6 5333.52
2412.06 9065.23
6889.71 9035.06
193.63 7594.04
9475.71 7715.84
3781.25 5161.84
9004.73 3054.63
4769.41 5546.75
7674.49 5234.62
2587.38 9460.48
8273.17 4615.04
4298.26 3332.52
8891.92 3670.62
5983.16 9687.13
8332.81 8574.4
6573.42 7694.93
9071.44 4149.01
6760.17 5961.16
8347.59 6953.8
8718.72 2986.83
9833.16 2499.97
3312.19 8837.89
718.13 8081.61
4384.64 3556.14
8479.75 6972.03
8180.15 6752.92
6750.59 7641.93
5248.96 5642.52
1312.56 1232.13
5329.65 9645.37
9806.53 7066.6
2503.83 4041.5
6379.13 9264
2.66 9890.24
1381.32 8721.38
8040.59 1214.48
6384.88 1352.79
5215.89 2266.53
4597.92 9600.54
986.19 3077.67
1736.09 9166.34
4994.12 3650.2
6808.28 243.08
4456.24 3284.36
6638.73 9785.9
8093.25 1608.79
2016.02 597.08
5650.29 3558.67
9861.08 5652.95
3448.91 1242.4
9537.85 1489.51
2456.88 1086.25
8005.82 7672.78
3352.78 2603.74
2436.84 4338.98
844.93 9336.45
8668.84 5839.05
8150.17 640.64
1245.66 2606.42
3925 7884.39
7555.84 2018.26
9493.18 9571.86
2615.34 5143.47
8294.05 7639.95
5959.94 6906.48
8882.35 661.32
3559.51 6502.76
1747.57 1565.33
9339.06 5100.36
9332.59 6939.42
4602.86 177.53
6275.87 8435.22
1180.1 4426.04
9075.87 2425.76
2195.98 8164.39
5473.68 9751.82
182.65 4966.86
4487.2 7961.52
5273.86 2781.25
764.99 6397.32
9687.74 4810.86
7058.64 3247.25
1313.62 8806.22
9976.11 652.68
9070.1 9308.7
2755.62 8836.48
9486.23 9031.49
7271.7 5829.86
8621.06 6347.57
8255.62 817.04
4511.97 8892.82
568.87 9858.14
9023.21 219.59
2983.18 9460.59
3000.85 3748.17
5857.91 7852.11
8559.04 8080.08
1099.36 5036.18
2049.82 6238.99
852.39 6283.44
5547.7 3608.01
5119.92 197.45
7803.03 7555.14
6027.31 1587.61
3902.72 9446.46
7568.17 3578.21
8339.28 8137.04
8599.87 7362.49
8356.64 6746.58
6823.08 6521.01
5658.27 7844.52
4373.12 9380.83
5924.6 636
4417.02 3137.94
6875 432.93
9421.38 7586.22
4040.94 4541.3
7783.67 1843.97
2096.44 8974.51
8595.1 1162.68
8420.97 6163.28
9904.41 6760.25
9463.84 3667.81
9286.27 2984
414.39 1272.87
9505.01 6072.66
9117.39 9041.65
5453.5 205.51
9677.66 5034.04
3343.45 1716.18
5466.97 2764.83
9302.4 4671.43
2469.65 2249.59
6515.41 9729.62
1224.1 274.03
6055.82 9645.07
6437.31 5960.24
1568.85 5901.16
9628.05 855.12
8885.16 5205.96
7291.51 3553.7
1278.62 6408.91
2595.35 1895.64
6614.42 2273.01
2093.2 5121.4
9152.71 7560.17
7886.23 3618.63
2231.61 5519.41
5868.23 3910.54
5249.03 2255.85
4184.57 1304.85
7064.45 5785.41
2428.61 8633.3
1686.57 7220.18
4651.94 5735.25
7589.66 1943.45
9288.95 4031.81
3515.88 1884.31
5927.45 5293.83
9320.84 8020.66
415.23 8473.56
744.35 3464.98
2092.19 2975.96
8984.39 3123.94
2050.02 4233.42
5379.8 1398.12
701.8 2444.25
7183.53 8293.93
6241.07 8870.1
5514.12 893.01
9768.87 3103.78
7999.98 9057.83
7135.59 6679.39
942.14 8226.57
1973.22 262.98
1410.75 2388.45
3900.06 2155.1
5853.43 5992.26
294.59 4837.83
4279.72 7508.13
4234.77 9659.52
8906.25 100.09
7267.29 6089.78
8394.03 3508.36
123.4 9071.67
9564.89 9892.28
7338.97 2728.4
8950.11 9638.09
9407.79 5055.77
7864.66 1381.01
482.27 4438.93
8932.98 4382.34
1757.55 4786.41
5538.12 7215.66
4787.76 9817.84
4723.8 9022.54
4640.89 3630.05
9122.63 1908.18
4883.36 2680.18
580.07 5006.76
1751.85 144.96
62.56 9090.83
2873.36 9012.67
8728.92 7444.67
9231.96 1757.1
8825.68 9714.24
6196.03 7758.66
9260.1 7953.58
7708.6 9961.74
332.77 2496.36
4943.1 5056.57
6682.42 9583.99
3850.14 968.58
6655.7 8733.5
3648.76 7235.77
8903.79 5400.62
2544.25 8966.35
9654.97 581.14
3142.55 8383.89
8025.81 7538.03
5304.51 2015.02
7252.27 1500.54
4937.2 1675.89
4617.64 2645.8
1637.63 4950.41
305.69 6580.74
5170.5 6988.11
1328.25 9020.65
3120.21 7983.95
2917.67 6768.98
383.24 1821.46
7333.12 8091.02
5951.34 2151.61
3835.68 4257.41
5699.02 7025.01
1795.44 1003.53
9040.03 4211.24
2504.07 9140.76
5887.13 2285.23
1786.56 7524.77
2399.17 7255.77
9269.03 7569.67
9407.41 597.28
6590.32 2527.62
3744.76 9508
4460.12 9291.52
6492.98 6956.76
2546.06 2444.32
9108.37 6381.74
6701.73 4807.39
8570.28 8497.18
974.44 7610.31
7871.94 3478.51
1914.59 3759.07
927.27 3701.16
6447.36 3326.44
956.93 5716.39
896.11 364.34
1477.2 2649.96
8055.49 385.48
7321.48 2515.61
4840.52 3814.46
9472.38 7386.59
1422.31 3744.27
8931.85 3287.56
3715.19 7502.13
6948.26 4689.63
275.97 4820.2
3331.67 2190.56
8579.28 4258.94
1055.24 190.16
2748.9 7175.7
1070.08 8808.53
2703.56 2547.28
1458.49 759.05
8096.28 3943.49
8438.19 8100.32
2921.48 3074.09
5486.91 4343.79
6818.36 9582.29
7631.35 5697.07
2247.94 9743.14
386.71 2523.91
4563.34 3718.38
9878 8306.14
3140.84 6096.76
8496.31 5889.74
3272.46 9566.39
4698.27 1139.55
7277.19 1320.29
7062.12 5373.47
427.3 5500.31
3473.79 3348.78
8574.4 4124.23
2856.09 556.29
8870.04 5650.97
6253.36 1117.98
5394.11 1803.59
8805.42 9957.45
5521.97 3846.94
3427.12 3826.33
9943.7 1923.43
4879.59 8379.69
1489.82 9577.87
9519.24 3930.53
6061.68 6581.36
4467.52 6488.98
7245.2 7941.31
5001.29 983.12
7229.06 7857.38
1539.41 6099.1
3508.35 2956.3
2380.61 8902.46
9923.41 6349.55
4023.44 608.91
196.49 7450.56
4435.24 5303.71
4537.51 9314.84
3683.4 1190.85
4056.23 8366.16
5121.38 5281.43
111.05 9588.9
6933.93 7356.25
2693.73 1935.22
8339.37 5086.32
4956.13 5042.31
6348.94 8464.48
3162.13 8729.55
2530.47 3085.54
242.62 1717.43
3694.45 439.11
4331.51 3293.22
906.35 8869.02
2608.06 4589.75
59.87 1827.81
8119.44 344.77
7109.24 8230.49
9933.67 4043.17
5586.74 7790.92
1141.92 3926.11
2877.24 6098.05
4131.94 9226.19
4562.53 7294.07
3119.26 2256.52
379.62 3361.89
3973.95 9237.59
8964.52 8305.46
2530.81 9870.87
2338 302.39
9624.15 2397.87
2130.2 7743.59
2742.64 9239.44
5974.08 7839.83
3282.62 1560.82
5630.76 9588.06
650.45 3671.52
5686.11 4782.4
2897.71 5412.16
7239.99 1180.5
7668.69 2783.13
4542.39 6806.16
2020.73 8670.43
5111.63 9715.06
8541.31 7449.63
17.46 3328.98
5011.03 2147.66
1072.57 2917.19
6550.63 7046.65
5920.55 4996.77
3770.99 6714.83
4584.83 9584.96
386.35 270.94
9530.88 8447.59
5683.1 6770.88
9628.09 3351.79
9554.01 9334
157.96 6738.26
8004.43 433.11
6453.33 1709.26
3046.26 1634.31
5038.24 8057.29
3781.97 6110.81
6138.01 5496.12
8320.98 2058.56
492.89 7255.49
8773.39 5077.72
6840.46 9159.74
5348.66 6371.34
2770.85 1031.77
8305.74 2398.94
9547.08 3023.28
1732.94 4868.56
9761.54 4900.9
5301.67 1378.39
6610.16 3511.46
3012.7 1648.41
6732.27 1958.2
2922.74 2870.28
7454.32 6407.25
92.36 7947.22
8826.26 8865.75
8188.46 5666.72
3189.02 3537.13
7201.59 5959.87
9732.42 5507.33
3522.34 4443.02
8530.61 418.8
9311.59 3455.68
5319.7 4613.26
4834.07 7093.39
8124.72 3010.3
3905.32 20.52
132.02 6828.06
2890.8 2749.86
8398.83 2983.17
5860.6 7225.1
7012.44 4049.07
8055.34 5364.98
2749.72 5256.93
1324.86 2482.14
5927.79 10.72
6925.16 9621.92
429.52 6236.75
8241.12 5749.23
6013.54 8238.72
2842.62 9301.78
1249.02 1911.46
9322.3 6544.56
8739.52 7376.63
9294.42 2301.88
359.8 5155.03
4690.5 2535.76
9204.1 2745.84
7900.75 1953.82
3166.3 4389.13
9599.48 4257.61
4399.85 6524.64
3879.53 9992.89
7924.92 7284.18
905.64 9101.98
5522.9 3748.26
8403.76 1935.44
5659.72 2889.59
8480 9562.77
266.22 7774.42
7028.17 5789.54
2929.45 1718.67
8325.3 2133.55
4464.51 1389.57
9250.89 2794.33
5778.7 8850.37
7051.94 5342.07
5375.02 6095
5334.97 8463.46
3379.18 6240.61
7565.44 8902.08
5152.4 1132.72
837.52 5975.64
4022.31 9317.52
701.93 4288.53
2255.46 7730.1
5241.59 5184.92
4612.29 8730.42
2481.99 4240.33
119.99 1732.89
7034.66 1062.22
583.26 4086.61
6404.29 1121.8
5345.13 6902.78
4748.78 8724.31
8306.92 2314.22
2789.91 3459.32
3446.95 8790.95
4598.48 2632.78
3271.99 463.94
2084.84 5527.45
3357.56 7326.43
712.37 7969.86
6056.85 3194.37
2210.19 1340.37
90.78 4408.37
2402.59 674.04
8494.98 3970.4
6959.37 9003.63
6036.71 1708.15
7727.94 4343.63
9185.9 5681.37
2966.47 7796.37
4472.32 2728.47
429.15 7744.31
3192.41 2513.99
3271.77 6549.98
5003.95 3984.14
4519.84 6224.32
2342.03 1893.55
7564.69 2432.81
6301.92 5130.8
8270.38 9960.43
9101.21 5229.75
8964.06 301.44
2101.42 1855.53
4645.07 1287.32
7536.9 7611.54
4247.21 2009.23
340.01 4676.37
4917.06 8695.95
2353.88 3352.35
5245.93 2521.35
2500.02 4929.29
8745.68 4842.05
6822.84 1473.89
2438.39 3124.76
6604.7 708.77
8248.71 869.43
1102.04 7212.78
1170.87 3203.46
4231.83 979.46
9654.31 1768.73
3754.52 3901.52
8941.48 9258.05
3741.41 9022.07
7954 1258.82
2374.42 8363.45
3780.17 4874.44
3292.74 7689.37
9716.5 115.58
9163.27 2154.89
8403.87 931.49
8027.18 1816.1
6964.44 9129.22
9028.88 3298.83
7496.2 3260.71
9441.81 2314.03
192.97 3196.33
1379.08 4297.97
2454.38 284.01
3320.04 5571.91
1542.83 5694.47
3935.36 486.53
568.91 7228.11
3339.42 285.41
2507.21 7666.21
7603.82 6074.6
8597.7 794.52
7890.71 725.66
5087.26 2083.11
9188.01 7746.99
507.35 8629.82
5224.54 700.32
6989.67 6603.62
161.81 9444.06
2051.16 3481.86
179.49 8757.51
9176.33 4114.85
9244.04 9745.24
1342.96 2583.47
5194.18 9013.7
249.68 7961.52
5088.3 4010.91
8756.05 2979.01
9900.09 3843.31
225.65 4251.63
1590.3 733
2881.45 6814.85
6596.84 9871.13
8581.99 6758.65
4478.71 5796.67
240.51 4658.2
4554.19 4580.36
8773.05 8961.75
4325.61 5279.54
6708.74 4683.31
4293.24 2121.95
2644.83 4545.06
1296.38 1400.88
7524.08 1196.47
407.72 2913.25
5448.1 7161.54
3646.25 3493.08
9139.91 5406.61
8527.73 2885.43
7328.78 8169.96
8682.1 7569.3
7991.68 3236.29
7313.18 6764.73
2198.05 6802.31
7207.79 4070.31
1485.62 6664.55
6192.26 4130.46
1209.62 7488.64
694.86 3897.22
3848.64 6266.1
6810.47 4460.26
8591.17 5620.24
7953.34 7731.08
1026.85 1644.59
616.51 8355.63
9814.55 9298.62
1088.45 7806.23
7698.43 8401.64
9734.49 5060
5203.95 2105.8
9130.32 1853.1
8770.36 5322.58
1147.08 9979.98
2811.23 7005.46
3877.2 6659.87
3271.57 5851.19
1120.13 1862.74
1471.43 4237
4757.34 2498.28
5881.59 5373.86
6017.43 859.67
9836 7105.89
3829.42 7534.43
671.05 8727.43
2594.44 1038.52
833.24 1724.76
2891.62 9603.6
2210.86 9202.22
4747.1 5022.09
6207.69 3787.82
6845.48 9479.26
9639.01 3129.14
6505.52 6273.96
7366.14 6426.38
3935.76 8411.25
1800.24 9953.19
4434.44 6799.76
2222.6 8263.87
9497.72 8057.17
6991.3 7255.68
9095.7 2988.06
4143.96 7150.84
7755.18 6354.82
6353.07 2502.28
6540.44 2560.76
1453.62 3385.92
7203.54 6256.15
6515.06 8872.58
2530.11 9044.72
5298.96 1629.39
7455.98 2262.73
1582.59 1890.42
9062.49 3805.19
5317.81 3723.73
1862.37 2309.12
979.41 6121.59
5297.18 5123.37
3272.43 8215.89
1478.2 4789.02
718.17 8018.64
2513.3 7335.32
6568.08 9716.84
8754.99 3083.15
3752.94 6448.63
2127.87 9051.91
8078.02 4747.37
6478.16 9660.61
6637.8 704.17
8629.33 1955.61
4427.91 5655.22
9428.25 5407.32
6940.33 9888.96
5694.22 5376.28
8104.85 7172.42
165.31 3986.54
354.58 2678.61
6485.38 6922.66
7558.98 5240.38
5169.33 1311.92
1689.01 2460.73
5527.35 9767.03
7208.1 2005.51
4591.17 9009.42
2709.69 8384.02
6128.56 2301.12
4039.24 720.33
7708.44 979.57
609.29 8566.18
1519.37 3877.66
5738.6 1684.68
3027.73 1256.7
9526.82 9513.11
3342.89 7085.8
9917.01 3675.74
3561.24 1606.02
1299.99 9088.6
6536.58 3671.62
6257.63 1127.75
2681.04 4130.84
9511.77 3973.12
6431.96 8714.53
4693.46 9303.93
4857.62 466.27
7870.11 6376.99
9507.46 8772.24
8061.68 2535.19
5192.46 2752.02
7211.82 8535.35
9837.82 7128.84
7374.62 3399.06
3898.38 8674.61
7651.18 434.96
2346.23 3908.82
1562.71 190.8
3203.18 6238
4163.92 4798.67
4952.53 4020.9
4102.6 4973.67
4487.18 7136.23
1350.67 9158.16
1071.99 4575.87
6856.87 6264.46
7327.89 4068.69
9963.33 2329.23
1197.53 7337.95
5728.29 5095.92
1176.09 8543
694.4 3522.32
7615.34 2257.12
3713.12 818.52
3658.64 7877.05
5617.19 8611.18
7061.47 4883.31
8748.37 6712.17
7183.07 99.04
5870.33 8255.06
4674.91 2727.2
9683.04 7166.32
1959.42 4809.9
9495.55 8320.47
2147.85 387.37
8579.91 8487.46
8930.37 9274.32
2009.79 1709.23
6694.96 5722.91
2527.75 353.6
8763.48 3308.47
4128.3 988.48
3355.3 2876.68
7700.65 538.37
8139.24 8734.51
3956.96 2814.16
1461.71 8803.52
5144 8584.65
3613.42 9803.08
6905.13 924.8
190.45 5485.04
9412.26 4284.34
4759.36 1422.05
5993.57 1454.32
2308.49 3684.84
6971.45 6235.49
2156.83 1099.75
7223.97 675.66
9139.95 4924.63
6377.55 7279.2
3659.14 334.51
5256.88 284.37
4301.56 400.88
8869.03 7914.98
203.96 5774.16
8839.78 5557.93
6422.72 3415.57
9842.27 1182.09
1.14 999.36
7799.93 2309.63
9847.73 9934.9
3708.65 7168.08
6198.18 932.62
7843.74 5338.13
1020.77 4221.3
2617.33 9843.43
4555.81 3037.73
5291.33 4020.89
3438.62 9323.88
1935.88 8806.1
261.56 5939.18
9527.56 6684.28
9354.75 4533.35
3029.89 9355.9
5532.72 5993.35
6829.05 543.97
5928.25 537.7
7712.05 2126.43
6633.85 5555.8
2628.09 2818.14
9777.1 408.94
2661.58 9496.43
3446.68 3116.43
3517.33 2048.82
2440.31 616.73
6018.44 2701.87
6555.91 5546
4549.67 1074.19
79.36 7579.57
5593.61 5612.08
3572.92 2422.66
1319.57 4664.69
8123.89 9031.62
1954.65 9921.26
4587.42 4582.74
2739.4 9528.04
4991.68 564.5
9024.48 8438.36
3680.93 7705.33
487.18 1284.76
8322.06 6505.63
9150.15 4877.97
7215.15 3699.83
5952.16 7294.51
1279.4 1545.77
8070.11 15.84
9131.96 9389.68
9844.05 2419.37
8421.31 1798.7
2340.63 8172.25
1544.96 5080.03
7700.3 6536.65
808.06 6724.78
138.53 4488.99
4430.11 5789.24
937.28 2752.17
7458.39 87.43
2793.66 4673.54
3787.26 3909.35
1968.06 230.18
5455.12 5201.69
5409.54 9750.6
4591.38 5253.6
2169.97 8176.21
2215.82 4510.6
6348.46 3760.79
4754.16 4048.76
297.44 5562.22
5937.06 435.97
5214.73 5530.69
6225.21 6152.01
3446.38 3683.6
6239.45 6240.05
3520.67 26.71
149.4 5488.73
5420.42 768.04
690.42 829.96
518.65 445.32
6083.56 7852.14
8621.53 3462.91
2362.75 4970
7223.7 7116.91
4182.28 7521.14
7842.65 119.35
3120.63 3057.38
813.56 4509.37
9209.4 4259.95
3356.49 612.37
5663.52 6877.16
5802.6 5812.92
7529.41 1223.02
1744.48 8219.84
2052.99 7426.65
8665.16 3300.07
5278.8 2450.22
6762.98 7641.55
7420.22 9150.2
9921.98 6766.02
6671.34 7764.63
6885.37 4955.5
5985.53 7698.94
4628.39 5194.93
7122.41 7984.88
970.82 2785.93
4862.05 6773.43
3762.37 7554.98
7996.45 5506.85
5774.82 5212.96
2933.51 9603.51
8513.04 3375.83
2053.73 439.54
6180.9 4637.47
9589.75 6102.88
1403.49 1424.61
9031.03 3452.39
1543.63 180.08
6314.85 6172.02
538.54 3437.26
4156.91 1509.36
1386.71 4182.48
8282.79 5149.08
1737.46 6279.25
5819.45 2675.81
1492.21 3916.48
7442.84 5168.77
7292.31 4660.09
5608.32 3473.21
9297.56 361.59
4739.61 5864.57
1786.2 8934.16
4480.48 8493.36
9114.25 5958.85
4665.38 9652.79
9396.11 3985.81
1162.15 5946.34
3331.81 9444.95
1095.42 232.8
887.72 2078.4
2908.61 7543.45
5994.88 5514.97
2712.23 8450.72
175.06 3484.07
1923.93 4636.14
9009.18 1827.07
5664.23 5958.9
761.23 144.72
4452.26 5039
6103.57 9117.65
4691.79 663.21
8266.98 1017.47
6609.55 1598.8
5625.94 2868.5
6995.12 6513.66
110.42 5067.25
9220.63 1268.82
582.22 7096.38
9719.54 757.28
5743.97 6807
556.94 4753.15
8634.07 6221.17
712.06 4558.82
1529.41 327.84
9597.83 7632.99
4609.01 9453.14
3459.72 2876
470.61 5232.79
9638.32 6096.55
3264.81 6633.44
7773.73 3375.23
1700.69 2157.89
4644.06 2282.91
9254.27 4363.6
8203.71 4998.25
1170.6 8760.65
4914.92 4968.19
145.34 5626.98
9527.02 1674.76
5954.83 9124.85
9307.75 563.84
8577.99 7930.99
8603.36 4212.13
3163.78 8241.68
5472.2 6428.6
38.64 3245.94
9803.83 1739.33
567.35 9611.41
9185.76 9821.62
9138.54 2552.99
9983.39 5472.66
6477.16 4898.32
440.86 6622.51
525.3 9967.88
8297.27 1643.65
4256.25 2768.54
7371.02 7997.76
699.53 5974.38
7373.41 9026.83
9379.59 2845.62
5455.43 9418.23
1255.08 422.79
6321.09 1822.43
5197.72 670.37
1644.05 4336.26
3223.37 6790.97
9808.93 9700.53
1689.29 249.79
1486.56 7378.11
5381.19 9783.83
4185.29 4800.96
7715.89 1556.31
7962.24 3578.94
2694.21 5335.66
2605.78 2073.8
8181.28 3224.73
6655.56 9436.36
3647.52 2976.65
1258.79 4008.77
3647.02 8066.36
8345.03 2033.91
20.85 8153.96
1734.45 1710.14
3567.27 8384.53
4251.78 4111.98
8168.37 8437.07
8912.94 1047.78
9993.38 6875.19
4626.73 2687.59
7374.37 7232.51
9924.92 5555.65
457.24 6580.48
155.53 9268.29
9557.13 6577.84
3277.06 8367.67
4644.2 6785.61
401.59 9828.58
103.1 7299.56
1538.72 3670.37
5684.09 5790.5
2945.88 9015.98
4227.57 1858.82
63.77 9384.47
3897.53 4690.5
7235.59 1271.9
7086.53 7160.51
1991.07 2707.29
3740.99 2146.6
1975.58 3298.12
8724.44 416.16
6829.31 8532.17
7201.78 7230.9
8360.75 7304.88
4530.46 5062.99
6138.77 214.56
853.5 9084.65
4394.06 244.59
6107 4457.83
4792.59 5168.05
4311.85 2028.18
6439.96 1398.38
9188.69 3594.55
4105.68 8093.2
5741.16 1244.78
6554.84 4465.6
6824.47 3384.15
8161.29 4026.25
615.06 6522.04
6494.65 309.04
1585.04 7796.94
523.6 7602.06
6881.6 81.19
3010.17 8152.12
4539.02 2966.28
3320.17 8850.88
4994.46 9760.13
5412.78 9346.67
3354.69 9518.46
7439.87 4259.37
5926.77 3994.71
3888.49 2751.24
2542.39 2049.79
1941.01 3157.45
8571.83 3599.18
3466.49 5320.39
1396.12 9153.62
2922.45 3441.24
9234.81 1096.15
1593.36 3773.83
4062.43 4913.54
7788.23 4220.42
9837.19 3201.02
3567.09 8355.4
7883 6170.49
2614.77 8973.29
5328.72 6503.27
6888.05 7871.11
8553.06 3992.58
6192.08 2288.41
7591.76 9658.58
7608.81 4151.41
3975.72 531.26
7592.65 3210.53
6790.93 4349.54
2147.88 853.37
9263.08 5099.64
5073.79 4263.79
8300.66 3804.4
2619.2 1347.18
9974.89 5233.97
5484 467.14
6900.76 2372.05
8338.25 617.34
6364.64 4530.34
2905.76 9119.92
9352.44 514.57
8434.85 3328.16
6209.35 1191.03
6538.69 3000.29
5540.57 3850.09
3853.66 9967.17
8949.73 8927.45
4230.96 2413.91
7895.37 6850.16
8924.62 7870.27
7247.66 4408.62
8337.41 4148.42
6780.67 1839.18
4765.77 8308.83
6369.52 7671.53
7428.76 885.48
3349.62 5863.61
4213.64 9558.97
2218.16 5915.85
2559.26 7758.73
9765.95 1576.44
7725.9 3879.2
5667.41 1956.87
6293.12 3562.79
3970.55 5217.74
1433.06 1218.21
9626.36 4933.99
530.16 1570.55
6773.17 459.45
5042.91 8306.22
8130.98 2471.67
9191.7 6644.12
3498.8 8568.87
6203.09 5716.97
4484.72 8762.36
8639.22 4250.67
5502.32 6365.13
3293.4 1169.74
3485.52 9586.52
4732.53 7456.07
9967.78 1329.11
8674.29 4757.66
6263.1 4367.97
1491.73 8199.79
4827.42 6534.64
6506.01 8121.92
4169.83 861.24
4766.04 2832.16
9430.11 969.13
3712.65 9078.35
4895.01 2351.87
8492.55 397.34
3880.52 1785.95
1567.08 7366.04
6535.99 1463.13
4822.12 6503.77
2792.24 8659.93
6424.95 9055.34
3027.9 7916.68
2418.65 3018.84
4451.33 8924.67
1140.76 8621.16
4949.43 5906.8
1453.32 9543.06
6875.93 5165.97
8621.41 6934.47
2681.37 7113.96
2495.33 6561.89
8899.91 9225.93
3927.94 5435.9
689.06 3913.58
7103.19 8644.82
7737.03 3528.14
2863.68 764.93
1444.83 5282.33
3783.77 5896.16
9370.52 88.05
9680.84 4319.95
5994.85 6297.69
3863.01 8034.3
6627.18 7647.95
132.29 9308.55
4761.91 2627.62
5870.45 3661.83
1853.55 4961.91
4261.25 7706.13
8875.49 1364.45
6350.95 6612.52
4892.59 9214.63
2540.97 1500.94
4496.97 1488.26
2560.62 3867.49
1576.31 2241.47
3350.97 2734.68
3702.68 2377.5
768.98 329.86
25.45 901.28
4801.94 4787.37
8692.42 672.39
3612.72 545.98
797.82 3037.49
3415.63 4836.83
4401.94 9766.59
1449.35 4458.06
4144.74 9153.84
5959 3805.23
5805.62 8519.63
7672.73 2545.45
5924.62 6187.22
5280.13 9627.3
8564.72 1212.63
5120.68 3753.7
2113.91 9922.62
3704.59 5969.86
5758.53 7317.31
1679.36 6556.35
354.8 5094.99
1393.18 9920.27
25.1 8006.05
4378.33 4169.85
2323.41 5500.85
7975.08 8129.03
4020.48 811.33
674.48 5108.62
6998.55 1118.13
4735.92 726.8
2330.77 5020.13
4480.5 9608.2
4942.75 8185.09
5578.06 5864.81
665.92 7257.42
7584.68 6184.24
2352.42 8977.87
1268.03 2377.52
2147.44 5646.36
1710.89 4470.86
6310.74 9685.98
7763.41 331.22
5660.83 3601.42
603.37 7822.91
4719.55 502.81
8549.71 7050.32
5522.94 8193.73
6658.53 5629.22
1542.34 7400.11
1494.03 7371.78
4657.54 9078.71
3556.02 2173.48
3220.1 9987.58
9714.52 5367.55
5633.94 1425.42
5001.93 1944.68
6274.92 7928.86
7439.43 1935.75
1530.28 3206.32
9758.66 6249.84
3709.13 8308.37
3300.16 9232.08
1665.62 5122.21
4861.3 8371.48
2522.33 1518.85
5743.26 2343.39
597.56 4462.81
4516.87 8981.19
4450.39 4231.39
9512.26 5247.85
5656.81 9677.71
2356.06 7095.25
7606.57 4959.01
9031.01 9136.86
8165.33 8789.67
5386.7 1874.46
2261.57 3850.38
6270.06 9090.71
8972.6 6294.88
7462.2 1494.93
7813.73 8368.98
3838.32 3574.82
7995.31 3518.71
2556.01 2445.7
7750.1 2068.27
2857.08 8570.44
1745.98 376.66
5665.69 9352.55
5335.67 9860.22
3652.93 8664.52
8649.9 9039.63
5702.5 6074.99
2890.02 1972.57
5165.7 1862.62
8267.45 7791.42
8521.07 1244.71
6160.41 7522.91
4819.53 9319.24
6205.14 2539.06
6928.47 3955.24
9770.85 9785.55
7689.2 1516.83
162.21 8518.42
6032.9 661.4
3542.16 9685.84
9325.92 2192.06
3888.99 5028.42
3430.57 6779.01
2164.51 3759.8
3805.15 5595.49
1551.22 7489.74
6840.2 2875.15
176.17 6823.25
2194.4 6381.31
9362.31 9122.87
336.56 9133.16
4071.94 3189.28
5813.51 4234.15
6871.22 7009.93
59.07 413.39
1859.29 9384.99
7768.97 5748.29
9576.93 1199.55
7690.82 6904.97
122.87 6659.5
2500.46 1674.09
4149.24 4504.18
9712.77 4325.42
1327.43 7070.69
706.73 5853.26
6193.56 6206.81
149.94 5429.02
4559.62 5963.45
4826.69 1430.84
8136.9 4885.76
1844.23 9996.2
9434.27 4776.73
908.01 4174.72
1139.8 3762.35
1079.69 1262.67
421.85 3580.15
8100.28 4571.1
3247.85 7813.05
4060.04 4575.28
4883.74 4766.77
428.54 6240.82
973.59 578.48
1669.84 5533.21
1705.45 6496.53
2127.57 5005.88
6545.81 9135.33
165.6 5980.08
3912.06 6237.13
154.81 5051.86
9999.48 6398.02
1478.05 421.34
5141.7 9578.33
155.96 8389.55
7391.39 4216
2964.84 7438.65
8982.77 8556.9
8843 5119.88
4298.91 512.84
5816.61 1167.88
2172.9 3107.71
6173.76 8718.71
2243.04 6339.36
9862.32 1318.62
2576.49 5180.65
1534 7739.5
1578.67 3012.05
8160.84 6720.37
2590.38 3480.32
273.45 5145.29
7696.32 3238.29
7747.47 1842.61
6958.71 6590.47
2126.02 6421.14
7103.31 3106.15
7589.03 4439.73
6213.86 8926.31
3158.45 3620.42
429.2 8184.29
102.56 8169.21
3364.94 1636.56
5908.71 107.13
4648.61 9233.07
1991.03 2402.52
2713.39 2264.48
2711.33 5573.23
666.29 458.8
2579.37 7625
7049.27 9868.91
4046.15 4152.59
2975.06 6798.7
3755.84 4352.45
5725.01 2077.81
7972.87 1317.73
262.1 3238.96
9486.95 8790.56
4875.52 5395.66
8897.7 4687.66
9792.26 6052.25
7090.18 7669.17
8316.73 4965.03
3242.41 8983.02
5423.84 985.3
1771.54 2473.11
854.21 981.21
1789.22 3829.27
7779.91 5545.07
3345.24 8668.45
7622.88 6481.64
9986.18 3048.51
9720.6 4636.65
1839.07 4596.12
32.32 5900.29
9283.78 4988.1
1952.54 1537.48
2657.27 5432.79
6502.52 1063.2
4415.81 7089.88
2048.5 6187.36
9562.99 2902.71
7168.57 6515.74
6731.99 112.01
2060.81 77.23
8780.46 4847.21
6558.87 3930.16
3059.24 1442.99
8566.82 61.84
6039.12 3762.66
5962.13 486.42
8750.76 3078.2
7187.43 6571.55
8510.99 8853.47
7634.76 8090.33
5943.35 9683.26
4277.69 669.86
2585.98 6609.78
7185.6 4481.49
1885.31 4409.93
9722.24 665.77
4420.67 1444.64
9759.46 7479.91
2887.63 8326.28
7541.75 8926.75
7252.46 8667.41
4576.7 1166.74
1745.61 1764.13
7738.29 5420.12
617.6 5373.05
3510.45 1724.47
5056.32 2951.66
2394.33 2805.82
4724.97 9579.94
7287.31 6610.28
3989.87 7009.55
2439.58 3574.06
8454.19 2199.04
1053.98 6505.35
5688.84 3759.25
5432.1 8104.82
2426.66 5172.32
9271.56 9335.79
6936.45 7009.85
4755.92 2717.57
7546.43 3429.89
4442.04 7766.27
1545.08 1999.9
572.09 6270.05
1579.84 7859.4
2880.33 733.23
32.47 483.43
4307.3 3650.19
2682.47 524.8
155.54 3534.83
4284.05 751.16
1639.65 6710.72
5923.49 911.21
6046.51 8023.46
3084.59 5965.95
5904.56 631.02
4559.37 346.6
8397.29 6104.45
2346.5 4132.9
2374.5 9089.86
1992.3 418.35
4986.62 7188.29
901.79 9293.92
838.48 8747.78
9818.72 994.02
2282.62 9266.29
6908.71 9085.79
5977.01 2832.2
9997.01 7187.05
6019.18 8245.12
8316.52 1923.74
4039.66 2875.89
7433.87 2436.95
8980.34 9780.37
1733.37 6518.36
4033.76 8889.19
6936.72 9020.38
6077.48 7838.51
3477.82 6915.97
1749.81 8460.06
3073.51 4032.43
7726.35 9982.22
3118.23 8866.89
7977.94 8278.76
1217.46 3997.13
1687.4 9533.98
5920.87 5727.06
2409.88 3354.74
3327.53 6553.74
8298.64 5060.9
3072.11 2332.4
3950.09 8.83
6516.3 27.57
3010.86 9994.12
2107.06 4760.67
8454.18 344.1
3956.63 6180.53
5489.84 2238.38
5047.42 8631.31
5680.66 1428.4
2628.44 7368.06
962.39 3712.83
3095.12 8535.79
2231.1 1586.17
5089.53 529.74
6647.07 3325.16
8025.66 597.16
8497.51 9705.48
5788.25 1508.37
9699.6 7895.32
1432.57 3317.3
3402.94 552.72
4661.35 8892.78
7954.62 9708.78
7524.09 3635.28
1137.18 5316.05
6166.86 7263.09
9028.89 4425.5
5798.88 6423.51
6011.67 6051.94
2116.77 2658.74
9377.1 142.43
8419.42 7874.62
5011.43 4207.67
4546.51 9874.55
7266.51 1142.6
3191.85 669.45
1695.32 7853.2
4725.76 4813.46
2725.5 2249.85
3612.26 9026.21
2729.43 9779.12
6289.3 6921.84
9368.14 7251.71
3345.35 5379.81
8467.17 5462.12
3202.07 7844.27
768.07 1621.49
882.41 5779.5
5829.17 592.45
5654.05 3095.68
1735.05 8845.9
8928.66 8593.9
1862.62 3654.42
3407.36 4588.13
1067.79 7019.63
3614.34 3797.22
1962.27 5067.16
719.06 1330.42
7482.39 4064.41
1873.75 5949.56
4690.05 5075.83
3793.84 5458.12
6697.32 9839.77
6401.14 7690.01
432.22 2055.19
785.7 7330.8
6064.61 9714.36
5924.7 7927.24
8532.3 4495.58
7678.89 9600.09
6678.73 6456.75
3397.32 8641.01
1523.91 4116.38
5134.95 4169.83
3344.32 7008.7
119.39 8034.37
2084.53 9076.75
3492.5 3945.38
8916.53 9893.64
1635.39 4512.27
7112.36 7584.61
1843.07 8340.49
2462.49 2931.29
1431.25 994.79
7426.88 9110.14
594.89 9269.13
5566.89 3992.21
3073.66 2254.33
3272.11 8208.61
6424.16 1779.95
380.84 1707.07
9814.33 7628.89
783.83 8470.35
1574.27 4863.88
3527.51 3209.67
9376.15 5803.39
5957.8 6382.75
4143.89 8420.3
9314.04 5575.14
9415.09 1904.44
9848.81 5173.5
1173.58 579.22
9165.71 4247.24
7997.07 7601.35
7619.38 9584.75
9381.3 8000.22
1291.83 4359.15
5629.11 2075.66
2829.5 7203.39
6939.54 1520.54
5576.58 1479.21
7323.93 1534.38
7861.96 6631.34
5118.2 2339.53
7370.01 9696.82
4243.97 7218.82
4870.32 5417.55
7798.04 9199.56
4828.32 958.64
6800.91 2447.7
543.39 1345.73
447.92 1835.22
5704.89 1240.55
9074.4 3697.91
8443.94 6013.94
5218.45 9184.04
7493.16 7705.91
5881.95 518.64
4337.25 1000.15
2858.17 1707.26
5860.49 7102.15
4089.6 730.82
7683.22 7051.17
9930.38 7675.06
8009.81 6731.29
122.76 8553.2
3240.54 5734.2
5551.95 8945.43
6974.76 4626.35
2643.35 582.22
5803.82 3025.32
4929.79 3296.98
731.23 811.74
8979.14 232.01
6975.41 1837.32
1939.27 7999.43
4102.99 1192.4
8730.25 6949.73
8243.57 8660.63
4624.8 6253.38
555.44 9911.08
9970.1 3795.98
808.81 5522.05
7904.94 2947.09
5311.93 548.29
8692.83 1115.75
3573.61 3622.62
9576.25 9468.37
9597.88 8555.39
9700.38 1736.82
5556.23 1639.65
9736.25 9659.22
2832.05 8466.5
1772.48 6239.14
2290.65 6397.28
2492.52 8009.61
1471.88 7626.15
6969.11 2280.69
8311.72 4874.05
391.3 3623.65
5422.34 9084.14
4739.4 4159.48
2706.76 4315.65
3627.85 7468.17
8034.57 3328.23
9204.99 3590.8
131.4 4104.76
8413.55 2963.46
2571.26 186.03
9202.6 25.43
1746.83 6858.65
8035.04 3218.71
9648.32 5004.15
662.93 7960.04
9878.21 1054.23
6747.22 464.07
138.37 1486.62
4623.55 8008.66
965.8 3414.92
5476.83 4163.89
6743.15 4681.82
7754.69 6874.56
8786.58 1331.76
5001.54 6521.36
1517.79 9367.66
1710.31 3264.62
1389.83 4908.87
1646.86 1038.15
9913.02 2309.79
4161.72 4954.75
8527.54 908.94
582.35 8665.92
7559.08 369.42
6674.58 3688.4
3784.35 2151.41
7852.29 5691.02
1996.75 770.51
2565.58 5946.85
7265.79 2730.64
2468.21 8783.59
2098.31 4178.52
7211.73 8651.66
9087.39 8858.59
9689.82 4163.93
6331.9 9015.06
4282.21 4859.45
9924 28.08
3525.37 2646.6
397.5 5363.47
6335.01 9345.37
2678.4 9350.82
5036.4 4675.15
5284.85 2765.5
622 2550.65
5496.15 8253.73
6497.76 2757.98
7595.77 3709.49
1409.64 1846.68
7731.61 6262.98
6010.61 9227.03
5278.04 5456.34
4086.48 365.56
647.94 2775.37
3012.17 1045.45
8138.84 4510.7
5554.34 817.24
9025.04 590.74
655.91 9473.42
3356.25 1277.91
2024.07 4015.92
9531.64 3685.35
6773.9 7127.41
2558.36 3347.06
8974.09 289.97
9610.05 148.23
9517.01 4888.09
768.09 8767.01
417.18 1416.04
1542.39 3429.35
7625.01 4844.75
3103.57 3179.35
825.52 2128.61
8933.62 6644.95
1602.03 7453.39
7922.87 8789.62
1469.31 2618.03
7638.49 3406.73
4908.97 196.86
6753.79 9046.58
486.83 1527.36
9194.81 5167.36
1578.98 5126.43
9097.9 1996.16
1705.99 5803.81
589.03 9331
5812.08 3692.6
7673.87 6637.6
984.73 6607.49
8446.08 7750.29
4060.88 6368.95
1703.43 693.71
4150.5 9341.93
4100.44 9059.47
9538.79 6017.76
3269.58 5189.14
7545.12 7627.91
5520.03 9124.1
2754.34 4617.93
1120.26 4460.33
421.74 1709.29
8954.85 6233.82
565.41 6628.73
8034.95 1550.15
3236.22 6481.03
4463.96 7297.11
8013.5 6167.39
7990.82 7327.52
5509.32 7254.79
1550.52 5048.11
3272.55 4820.1
5400.78 5981.19
2448.01 920.81
5105.3 5202.36
5538.74 1389.08
4826.21 5960.48
8261.9 3781.07
7357.82 3990.83
409.8 556.29
704.5 3646.02
2200.84 5168.46
6106.65 214.34
1335.86 9261
2705.39 2008.7
6515.79 4255.91
2220.34 4951.86
9076.01 7621.12
933.05 1524.02
8541.93 1201.87
1889.9 4080.67
2590.96 6716.12
5204.67 6016.38
497.19 7726.01
7.21 906.99
8282.31 711.72
9716.53 483.15
5880.18 5823.19
5861.02 2379.56
5084.19 8566.41
9551.79 6763.5
2822.32 1772.13
1715.36 1898.33
9393.25 2648.41
8585.87 7935.18
3850.29 475.78
7179.37 1604.77
7191.9 7547.56
7621.15 2852.61
5273.57 7628.36
8923.12 8719.4
3503.6 8639.65
9202.56 4547.31
9626.36 227.1
6926.87 4710.55
8793.51 1642.18
1474.05 1615.83
3414.31 8352.93
8677.68 2807.56
1001.35 2427.07
5906.26 4851.64
2902.85 8249.15
6456.41 5258.27
5796.71 9241.08
8110.88 6233.81
6869.44 7034
4953.21 5536.57
837.18 9319.29
83.88 463.54
9546.39 2174.27
337.62 8339.9
3816.46 6975.19
5119.25 7230.77
5328.13 8960.45
5201.86 1493
1387.53 6271.64
1508.16 4290.38
9684.32 3128.09
4712.18 644.55
2369.17 2823.06
6878.36 4402.13
5020.59 6995.1
9938.7 5857.77
6314.39 22.58
1484.83 5860.79
7360.38 1822.45
9364.21 1176.84
3961.17 9646.99
3571.13 4452.82
3770.96 8772.99
5945.82 5158.49
208.16 7453.98
4612.4 9892.48
582.07 9324.58
537.03 2951.24
7311.16 2578.92
2516.89 2331.75
4737.54 2455.6
3353.04 1051.93
7641.7 4837.88
2076.24 5002.08
1823.85 6603.98
1342.44 5785.02
6250.97 4913.58
237.84 5185.45
8850.09 1347.18
343.95 9058.25
8801.16 119.87
4114.25 4546.75
9444.45 9814.81
7497.99 6755.61
7557.25 5178.41
4250.89 2294.79
7634.01 7603.93
3346.72 439.23
2441.81 586.49
604.84 4265.67
2353.99 1947.28
5214.21 3768.48
6860.86 615.58
8953.93 874.48
1962.76 9297.88
9932.73 763.93
9417.75 9210.51
5310.68 4025.72
9025.32 7972.2
5944.86 6582.57
3150.61 195.75
4040.88 5948.14
7799.68 2551.12
1550.89 5405.02
3137.61 2155.73
4834.21 5491.6
4103.02 48.42
4423.6 6127.4
664 3377.54
2165.4 2626.77
2675.42 2098.14
8554.22 7256.7
6472.17 9028.42
6445.94 5497.49
2164.14 2390.8
7243.58 478.27
7750.07 1284.46
6426.41 713.28
3835.58 3140.83
6118.3 2136.72
5296.56 6116.03
2791.84 4563.1
6164.45 7215.45
5854.03 1991.98
592.99 8019.43
9782.27 8431.93
5281.09 8336.49
852.15 1753.26
2528.43 7298.1
2414.27 4692.58
9688.9 4821.37
5170.85 2602.5
6105.83 6760.79
3315.78 5104.94
9901.62 4597.6
7241.66 361.7
713.63 5197.02
4924.81 6878.08
2412.47 5942.36
4033.58 3005.46
3961.79 3815.85
6600.92 4406.41
7315.86 7453.07
6159.67 9844.3
4751.17 3737.47
4536.88 9603.6
8558.84 4871.25
2206.1 9828.2
1632.04 685.4
4933.14 6697.18
5283 7338.32
7058.89 5996.63
2535.34 7147.22
8038.23 111.34
3089.58 2071.82
8280.32 2214.89
1051.19 4881.24
1784.82 8367.06
2334.32 3108.02
3374.88 2249.01
6845.49 3075.28
7016.13 5404.33
7946.53 9222.23
5232.53 9578.58
9907.63 5329.19
1439.28 354.15
7831.03 8498.17
1514.3 5529.9
5645.39 9552.54
5641.24 3898.49
6787.88 3921.56
1276.91 3002.59
3966.33 3061.73
6533.17 1464.17
6169.75 9908.05
3713.18 8178.76
2983.33 729.32
8746.62 929.87
5115.07 9142.67
5671.97 186.23
4471.87 7111.25
5703.9 7466.42
772.95 7218.21
2996.32 6418.34
6770.75 8637.56
5480.36 8722.15
7722.65 1920.79
1724.74 6852.5
146.04 8257.92
8316.67 1479.32
3329.49 7193.37
9658.08 6312.83
3086.21 8404.7
2406.22 3364.81
7547.38 3241.71
8714.56 7182.77
352.96 4418.46
4649.19 1125.91
1636.67 7645.52
2707.78 3570.94
1446.6 3351.66
7456.61 9169.25
5272.45 9181.36
1185.27 582.01
2602.8 9501.94
2061.33 1095.81
1858.84 1719.42
2572.16 4945.05
5287.64 4978.38
8309.86 2835.02
8220.09 7024.42
5181.31 3736.58
6606.41 9830.51
4862.49 8243.08
7476.03 2733.79
1814.03 4086.15
6085.45 9270.64
8418.93 6521.42
3615.52 9604.2
7103.44 1381.84
4269.67 9164.77
7641.18 6128.51
6047.71 213.34
1073.56 1335.36
5191.73 4546.95
9333.9 8575.34
6734.89 4515.22
2311.92 3341.3
9509.25 2337.94
6747.91 2148.8
235.25 3725.46
6234.95 1484.23
2996.1 4653.88
8005.65 1775.15
9421.61 272.61
8320.51 3691.28
4600.91 5961.69
9819.79 5812.14
6175.04 6056.87
7147.5 6530.29
5767.34 1644.93
269.15 2502.24
1323.67 2581.08
1007.06 832.92
82.54 2918.49
2981.72 317.79
6643.95 4380.19
1802.02 4803.58
9034.08 4971.2
6578.73 8455.69
407.33 62.76
2146.97 5008.24
1187.98 7130.28
820.39 7363.02
3187.15 3131.41
9056.83 8954.5
9939.86 9325.98
6620.26 1263.53
7070.58 2790.84
7259.97 7153.12
5709.34 241.69
2634.44 2353.29
9785.41 9599.98
2320.39 8819.49
4571.18 4062.64
2438.7 4978.52
4125.41 9749.19
5150.28 5313.39
2042.99 5970.67
7839.93 5230.14
4265.61 6896.76
9348.16 4205.47
6222.74 1131.94
632.53 3293.33
9086.31 7892.5
5609.97 9959.17
3297.72 8244.41
7475.98 3083.13
7844.4 9796.38
7066.14 7579.1
3859.02 4668.36
7721.14 7984.43
9581.07 2871.43
8461.34 1624.06
4005.62 6301.27
2017.72 3434.75
3198.03 6529.41
7640.23 4584.3
2824.87 3436.28
3041.15 1911.18
1328.78 8651.12
1870.35 9790.02
2059.06 9346.34
2873.15 9903.46
4306.24 5102.81
2646.08 8165.26
9771.17 367.23
6149.7 9352.24
8402.18 4611.04
6139.82 7571.32
6075.84 8157.55
1006.08 4437.39
9850.48 3809.83
9021.69 2675.35
7246.11 2062.84
9750.06 3738.41
5877.49 6783.93
3528.44 7936.55
1293.79 6401.59
3003.53 5600.03
1504.41 813.13
3765.3 6439.1
6343.88 5078.52
954.87 4746.06
4853.08 7094.69
7480.91 928.92
415.76 8486.99
5366.32 266.24
7460.34 9551.53
8105.12 4706.45
6777.9 7855.18
8444.86 2655.39
4639.11 1973.3
5755.46 5932.91
3538.42 8758.99
6696.46 206.35
9572.12 461.76
6645.45 5916.01
5540.28 2763.84
5825.59 5556.89
9858.54 3306.5
1649.33 5437.82
6957.01 7015.65
5704.07 4417.35
1730.71 8972.71
4287.32 8508.61
6827.89 7895.71
6327.52 6630.52
9869.01 7246.5
7726.95 8570.95
6005.49 4423.42
8777.3 741.13
4885.18 586.28
1820.66 5588.99
3350.12 2809.78
6309.4 8372.18
1279.8 7958.73
